sample_id,pit_id,farm_id,crop_type,depth_cm,ph,moisture,temperature,ambient,dry_matter,label,label_source
PIT-001-S01,PIT-001,FARM-01,Corn Silage,20,4.45,56.4,37.8,29.3,43.65,Unsafe,AGRONOMIC_MULTIFACTOR_REFERENCE
PIT-001-S02,PIT-001,FARM-01,Corn Silage,80,4.27,56.2,36.6,30.0,43.82,Caution,AGRONOMIC_MULTIFACTOR_REFERENCE
PIT-001-S03,PIT-001,FARM-01,Corn Silage,20,4.33,57.6,34.8,28.4,42.42,Caution,AGRONOMIC_MULTIFACTOR_REFERENCE
PIT-001-S04,PIT-001,FARM-01,Corn Silage,20,4.42,53.2,33.6,27.4,46.84,Unsafe,AGRONOMIC_MULTIFACTOR_REFERENCE
PIT-001-S05,PIT-001,FARM-01,Corn Silage,20,4.27,57.2,33.4,28.0,42.83,Caution,AGRONOMIC_MULTIFACTOR_REFERENCE
PIT-001-S06,PIT-001,FARM-01,Corn Silage,40,4.54,56.2,33.7,28.8,43.81,Caution,AGRONOMIC_MULTIFACTOR_REFERENCE
PIT-001-S07,PIT-001,FARM-01,Corn Silage,40,4.29,56.8,34.7,27.8,43.2,Caution,AGRONOMIC_MULTIFACTOR_REFERENCE
PIT-001-S08,PIT-001,FARM-01,Corn Silage,20,4.32,56.1,37.2,28.3,43.92,Unsafe,AGRONOMIC_MULTIFACTOR_REFERENCE
PIT-001-S09,PIT-001,FARM-01,Corn Silage,40,4.36,54.7,34.6,29.4,45.3,Caution,AGRONOMIC_MULTIFACTOR_REFERENCE
PIT-001-S10,PIT-001,FARM-01,Corn Silage,80,4.33,53.1,33.6,27.7,46.93,Unsafe,AGRONOMIC_MULTIFACTOR_REFERENCE
PIT-001-S11,PIT-001,FARM-01,Corn Silage,40,4.45,56.9,34.8,28.7,43.09,Caution,AGRONOMIC_MULTIFACTOR_REFERENCE
PIT-001-S12,PIT-001,FARM-01,Corn Silage,80,4.12,55.3,35.2,28.4,44.7,Caution,AGRONOMIC_MULTIFACTOR_REFERENCE
PIT-001-S13,PIT-001,FARM-01,Corn Silage,60,4.37,53.4,34.7,29.0,46.57,Unsafe,AGRONOMIC_MULTIFACTOR_REFERENCE
PIT-001-S14,PIT-001,FARM-01,Corn Silage,20,4.31,57.7,37.5,29.6,42.3,Unsafe,AGRONOMIC_MULTIFACTOR_REFERENCE
PIT-001-S15,PIT-001,FARM-01,Corn Silage,40,4.26,56.0,36.6,29.0,43.96,Unsafe,AGRONOMIC_MULTIFACTOR_REFERENCE
PIT-001-S16,PIT-001,FARM-01,Corn Silage,80,4.24,56.3,32.2,27.9,43.73,Caution,AGRONOMIC_MULTIFACTOR_REFERENCE
PIT-001-S17,PIT-001,FARM-01,Corn Silage,60,4.43,59.0,35.9,28.7,40.96,Unsafe,AGRONOMIC_MULTIFACTOR_REFERENCE
PIT-001-S18,PIT-001,FARM-01,Corn Silage,60,4.37,55.4,36.8,29.1,44.56,Unsafe,AGRONOMIC_MULTIFACTOR_REFERENCE
PIT-001-S19,PIT-001,FARM-01,Corn Silage,40,4.36,59.4,34.1,26.7,40.58,Unsafe,AGRONOMIC_MULTIFACTOR_REFERENCE
PIT-001-S20,PIT-001,FARM-01,Corn Silage,40,4.37,56.1,33.1,28.8,43.94,Caution,AGRONOMIC_MULTIFACTOR_REFERENCE
PIT-001-S21,PIT-001,FARM-01,Corn Silage,60,4.3,57.2,35.5,29.9,42.76,Caution,AGRONOMIC_MULTIFACTOR_REFERENCE
PIT-001-S22,PIT-001,FARM-01,Corn Silage,20,4.29,55.7,36.7,29.5,44.3,Unsafe,AGRONOMIC_MULTIFACTOR_REFERENCE
PIT-001-S23,PIT-001,FARM-01,Corn Silage,20,4.33,57.5,36.8,28.8,42.48,Unsafe,AGRONOMIC_MULTIFACTOR_REFERENCE
PIT-001-S24,PIT-001,FARM-01,Corn Silage,80,4.22,56.0,32.5,28.5,43.99,Caution,AGRONOMIC_MULTIFACTOR_REFERENCE
PIT-001-S25,PIT-001,FARM-01,Corn Silage,20,4.43,57.1,35.4,28.8,42.93,Caution,AGRONOMIC_MULTIFACTOR_REFERENCE
PIT-001-S26,PIT-001,FARM-01,Corn Silage,60,4.16,55.8,33.7,28.5,44.16,Caution,AGRONOMIC_MULTIFACTOR_REFERENCE
PIT-001-S27,PIT-001,FARM-01,Corn Silage,60,4.31,57.3,36.5,30.3,42.67,Caution,AGRONOMIC_MULTIFACTOR_REFERENCE
PIT-001-S28,PIT-001,FARM-01,Corn Silage,60,4.36,56.5,33.3,27.2,43.53,Caution,AGRONOMIC_MULTIFACTOR_REFERENCE
PIT-001-S29,PIT-001,FARM-01,Corn Silage,20,4.4,61.0,35.8,28.6,38.97,Caution,AGRONOMIC_MULTIFACTOR_REFERENCE
PIT-001-S30,PIT-001,FARM-01,Corn Silage,80,4.3,54.5,36.2,29.7,45.5,Caution,AGRONOMIC_MULTIFACTOR_REFERENCE
PIT-001-S31,PIT-001,FARM-01,Corn Silage,20,4.48,55.0,35.2,29.9,45.04,Caution,AGRONOMIC_MULTIFACTOR_REFERENCE
PIT-001-S32,PIT-001,FARM-01,Corn Silage,80,4.37,60.5,33.0,28.0,39.46,Caution,AGRONOMIC_MULTIFACTOR_REFERENCE
PIT-001-S33,PIT-001,FARM-01,Corn Silage,20,4.4,55.7,34.5,27.5,44.31,Caution,AGRONOMIC_MULTIFACTOR_REFERENCE
PIT-001-S34,PIT-001,FARM-01,Corn Silage,60,4.2,57.5,35.8,28.0,42.55,Caution,AGRONOMIC_MULTIFACTOR_REFERENCE
PIT-001-S35,PIT-001,FARM-01,Corn Silage,60,4.24,56.0,34.1,29.4,43.98,Caution,AGRONOMIC_MULTIFACTOR_REFERENCE
PIT-001-S36,PIT-001,FARM-01,Corn Silage,40,4.39,59.0,34.2,27.5,41.05,Caution,AGRONOMIC_MULTIFACTOR_REFERENCE
PIT-001-S37,PIT-001,FARM-01,Corn Silage,20,4.42,58.0,33.2,27.8,41.99,Caution,AGRONOMIC_MULTIFACTOR_REFERENCE
PIT-001-S38,PIT-001,FARM-01,Corn Silage,20,4.45,57.1,36.2,29.0,42.87,Unsafe,AGRONOMIC_MULTIFACTOR_REFERENCE
PIT-001-S39,PIT-001,FARM-01,Corn Silage,40,4.28,57.0,34.7,29.0,42.98,Caution,AGRONOMIC_MULTIFACTOR_REFERENCE
PIT-001-S40,PIT-001,FARM-01,Corn Silage,60,4.55,57.5,34.6,27.8,42.55,Caution,AGRONOMIC_MULTIFACTOR_REFERENCE
PIT-002-S01,PIT-002,FARM-01,Hybrid Napier Grass,60,6.41,49.1,39.2,29.3,50.92,Unsafe,AGRONOMIC_MULTIFACTOR_REFERENCE
PIT-002-S02,PIT-002,FARM-01,Hybrid Napier Grass,60,6.65,48.4,41.9,29.0,51.6,Unsafe,AGRONOMIC_MULTIFACTOR_REFERENCE
PIT-002-S03,PIT-002,FARM-01,Hybrid Napier Grass,40,6.53,46.3,38.0,27.6,53.7,Unsafe,AGRONOMIC_MULTIFACTOR_REFERENCE
PIT-002-S04,PIT-002,FARM-01,Hybrid Napier Grass,60,6.52,48.3,40.3,28.6,51.73,Unsafe,AGRONOMIC_MULTIFACTOR_REFERENCE
PIT-002-S05,PIT-002,FARM-01,Hybrid Napier Grass,20,6.59,50.3,42.8,28.1,49.72,Unsafe,AGRONOMIC_MULTIFACTOR_REFERENCE
PIT-002-S06,PIT-002,FARM-01,Hybrid Napier Grass,40,6.64,46.1,39.3,27.5,53.88,Unsafe,AGRONOMIC_MULTIFACTOR_REFERENCE
PIT-002-S07,PIT-002,FARM-01,Hybrid Napier Grass,40,6.53,48.9,39.9,28.7,51.05,Unsafe,AGRONOMIC_MULTIFACTOR_REFERENCE
PIT-002-S08,PIT-002,FARM-01,Hybrid Napier Grass,40,6.46,44.9,40.2,28.0,55.07,Unsafe,AGRONOMIC_MULTIFACTOR_REFERENCE
PIT-002-S09,PIT-002,FARM-01,Hybrid Napier Grass,80,6.53,45.4,39.4,28.5,54.58,Unsafe,AGRONOMIC_MULTIFACTOR_REFERENCE
PIT-002-S10,PIT-002,FARM-01,Hybrid Napier Grass,80,6.4,47.9,37.6,28.4,52.06,Unsafe,AGRONOMIC_MULTIFACTOR_REFERENCE
PIT-002-S11,PIT-002,FARM-01,Hybrid Napier Grass,60,6.57,48.7,41.2,29.2,51.33,Unsafe,AGRONOMIC_MULTIFACTOR_REFERENCE
PIT-002-S12,PIT-002,FARM-01,Hybrid Napier Grass,40,6.4,46.0,40.6,28.8,54.03,Unsafe,AGRONOMIC_MULTIFACTOR_REFERENCE
PIT-002-S13,PIT-002,FARM-01,Hybrid Napier Grass,60,6.59,54.6,40.9,28.8,45.4,Unsafe,AGRONOMIC_MULTIFACTOR_REFERENCE
PIT-002-S14,PIT-002,FARM-01,Hybrid Napier Grass,20,6.71,48.8,40.6,28.1,51.17,Unsafe,AGRONOMIC_MULTIFACTOR_REFERENCE
PIT-002-S15,PIT-002,FARM-01,Hybrid Napier Grass,40,6.47,47.2,39.3,28.0,52.77,Unsafe,AGRONOMIC_MULTIFACTOR_REFERENCE
PIT-002-S16,PIT-002,FARM-01,Hybrid Napier Grass,20,6.87,44.3,38.8,28.9,55.7,Unsafe,AGRONOMIC_MULTIFACTOR_REFERENCE
PIT-002-S17,PIT-002,FARM-01,Hybrid Napier Grass,60,6.47,49.6,38.1,28.4,50.38,Unsafe,AGRONOMIC_MULTIFACTOR_REFERENCE
PIT-002-S18,PIT-002,FARM-01,Hybrid Napier Grass,80,6.42,48.9,38.4,27.8,51.12,Unsafe,AGRONOMIC_MULTIFACTOR_REFERENCE
PIT-002-S19,PIT-002,FARM-01,Hybrid Napier Grass,60,6.54,46.5,41.6,30.1,53.51,Unsafe,AGRONOMIC_MULTIFACTOR_REFERENCE
PIT-002-S20,PIT-002,FARM-01,Hybrid Napier Grass,20,6.35,48.0,40.4,27.8,52.0,Unsafe,AGRONOMIC_MULTIFACTOR_REFERENCE
PIT-002-S21,PIT-002,FARM-01,Hybrid Napier Grass,40,6.47,47.5,40.9,28.8,52.55,Unsafe,AGRONOMIC_MULTIFACTOR_REFERENCE
PIT-002-S22,PIT-002,FARM-01,Hybrid Napier Grass,60,6.39,47.1,38.1,28.0,52.94,Unsafe,AGRONOMIC_MULTIFACTOR_REFERENCE
PIT-002-S23,PIT-002,FARM-01,Hybrid Napier Grass,40,6.77,48.4,39.6,27.3,51.61,Unsafe,AGRONOMIC_MULTIFACTOR_REFERENCE
PIT-002-S24,PIT-002,FARM-01,Hybrid Napier Grass,80,6.76,49.5,37.0,27.1,50.48,Unsafe,AGRONOMIC_MULTIFACTOR_REFERENCE
PIT-002-S25,PIT-002,FARM-01,Hybrid Napier Grass,80,6.65,46.4,40.0,28.7,53.61,Unsafe,AGRONOMIC_MULTIFACTOR_REFERENCE
PIT-002-S26,PIT-002,FARM-01,Hybrid Napier Grass,80,6.39,47.6,35.1,25.8,52.45,Unsafe,AGRONOMIC_MULTIFACTOR_REFERENCE
PIT-002-S27,PIT-002,FARM-01,Hybrid Napier Grass,40,6.53,45.4,39.3,29.7,54.59,Unsafe,AGRONOMIC_MULTIFACTOR_REFERENCE
PIT-002-S28,PIT-002,FARM-01,Hybrid Napier Grass,60,6.48,47.9,38.8,29.5,52.1,Unsafe,AGRONOMIC_MULTIFACTOR_REFERENCE
PIT-002-S29,PIT-002,FARM-01,Hybrid Napier Grass,40,6.7,47.7,39.3,27.6,52.32,Unsafe,AGRONOMIC_MULTIFACTOR_REFERENCE
PIT-002-S30,PIT-002,FARM-01,Hybrid Napier Grass,40,6.59,46.6,39.2,28.4,53.42,Unsafe,AGRONOMIC_MULTIFACTOR_REFERENCE
PIT-002-S31,PIT-002,FARM-01,Hybrid Napier Grass,60,6.54,48.9,39.1,29.6,51.15,Unsafe,AGRONOMIC_MULTIFACTOR_REFERENCE
PIT-002-S32,PIT-002,FARM-01,Hybrid Napier Grass,80,6.76,44.1,39.3,28.2,55.85,Unsafe,AGRONOMIC_MULTIFACTOR_REFERENCE
PIT-002-S33,PIT-002,FARM-01,Hybrid Napier Grass,80,6.53,46.5,38.1,28.2,53.46,Unsafe,AGRONOMIC_MULTIFACTOR_REFERENCE
PIT-002-S34,PIT-002,FARM-01,Hybrid Napier Grass,60,6.46,49.2,38.7,28.6,50.81,Unsafe,AGRONOMIC_MULTIFACTOR_REFERENCE
PIT-002-S35,PIT-002,FARM-01,Hybrid Napier Grass,40,6.67,48.2,40.9,29.0,51.79,Unsafe,AGRONOMIC_MULTIFACTOR_REFERENCE
PIT-002-S36,PIT-002,FARM-01,Hybrid Napier Grass,40,6.46,46.7,40.9,29.0,53.35,Unsafe,AGRONOMIC_MULTIFACTOR_REFERENCE
PIT-002-S37,PIT-002,FARM-01,Hybrid Napier Grass,80,6.5,47.9,39.2,29.4,52.13,Unsafe,AGRONOMIC_MULTIFACTOR_REFERENCE
PIT-002-S38,PIT-002,FARM-01,Hybrid Napier Grass,20,6.66,47.3,41.0,28.2,52.7,Unsafe,AGRONOMIC_MULTIFACTOR_REFERENCE
PIT-002-S39,PIT-002,FARM-01,Hybrid Napier Grass,20,6.69,49.1,41.1,29.4,50.87,Unsafe,AGRONOMIC_MULTIFACTOR_REFERENCE
PIT-002-S40,PIT-002,FARM-01,Hybrid Napier Grass,20,6.67,47.1,40.1,28.6,52.9,Unsafe,AGRONOMIC_MULTIFACTOR_REFERENCE
PIT-003-S01,PIT-003,FARM-01,Sorghum (Jowar),80,3.82,65.8,30.0,27.3,34.19,Safe,AGRONOMIC_MULTIFACTOR_REFERENCE
PIT-003-S02,PIT-003,FARM-01,Sorghum (Jowar),60,3.72,62.6,30.5,28.9,37.44,Safe,AGRONOMIC_MULTIFACTOR_REFERENCE
PIT-003-S03,PIT-003,FARM-01,Sorghum (Jowar),20,3.98,65.9,28.5,28.0,34.13,Safe,AGRONOMIC_MULTIFACTOR_REFERENCE
PIT-003-S04,PIT-003,FARM-01,Sorghum (Jowar),20,3.91,63.5,30.1,28.7,36.48,Safe,AGRONOMIC_MULTIFACTOR_REFERENCE
PIT-003-S05,PIT-003,FARM-01,Sorghum (Jowar),60,3.74,64.2,28.4,28.3,35.84,Safe,AGRONOMIC_MULTIFACTOR_REFERENCE
PIT-003-S06,PIT-003,FARM-01,Sorghum (Jowar),60,3.74,65.2,28.4,28.2,34.82,Safe,AGRONOMIC_MULTIFACTOR_REFERENCE
PIT-003-S07,PIT-003,FARM-01,Sorghum (Jowar),20,3.85,65.2,26.8,26.8,34.84,Safe,AGRONOMIC_MULTIFACTOR_REFERENCE
PIT-003-S08,PIT-003,FARM-01,Sorghum (Jowar),60,3.76,64.4,30.6,28.2,35.64,Safe,AGRONOMIC_MULTIFACTOR_REFERENCE
PIT-003-S09,PIT-003,FARM-01,Sorghum (Jowar),80,3.92,64.5,27.2,27.9,35.55,Safe,AGRONOMIC_MULTIFACTOR_REFERENCE
PIT-003-S10,PIT-003,FARM-01,Sorghum (Jowar),40,3.87,64.2,28.5,28.2,35.78,Safe,AGRONOMIC_MULTIFACTOR_REFERENCE
PIT-003-S11,PIT-003,FARM-01,Sorghum (Jowar),80,3.88,67.5,28.7,27.9,32.5,Safe,AGRONOMIC_MULTIFACTOR_REFERENCE
PIT-003-S12,PIT-003,FARM-01,Sorghum (Jowar),20,3.99,64.0,29.7,28.1,35.98,Safe,AGRONOMIC_MULTIFACTOR_REFERENCE
PIT-003-S13,PIT-003,FARM-01,Sorghum (Jowar),60,3.85,63.4,29.3,28.0,36.65,Safe,AGRONOMIC_MULTIFACTOR_REFERENCE
PIT-003-S14,PIT-003,FARM-01,Sorghum (Jowar),40,4.05,66.5,30.0,29.7,33.53,Safe,AGRONOMIC_MULTIFACTOR_REFERENCE
PIT-003-S15,PIT-003,FARM-01,Sorghum (Jowar),20,4.01,65.1,30.4,29.7,34.93,Safe,AGRONOMIC_MULTIFACTOR_REFERENCE
PIT-003-S16,PIT-003,FARM-01,Sorghum (Jowar),60,3.74,63.7,26.4,26.3,36.34,Safe,AGRONOMIC_MULTIFACTOR_REFERENCE
PIT-003-S17,PIT-003,FARM-01,Sorghum (Jowar),40,3.78,65.0,31.5,28.2,34.99,Safe,AGRONOMIC_MULTIFACTOR_REFERENCE
PIT-003-S18,PIT-003,FARM-01,Sorghum (Jowar),40,3.99,63.7,28.9,27.2,36.3,Safe,AGRONOMIC_MULTIFACTOR_REFERENCE
PIT-003-S19,PIT-003,FARM-01,Sorghum (Jowar),60,3.68,68.0,29.1,28.9,31.96,Safe,AGRONOMIC_MULTIFACTOR_REFERENCE
PIT-003-S20,PIT-003,FARM-01,Sorghum (Jowar),40,3.67,67.2,30.4,27.9,32.82,Safe,AGRONOMIC_MULTIFACTOR_REFERENCE
PIT-003-S21,PIT-003,FARM-01,Sorghum (Jowar),20,3.71,63.7,29.6,28.0,36.34,Safe,AGRONOMIC_MULTIFACTOR_REFERENCE
PIT-003-S22,PIT-003,FARM-01,Sorghum (Jowar),60,3.79,65.9,27.7,27.1,34.14,Safe,AGRONOMIC_MULTIFACTOR_REFERENCE
PIT-003-S23,PIT-003,FARM-01,Sorghum (Jowar),80,3.83,65.7,27.7,28.5,34.33,Safe,AGRONOMIC_MULTIFACTOR_REFERENCE
PIT-003-S24,PIT-003,FARM-01,Sorghum (Jowar),20,3.72,67.0,29.0,28.2,32.96,Safe,AGRONOMIC_MULTIFACTOR_REFERENCE
PIT-003-S25,PIT-003,FARM-01,Sorghum (Jowar),20,4.09,65.0,30.5,28.9,35.05,Safe,AGRONOMIC_MULTIFACTOR_REFERENCE
PIT-003-S26,PIT-003,FARM-01,Sorghum (Jowar),60,4.09,67.9,29.6,27.8,32.1,Safe,AGRONOMIC_MULTIFACTOR_REFERENCE
PIT-003-S27,PIT-003,FARM-01,Sorghum (Jowar),60,3.92,67.2,28.7,27.2,32.79,Safe,AGRONOMIC_MULTIFACTOR_REFERENCE
PIT-003-S28,PIT-003,FARM-01,Sorghum (Jowar),40,4.0,61.6,25.9,27.0,38.42,Safe,AGRONOMIC_MULTIFACTOR_REFERENCE
PIT-003-S29,PIT-003,FARM-01,Sorghum (Jowar),20,3.87,66.0,30.8,29.2,33.97,Safe,AGRONOMIC_MULTIFACTOR_REFERENCE
PIT-003-S30,PIT-003,FARM-01,Sorghum (Jowar),40,4.07,62.3,27.7,26.6,37.74,Safe,AGRONOMIC_MULTIFACTOR_REFERENCE
PIT-003-S31,PIT-003,FARM-01,Sorghum (Jowar),20,3.95,64.7,27.8,26.3,35.32,Safe,AGRONOMIC_MULTIFACTOR_REFERENCE
PIT-003-S32,PIT-003,FARM-01,Sorghum (Jowar),20,3.75,65.9,28.8,28.3,34.05,Safe,AGRONOMIC_MULTIFACTOR_REFERENCE
PIT-003-S33,PIT-003,FARM-01,Sorghum (Jowar),80,3.75,62.8,29.3,27.9,37.16,Safe,AGRONOMIC_MULTIFACTOR_REFERENCE
PIT-003-S34,PIT-003,FARM-01,Sorghum (Jowar),20,3.78,65.6,28.2,27.5,34.35,Safe,AGRONOMIC_MULTIFACTOR_REFERENCE
PIT-003-S35,PIT-003,FARM-01,Sorghum (Jowar),40,3.86,62.9,27.4,27.5,37.12,Safe,AGRONOMIC_MULTIFACTOR_REFERENCE
PIT-003-S36,PIT-003,FARM-01,Sorghum (Jowar),40,4.11,64.8,28.8,27.4,35.19,Safe,AGRONOMIC_MULTIFACTOR_REFERENCE
PIT-003-S37,PIT-003,FARM-01,Sorghum (Jowar),80,3.8,64.3,29.6,28.5,35.66,Safe,AGRONOMIC_MULTIFACTOR_REFERENCE
PIT-003-S38,PIT-003,FARM-01,Sorghum (Jowar),40,3.81,63.7,26.4,27.7,36.29,Safe,AGRONOMIC_MULTIFACTOR_REFERENCE
PIT-003-S39,PIT-003,FARM-01,Sorghum (Jowar),60,3.66,67.2,29.8,29.3,32.8,Safe,AGRONOMIC_MULTIFACTOR_REFERENCE
PIT-003-S40,PIT-003,FARM-01,Sorghum (Jowar),80,3.88,65.3,32.0,30.4,34.7,Safe,AGRONOMIC_MULTIFACTOR_REFERENCE
PIT-004-S01,PIT-004,FARM-01,Lucerne Mix,60,6.64,48.1,38.1,24.7,51.89,Unsafe,AGRONOMIC_MULTIFACTOR_REFERENCE
PIT-004-S02,PIT-004,FARM-01,Lucerne Mix,80,6.53,47.3,37.0,25.5,52.73,Unsafe,AGRONOMIC_MULTIFACTOR_REFERENCE
PIT-004-S03,PIT-004,FARM-01,Lucerne Mix,80,6.83,51.4,40.3,26.0,48.58,Unsafe,AGRONOMIC_MULTIFACTOR_REFERENCE
PIT-004-S04,PIT-004,FARM-01,Lucerne Mix,20,6.72,48.3,41.7,27.2,51.72,Unsafe,AGRONOMIC_MULTIFACTOR_REFERENCE
PIT-004-S05,PIT-004,FARM-01,Lucerne Mix,40,6.56,49.5,37.3,25.3,50.51,Unsafe,AGRONOMIC_MULTIFACTOR_REFERENCE
PIT-004-S06,PIT-004,FARM-01,Lucerne Mix,40,6.79,53.3,39.0,24.9,46.73,Unsafe,AGRONOMIC_MULTIFACTOR_REFERENCE
PIT-004-S07,PIT-004,FARM-01,Lucerne Mix,20,6.63,49.0,38.5,25.5,51.05,Unsafe,AGRONOMIC_MULTIFACTOR_REFERENCE
PIT-004-S08,PIT-004,FARM-01,Lucerne Mix,60,6.66,48.3,39.3,26.2,51.67,Unsafe,AGRONOMIC_MULTIFACTOR_REFERENCE
PIT-004-S09,PIT-004,FARM-01,Lucerne Mix,20,6.68,48.2,40.3,25.5,51.8,Unsafe,AGRONOMIC_MULTIFACTOR_REFERENCE
PIT-004-S10,PIT-004,FARM-01,Lucerne Mix,40,6.74,48.1,40.4,26.1,51.93,Unsafe,AGRONOMIC_MULTIFACTOR_REFERENCE
PIT-004-S11,PIT-004,FARM-01,Lucerne Mix,40,6.48,50.8,39.6,25.5,49.19,Unsafe,AGRONOMIC_MULTIFACTOR_REFERENCE
PIT-004-S12,PIT-004,FARM-01,Lucerne Mix,20,6.62,46.6,38.7,24.7,53.42,Unsafe,AGRONOMIC_MULTIFACTOR_REFERENCE
PIT-004-S13,PIT-004,FARM-01,Lucerne Mix,20,6.74,48.2,38.6,26.5,51.8,Unsafe,AGRONOMIC_MULTIFACTOR_REFERENCE
PIT-004-S14,PIT-004,FARM-01,Lucerne Mix,20,6.7,47.6,39.5,25.5,52.35,Unsafe,AGRONOMIC_MULTIFACTOR_REFERENCE
PIT-004-S15,PIT-004,FARM-01,Lucerne Mix,40,6.58,49.1,39.7,26.8,50.86,Unsafe,AGRONOMIC_MULTIFACTOR_REFERENCE
PIT-004-S16,PIT-004,FARM-01,Lucerne Mix,20,6.81,47.8,41.9,26.4,52.2,Unsafe,AGRONOMIC_MULTIFACTOR_REFERENCE
PIT-004-S17,PIT-004,FARM-01,Lucerne Mix,20,6.42,48.4,40.2,26.5,51.61,Unsafe,AGRONOMIC_MULTIFACTOR_REFERENCE
PIT-004-S18,PIT-004,FARM-01,Lucerne Mix,60,6.7,48.7,39.0,26.1,51.26,Unsafe,AGRONOMIC_MULTIFACTOR_REFERENCE
PIT-004-S19,PIT-004,FARM-01,Lucerne Mix,20,6.85,50.3,39.7,26.3,49.71,Unsafe,AGRONOMIC_MULTIFACTOR_REFERENCE
PIT-004-S20,PIT-004,FARM-01,Lucerne Mix,40,6.62,49.1,39.4,26.3,50.95,Unsafe,AGRONOMIC_MULTIFACTOR_REFERENCE
PIT-004-S21,PIT-004,FARM-01,Lucerne Mix,60,6.69,53.6,39.5,26.7,46.44,Unsafe,AGRONOMIC_MULTIFACTOR_REFERENCE
PIT-004-S22,PIT-004,FARM-01,Lucerne Mix,80,6.77,49.1,36.0,24.4,50.91,Unsafe,AGRONOMIC_MULTIFACTOR_REFERENCE
PIT-004-S23,PIT-004,FARM-01,Lucerne Mix,40,6.46,49.2,41.4,26.0,50.8,Unsafe,AGRONOMIC_MULTIFACTOR_REFERENCE
PIT-004-S24,PIT-004,FARM-01,Lucerne Mix,40,6.72,49.4,37.8,26.7,50.57,Unsafe,AGRONOMIC_MULTIFACTOR_REFERENCE
PIT-004-S25,PIT-004,FARM-01,Lucerne Mix,80,6.65,51.2,38.8,24.8,48.78,Unsafe,AGRONOMIC_MULTIFACTOR_REFERENCE
PIT-004-S26,PIT-004,FARM-01,Lucerne Mix,40,6.72,49.1,42.5,26.5,50.92,Unsafe,AGRONOMIC_MULTIFACTOR_REFERENCE
PIT-004-S27,PIT-004,FARM-01,Lucerne Mix,80,6.64,50.3,37.4,25.6,49.72,Unsafe,AGRONOMIC_MULTIFACTOR_REFERENCE
PIT-004-S28,PIT-004,FARM-01,Lucerne Mix,80,6.72,48.3,38.3,26.0,51.71,Unsafe,AGRONOMIC_MULTIFACTOR_REFERENCE
PIT-004-S29,PIT-004,FARM-01,Lucerne Mix,40,6.74,50.4,39.8,26.8,49.57,Unsafe,AGRONOMIC_MULTIFACTOR_REFERENCE
PIT-004-S30,PIT-004,FARM-01,Lucerne Mix,20,6.68,48.1,40.0,25.6,51.93,Unsafe,AGRONOMIC_MULTIFACTOR_REFERENCE
PIT-004-S31,PIT-004,FARM-01,Lucerne Mix,20,6.8,48.2,42.1,26.7,51.83,Unsafe,AGRONOMIC_MULTIFACTOR_REFERENCE
PIT-004-S32,PIT-004,FARM-01,Lucerne Mix,80,6.67,53.2,36.7,25.4,46.79,Unsafe,AGRONOMIC_MULTIFACTOR_REFERENCE
PIT-004-S33,PIT-004,FARM-01,Lucerne Mix,60,6.44,52.5,39.6,26.5,47.48,Unsafe,AGRONOMIC_MULTIFACTOR_REFERENCE
PIT-004-S34,PIT-004,FARM-01,Lucerne Mix,80,6.66,47.8,40.8,27.9,52.2,Unsafe,AGRONOMIC_MULTIFACTOR_REFERENCE
PIT-004-S35,PIT-004,FARM-01,Lucerne Mix,80,6.64,51.1,39.4,26.4,48.86,Unsafe,AGRONOMIC_MULTIFACTOR_REFERENCE
PIT-004-S36,PIT-004,FARM-01,Lucerne Mix,80,6.53,50.7,41.7,27.5,49.32,Unsafe,AGRONOMIC_MULTIFACTOR_REFERENCE
PIT-004-S37,PIT-004,FARM-01,Lucerne Mix,20,6.9,48.9,39.0,25.2,51.09,Unsafe,AGRONOMIC_MULTIFACTOR_REFERENCE
PIT-004-S38,PIT-004,FARM-01,Lucerne Mix,20,6.72,51.8,40.3,24.6,48.2,Unsafe,AGRONOMIC_MULTIFACTOR_REFERENCE
PIT-004-S39,PIT-004,FARM-01,Lucerne Mix,20,6.69,49.1,37.3,25.2,50.94,Unsafe,AGRONOMIC_MULTIFACTOR_REFERENCE
PIT-004-S40,PIT-004,FARM-01,Lucerne Mix,80,6.72,50.0,36.3,25.0,50.04,Unsafe,AGRONOMIC_MULTIFACTOR_REFERENCE
PIT-005-S01,PIT-005,FARM-01,Corn Silage,80,4.57,72.1,25.1,23.2,27.92,Caution,AGRONOMIC_MULTIFACTOR_REFERENCE
PIT-005-S02,PIT-005,FARM-01,Corn Silage,40,4.64,68.6,25.5,21.2,31.42,Caution,AGRONOMIC_MULTIFACTOR_REFERENCE
PIT-005-S03,PIT-005,FARM-01,Corn Silage,20,4.67,70.3,30.9,24.9,29.67,Caution,AGRONOMIC_MULTIFACTOR_REFERENCE
PIT-005-S04,PIT-005,FARM-01,Corn Silage,80,4.58,67.1,29.1,25.5,32.92,Caution,AGRONOMIC_MULTIFACTOR_REFERENCE
PIT-005-S05,PIT-005,FARM-01,Corn Silage,20,4.7,69.0,28.2,23.6,30.97,Caution,AGRONOMIC_MULTIFACTOR_REFERENCE
PIT-005-S06,PIT-005,FARM-01,Corn Silage,20,4.63,68.1,27.5,23.4,31.91,Caution,AGRONOMIC_MULTIFACTOR_REFERENCE
PIT-005-S07,PIT-005,FARM-01,Corn Silage,20,4.61,69.3,29.6,23.2,30.73,Caution,AGRONOMIC_MULTIFACTOR_REFERENCE
PIT-005-S08,PIT-005,FARM-01,Corn Silage,20,4.38,71.0,26.9,24.4,28.96,Caution,AGRONOMIC_MULTIFACTOR_REFERENCE
PIT-005-S09,PIT-005,FARM-01,Corn Silage,40,4.63,68.4,25.8,22.3,31.59,Caution,AGRONOMIC_MULTIFACTOR_REFERENCE
PIT-005-S10,PIT-005,FARM-01,Corn Silage,40,4.54,72.2,29.9,24.2,27.77,Unsafe,AGRONOMIC_MULTIFACTOR_REFERENCE
PIT-005-S11,PIT-005,FARM-01,Corn Silage,80,4.7,67.0,27.1,23.0,32.96,Caution,AGRONOMIC_MULTIFACTOR_REFERENCE
PIT-005-S12,PIT-005,FARM-01,Corn Silage,80,4.46,70.4,26.3,23.2,29.64,Caution,AGRONOMIC_MULTIFACTOR_REFERENCE
PIT-005-S13,PIT-005,FARM-01,Corn Silage,80,4.7,69.9,27.9,23.1,30.13,Caution,AGRONOMIC_MULTIFACTOR_REFERENCE
PIT-005-S14,PIT-005,FARM-01,Corn Silage,40,4.54,70.2,27.9,23.9,29.82,Caution,AGRONOMIC_MULTIFACTOR_REFERENCE
PIT-005-S15,PIT-005,FARM-01,Corn Silage,80,4.65,66.8,27.5,24.1,33.18,Caution,AGRONOMIC_MULTIFACTOR_REFERENCE
PIT-005-S16,PIT-005,FARM-01,Corn Silage,20,4.64,71.0,26.0,22.8,29.04,Caution,AGRONOMIC_MULTIFACTOR_REFERENCE
PIT-005-S17,PIT-005,FARM-01,Corn Silage,40,4.48,70.2,28.7,22.4,29.83,Caution,AGRONOMIC_MULTIFACTOR_REFERENCE
PIT-005-S18,PIT-005,FARM-01,Corn Silage,80,4.36,72.1,27.0,23.6,27.87,Unsafe,AGRONOMIC_MULTIFACTOR_REFERENCE
PIT-005-S19,PIT-005,FARM-01,Corn Silage,20,4.63,69.8,29.3,23.4,30.21,Caution,AGRONOMIC_MULTIFACTOR_REFERENCE
PIT-005-S20,PIT-005,FARM-01,Corn Silage,80,4.62,69.3,26.6,23.1,30.65,Caution,AGRONOMIC_MULTIFACTOR_REFERENCE
PIT-005-S21,PIT-005,FARM-01,Corn Silage,60,4.68,66.0,27.1,22.3,34.0,Caution,AGRONOMIC_MULTIFACTOR_REFERENCE
PIT-005-S22,PIT-005,FARM-01,Corn Silage,80,4.63,68.7,27.3,23.4,31.26,Caution,AGRONOMIC_MULTIFACTOR_REFERENCE
PIT-005-S23,PIT-005,FARM-01,Corn Silage,60,4.58,67.7,26.4,23.6,32.33,Safe,AGRONOMIC_MULTIFACTOR_REFERENCE
PIT-005-S24,PIT-005,FARM-01,Corn Silage,80,4.66,66.0,28.3,24.2,33.99,Caution,AGRONOMIC_MULTIFACTOR_REFERENCE
PIT-005-S25,PIT-005,FARM-01,Corn Silage,80,4.64,70.8,29.4,24.7,29.16,Caution,AGRONOMIC_MULTIFACTOR_REFERENCE
PIT-005-S26,PIT-005,FARM-01,Corn Silage,40,4.45,66.8,27.3,22.9,33.23,Caution,AGRONOMIC_MULTIFACTOR_REFERENCE
PIT-005-S27,PIT-005,FARM-01,Corn Silage,40,4.73,67.8,27.1,23.6,32.23,Caution,AGRONOMIC_MULTIFACTOR_REFERENCE
PIT-005-S28,PIT-005,FARM-01,Corn Silage,60,4.57,66.5,25.1,22.7,33.46,Safe,AGRONOMIC_MULTIFACTOR_REFERENCE
PIT-005-S29,PIT-005,FARM-01,Corn Silage,40,4.55,71.0,29.9,22.6,29.03,Unsafe,AGRONOMIC_MULTIFACTOR_REFERENCE
PIT-005-S30,PIT-005,FARM-01,Corn Silage,20,4.76,69.4,28.2,22.7,30.59,Caution,AGRONOMIC_MULTIFACTOR_REFERENCE
PIT-005-S31,PIT-005,FARM-01,Corn Silage,20,4.63,69.3,30.1,25.4,30.71,Caution,AGRONOMIC_MULTIFACTOR_REFERENCE
PIT-005-S32,PIT-005,FARM-01,Corn Silage,60,4.78,67.8,29.3,23.4,32.19,Caution,AGRONOMIC_MULTIFACTOR_REFERENCE
PIT-005-S33,PIT-005,FARM-01,Corn Silage,20,4.63,72.3,28.1,24.0,27.66,Unsafe,AGRONOMIC_MULTIFACTOR_REFERENCE
PIT-005-S34,PIT-005,FARM-01,Corn Silage,20,4.78,70.8,26.9,23.9,29.17,Caution,AGRONOMIC_MULTIFACTOR_REFERENCE
PIT-005-S35,PIT-005,FARM-01,Corn Silage,80,4.52,68.6,27.6,23.3,31.37,Caution,AGRONOMIC_MULTIFACTOR_REFERENCE
PIT-005-S36,PIT-005,FARM-01,Corn Silage,40,4.69,66.7,28.7,23.7,33.33,Caution,AGRONOMIC_MULTIFACTOR_REFERENCE
PIT-005-S37,PIT-005,FARM-01,Corn Silage,20,4.77,71.0,29.3,24.1,28.98,Caution,AGRONOMIC_MULTIFACTOR_REFERENCE
PIT-005-S38,PIT-005,FARM-01,Corn Silage,20,4.69,66.1,28.7,23.7,33.91,Caution,AGRONOMIC_MULTIFACTOR_REFERENCE
PIT-005-S39,PIT-005,FARM-01,Corn Silage,40,4.7,66.8,28.0,22.5,33.22,Caution,AGRONOMIC_MULTIFACTOR_REFERENCE
PIT-005-S40,PIT-005,FARM-01,Corn Silage,20,4.7,70.3,28.2,23.4,29.7,Caution,AGRONOMIC_MULTIFACTOR_REFERENCE
PIT-006-S01,PIT-006,FARM-01,Hybrid Napier Grass,20,4.76,55.5,31.7,27.9,44.49,Caution,AGRONOMIC_MULTIFACTOR_REFERENCE
PIT-006-S02,PIT-006,FARM-01,Hybrid Napier Grass,80,4.51,55.9,30.6,28.0,44.12,Caution,AGRONOMIC_MULTIFACTOR_REFERENCE
PIT-006-S03,PIT-006,FARM-01,Hybrid Napier Grass,60,4.74,54.8,30.7,27.6,45.17,Caution,AGRONOMIC_MULTIFACTOR_REFERENCE
PIT-006-S04,PIT-006,FARM-01,Hybrid Napier Grass,60,4.76,56.8,30.5,28.6,43.21,Caution,AGRONOMIC_MULTIFACTOR_REFERENCE
PIT-006-S05,PIT-006,FARM-01,Hybrid Napier Grass,40,4.65,58.0,32.9,27.9,41.96,Caution,AGRONOMIC_MULTIFACTOR_REFERENCE
PIT-006-S06,PIT-006,FARM-01,Hybrid Napier Grass,60,4.53,59.0,32.7,29.6,41.02,Caution,AGRONOMIC_MULTIFACTOR_REFERENCE
PIT-006-S07,PIT-006,FARM-01,Hybrid Napier Grass,40,4.57,59.1,32.4,29.1,40.94,Caution,AGRONOMIC_MULTIFACTOR_REFERENCE
PIT-006-S08,PIT-006,FARM-01,Hybrid Napier Grass,60,4.54,55.9,29.2,26.7,44.07,Caution,AGRONOMIC_MULTIFACTOR_REFERENCE
PIT-006-S09,PIT-006,FARM-01,Hybrid Napier Grass,80,4.44,55.1,31.1,27.8,44.94,Caution,AGRONOMIC_MULTIFACTOR_REFERENCE
PIT-006-S10,PIT-006,FARM-01,Hybrid Napier Grass,40,4.81,54.6,32.3,28.6,45.36,Unsafe,AGRONOMIC_MULTIFACTOR_REFERENCE
PIT-006-S11,PIT-006,FARM-01,Hybrid Napier Grass,60,4.58,57.7,30.8,26.9,42.34,Caution,AGRONOMIC_MULTIFACTOR_REFERENCE
PIT-006-S12,PIT-006,FARM-01,Hybrid Napier Grass,80,4.58,57.3,33.8,28.0,42.67,Caution,AGRONOMIC_MULTIFACTOR_REFERENCE
PIT-006-S13,PIT-006,FARM-01,Hybrid Napier Grass,60,4.51,55.5,30.2,27.3,44.51,Caution,AGRONOMIC_MULTIFACTOR_REFERENCE
PIT-006-S14,PIT-006,FARM-01,Hybrid Napier Grass,20,4.57,58.6,32.6,28.9,41.42,Caution,AGRONOMIC_MULTIFACTOR_REFERENCE
PIT-006-S15,PIT-006,FARM-01,Hybrid Napier Grass,20,4.55,57.3,32.4,27.3,42.71,Caution,AGRONOMIC_MULTIFACTOR_REFERENCE
PIT-006-S16,PIT-006,FARM-01,Hybrid Napier Grass,80,4.58,53.7,34.1,29.0,46.29,Unsafe,AGRONOMIC_MULTIFACTOR_REFERENCE
PIT-006-S17,PIT-006,FARM-01,Hybrid Napier Grass,20,4.58,55.7,32.7,28.0,44.26,Caution,AGRONOMIC_MULTIFACTOR_REFERENCE
PIT-006-S18,PIT-006,FARM-01,Hybrid Napier Grass,20,4.73,60.1,31.1,27.6,39.94,Caution,AGRONOMIC_MULTIFACTOR_REFERENCE
PIT-006-S19,PIT-006,FARM-01,Hybrid Napier Grass,40,4.45,55.1,33.7,27.8,44.87,Caution,AGRONOMIC_MULTIFACTOR_REFERENCE
PIT-006-S20,PIT-006,FARM-01,Hybrid Napier Grass,60,4.53,56.8,32.6,27.8,43.16,Caution,AGRONOMIC_MULTIFACTOR_REFERENCE
PIT-006-S21,PIT-006,FARM-01,Hybrid Napier Grass,40,4.92,55.5,32.5,27.4,44.51,Unsafe,AGRONOMIC_MULTIFACTOR_REFERENCE
PIT-006-S22,PIT-006,FARM-01,Hybrid Napier Grass,60,4.67,59.8,31.4,28.3,40.24,Caution,AGRONOMIC_MULTIFACTOR_REFERENCE
PIT-006-S23,PIT-006,FARM-01,Hybrid Napier Grass,20,4.72,58.4,33.3,28.4,41.56,Caution,AGRONOMIC_MULTIFACTOR_REFERENCE
PIT-006-S24,PIT-006,FARM-01,Hybrid Napier Grass,40,4.75,58.5,33.5,28.9,41.45,Caution,AGRONOMIC_MULTIFACTOR_REFERENCE
PIT-006-S25,PIT-006,FARM-01,Hybrid Napier Grass,60,4.57,56.7,31.4,28.8,43.3,Caution,AGRONOMIC_MULTIFACTOR_REFERENCE
PIT-006-S26,PIT-006,FARM-01,Hybrid Napier Grass,60,4.63,55.7,32.7,27.8,44.27,Caution,AGRONOMIC_MULTIFACTOR_REFERENCE
PIT-006-S27,PIT-006,FARM-01,Hybrid Napier Grass,40,4.64,56.5,31.4,26.7,43.48,Caution,AGRONOMIC_MULTIFACTOR_REFERENCE
PIT-006-S28,PIT-006,FARM-01,Hybrid Napier Grass,80,4.64,60.3,30.9,27.5,39.67,Caution,AGRONOMIC_MULTIFACTOR_REFERENCE
PIT-006-S29,PIT-006,FARM-01,Hybrid Napier Grass,60,4.62,59.3,31.5,27.7,40.72,Caution,AGRONOMIC_MULTIFACTOR_REFERENCE
PIT-006-S30,PIT-006,FARM-01,Hybrid Napier Grass,20,4.72,56.8,32.0,27.4,43.22,Caution,AGRONOMIC_MULTIFACTOR_REFERENCE
PIT-006-S31,PIT-006,FARM-01,Hybrid Napier Grass,60,4.72,54.6,30.6,27.9,45.41,Caution,AGRONOMIC_MULTIFACTOR_REFERENCE
PIT-006-S32,PIT-006,FARM-01,Hybrid Napier Grass,20,4.79,53.7,32.1,27.3,46.3,Unsafe,AGRONOMIC_MULTIFACTOR_REFERENCE
PIT-006-S33,PIT-006,FARM-01,Hybrid Napier Grass,40,4.81,56.3,33.3,27.3,43.68,Unsafe,AGRONOMIC_MULTIFACTOR_REFERENCE
PIT-006-S34,PIT-006,FARM-01,Hybrid Napier Grass,60,4.42,52.5,31.1,28.1,47.52,Caution,AGRONOMIC_MULTIFACTOR_REFERENCE
PIT-006-S35,PIT-006,FARM-01,Hybrid Napier Grass,20,4.53,57.7,31.7,28.0,42.28,Caution,AGRONOMIC_MULTIFACTOR_REFERENCE
PIT-006-S36,PIT-006,FARM-01,Hybrid Napier Grass,20,4.5,58.0,32.5,28.3,41.99,Caution,AGRONOMIC_MULTIFACTOR_REFERENCE
PIT-006-S37,PIT-006,FARM-01,Hybrid Napier Grass,40,4.84,54.5,29.7,26.6,45.49,Unsafe,AGRONOMIC_MULTIFACTOR_REFERENCE
PIT-006-S38,PIT-006,FARM-01,Hybrid Napier Grass,60,4.58,56.9,31.5,27.6,43.12,Caution,AGRONOMIC_MULTIFACTOR_REFERENCE
PIT-006-S39,PIT-006,FARM-01,Hybrid Napier Grass,60,4.44,59.0,32.5,27.7,40.96,Caution,AGRONOMIC_MULTIFACTOR_REFERENCE
PIT-006-S40,PIT-006,FARM-01,Hybrid Napier Grass,40,4.66,57.3,32.7,28.2,42.74,Caution,AGRONOMIC_MULTIFACTOR_REFERENCE
PIT-007-S01,PIT-007,FARM-02,Sorghum (Jowar),20,4.54,71.7,32.4,24.7,28.32,Unsafe,AGRONOMIC_MULTIFACTOR_REFERENCE
PIT-007-S02,PIT-007,FARM-02,Sorghum (Jowar),20,4.45,71.9,32.9,24.0,28.12,Unsafe,AGRONOMIC_MULTIFACTOR_REFERENCE
PIT-007-S03,PIT-007,FARM-02,Sorghum (Jowar),80,4.37,66.7,29.6,24.6,33.28,Caution,AGRONOMIC_MULTIFACTOR_REFERENCE
PIT-007-S04,PIT-007,FARM-02,Sorghum (Jowar),60,4.5,68.1,28.2,24.2,31.88,Caution,AGRONOMIC_MULTIFACTOR_REFERENCE
PIT-007-S05,PIT-007,FARM-02,Sorghum (Jowar),20,4.41,64.9,31.0,23.2,35.07,Caution,AGRONOMIC_MULTIFACTOR_REFERENCE
PIT-007-S06,PIT-007,FARM-02,Sorghum (Jowar),20,4.56,70.1,30.6,23.7,29.94,Caution,AGRONOMIC_MULTIFACTOR_REFERENCE
PIT-007-S07,PIT-007,FARM-02,Sorghum (Jowar),60,4.4,67.2,32.8,25.7,32.79,Caution,AGRONOMIC_MULTIFACTOR_REFERENCE
PIT-007-S08,PIT-007,FARM-02,Sorghum (Jowar),40,4.4,69.3,29.0,24.7,30.66,Caution,AGRONOMIC_MULTIFACTOR_REFERENCE
PIT-007-S09,PIT-007,FARM-02,Sorghum (Jowar),60,4.37,68.1,29.5,23.7,31.94,Caution,AGRONOMIC_MULTIFACTOR_REFERENCE
PIT-007-S10,PIT-007,FARM-02,Sorghum (Jowar),40,4.65,70.4,31.2,24.1,29.55,Unsafe,AGRONOMIC_MULTIFACTOR_REFERENCE
PIT-007-S11,PIT-007,FARM-02,Sorghum (Jowar),80,4.54,71.0,29.6,24.6,29.04,Caution,AGRONOMIC_MULTIFACTOR_REFERENCE
PIT-007-S12,PIT-007,FARM-02,Sorghum (Jowar),80,4.46,70.0,31.7,25.2,30.0,Caution,AGRONOMIC_MULTIFACTOR_REFERENCE
PIT-007-S13,PIT-007,FARM-02,Sorghum (Jowar),20,4.59,68.3,32.7,25.6,31.67,Unsafe,AGRONOMIC_MULTIFACTOR_REFERENCE
PIT-007-S14,PIT-007,FARM-02,Sorghum (Jowar),20,4.71,68.1,33.0,25.9,31.95,Unsafe,AGRONOMIC_MULTIFACTOR_REFERENCE
PIT-007-S15,PIT-007,FARM-02,Sorghum (Jowar),20,4.38,68.4,31.6,24.3,31.58,Unsafe,AGRONOMIC_MULTIFACTOR_REFERENCE
PIT-007-S16,PIT-007,FARM-02,Sorghum (Jowar),40,4.49,68.3,33.4,24.5,31.74,Unsafe,AGRONOMIC_MULTIFACTOR_REFERENCE
PIT-007-S17,PIT-007,FARM-02,Sorghum (Jowar),20,4.67,70.1,31.6,24.5,29.92,Unsafe,AGRONOMIC_MULTIFACTOR_REFERENCE
PIT-007-S18,PIT-007,FARM-02,Sorghum (Jowar),60,4.48,67.5,28.6,24.3,32.55,Caution,AGRONOMIC_MULTIFACTOR_REFERENCE
PIT-007-S19,PIT-007,FARM-02,Sorghum (Jowar),40,4.48,70.5,32.4,24.1,29.54,Unsafe,AGRONOMIC_MULTIFACTOR_REFERENCE
PIT-007-S20,PIT-007,FARM-02,Sorghum (Jowar),80,4.22,66.7,31.6,24.7,33.34,Safe,AGRONOMIC_MULTIFACTOR_REFERENCE
PIT-007-S21,PIT-007,FARM-02,Sorghum (Jowar),40,4.63,68.5,31.9,25.4,31.53,Caution,AGRONOMIC_MULTIFACTOR_REFERENCE
PIT-007-S22,PIT-007,FARM-02,Sorghum (Jowar),20,4.44,70.9,30.2,25.0,29.12,Caution,AGRONOMIC_MULTIFACTOR_REFERENCE
PIT-007-S23,PIT-007,FARM-02,Sorghum (Jowar),60,4.58,71.8,30.6,24.0,28.22,Caution,AGRONOMIC_MULTIFACTOR_REFERENCE
PIT-007-S24,PIT-007,FARM-02,Sorghum (Jowar),60,4.46,69.8,29.5,24.1,30.24,Caution,AGRONOMIC_MULTIFACTOR_REFERENCE
PIT-007-S25,PIT-007,FARM-02,Sorghum (Jowar),20,4.46,71.4,31.5,24.9,28.6,Caution,AGRONOMIC_MULTIFACTOR_REFERENCE
PIT-007-S26,PIT-007,FARM-02,Sorghum (Jowar),60,4.49,64.2,29.6,25.4,35.84,Caution,AGRONOMIC_MULTIFACTOR_REFERENCE
PIT-007-S27,PIT-007,FARM-02,Sorghum (Jowar),40,4.39,67.3,31.3,23.5,32.72,Caution,AGRONOMIC_MULTIFACTOR_REFERENCE
PIT-007-S28,PIT-007,FARM-02,Sorghum (Jowar),40,4.38,69.9,31.5,24.5,30.08,Unsafe,AGRONOMIC_MULTIFACTOR_REFERENCE
PIT-007-S29,PIT-007,FARM-02,Sorghum (Jowar),20,4.47,67.0,31.7,25.3,33.02,Caution,AGRONOMIC_MULTIFACTOR_REFERENCE
PIT-007-S30,PIT-007,FARM-02,Sorghum (Jowar),60,4.21,68.5,32.8,25.7,31.48,Caution,AGRONOMIC_MULTIFACTOR_REFERENCE
PIT-007-S31,PIT-007,FARM-02,Sorghum (Jowar),80,4.33,68.7,32.3,24.3,31.34,Unsafe,AGRONOMIC_MULTIFACTOR_REFERENCE
PIT-007-S32,PIT-007,FARM-02,Sorghum (Jowar),40,4.48,70.1,32.1,25.3,29.93,Caution,AGRONOMIC_MULTIFACTOR_REFERENCE
PIT-007-S33,PIT-007,FARM-02,Sorghum (Jowar),40,4.4,68.9,30.9,24.5,31.06,Caution,AGRONOMIC_MULTIFACTOR_REFERENCE
PIT-007-S34,PIT-007,FARM-02,Sorghum (Jowar),40,4.52,69.4,31.5,25.1,30.61,Caution,AGRONOMIC_MULTIFACTOR_REFERENCE
PIT-007-S35,PIT-007,FARM-02,Sorghum (Jowar),40,4.44,65.7,32.1,25.2,34.3,Caution,AGRONOMIC_MULTIFACTOR_REFERENCE
PIT-007-S36,PIT-007,FARM-02,Sorghum (Jowar),80,4.49,64.1,31.8,26.2,35.92,Caution,AGRONOMIC_MULTIFACTOR_REFERENCE
PIT-007-S37,PIT-007,FARM-02,Sorghum (Jowar),20,4.59,67.4,30.8,25.0,32.58,Caution,AGRONOMIC_MULTIFACTOR_REFERENCE
PIT-007-S38,PIT-007,FARM-02,Sorghum (Jowar),40,4.36,72.7,31.1,24.4,27.26,Unsafe,AGRONOMIC_MULTIFACTOR_REFERENCE
PIT-007-S39,PIT-007,FARM-02,Sorghum (Jowar),60,4.51,70.2,31.2,24.6,29.82,Caution,AGRONOMIC_MULTIFACTOR_REFERENCE
PIT-007-S40,PIT-007,FARM-02,Sorghum (Jowar),80,4.66,69.2,31.6,24.7,30.81,Caution,AGRONOMIC_MULTIFACTOR_REFERENCE
PIT-008-S01,PIT-008,FARM-02,Lucerne Mix,80,6.65,82.4,33.1,26.3,17.57,Unsafe,AGRONOMIC_MULTIFACTOR_REFERENCE
PIT-008-S02,PIT-008,FARM-02,Lucerne Mix,40,6.77,78.2,34.0,26.1,21.77,Unsafe,AGRONOMIC_MULTIFACTOR_REFERENCE
PIT-008-S03,PIT-008,FARM-02,Lucerne Mix,40,6.57,80.9,35.3,26.1,19.11,Unsafe,AGRONOMIC_MULTIFACTOR_REFERENCE
PIT-008-S04,PIT-008,FARM-02,Lucerne Mix,80,6.71,81.1,34.7,25.6,18.89,Unsafe,AGRONOMIC_MULTIFACTOR_REFERENCE
PIT-008-S05,PIT-008,FARM-02,Lucerne Mix,60,6.69,78.1,35.5,26.3,21.91,Unsafe,AGRONOMIC_MULTIFACTOR_REFERENCE
PIT-008-S06,PIT-008,FARM-02,Lucerne Mix,60,6.51,82.8,34.2,25.7,17.23,Unsafe,AGRONOMIC_MULTIFACTOR_REFERENCE
PIT-008-S07,PIT-008,FARM-02,Lucerne Mix,40,6.55,80.3,32.2,24.9,19.68,Unsafe,AGRONOMIC_MULTIFACTOR_REFERENCE
PIT-008-S08,PIT-008,FARM-02,Lucerne Mix,40,6.77,78.8,31.5,25.0,21.23,Unsafe,AGRONOMIC_MULTIFACTOR_REFERENCE
PIT-008-S09,PIT-008,FARM-02,Lucerne Mix,20,6.53,77.9,37.4,27.1,22.08,Unsafe,AGRONOMIC_MULTIFACTOR_REFERENCE
PIT-008-S10,PIT-008,FARM-02,Lucerne Mix,40,6.49,84.4,35.0,26.6,15.65,Unsafe,AGRONOMIC_MULTIFACTOR_REFERENCE
PIT-008-S11,PIT-008,FARM-02,Lucerne Mix,80,6.22,84.4,30.9,24.7,15.58,Unsafe,AGRONOMIC_MULTIFACTOR_REFERENCE
PIT-008-S12,PIT-008,FARM-02,Lucerne Mix,60,6.67,84.7,35.9,26.9,15.31,Unsafe,AGRONOMIC_MULTIFACTOR_REFERENCE
PIT-008-S13,PIT-008,FARM-02,Lucerne Mix,60,6.62,81.8,35.1,26.4,18.17,Unsafe,AGRONOMIC_MULTIFACTOR_REFERENCE
PIT-008-S14,PIT-008,FARM-02,Lucerne Mix,20,6.62,80.2,34.1,25.2,19.82,Unsafe,AGRONOMIC_MULTIFACTOR_REFERENCE
PIT-008-S15,PIT-008,FARM-02,Lucerne Mix,60,6.34,80.1,32.2,25.0,19.88,Unsafe,AGRONOMIC_MULTIFACTOR_REFERENCE
PIT-008-S16,PIT-008,FARM-02,Lucerne Mix,60,6.57,82.8,33.2,26.6,17.2,Unsafe,AGRONOMIC_MULTIFACTOR_REFERENCE
PIT-008-S17,PIT-008,FARM-02,Lucerne Mix,80,6.4,82.0,32.8,25.0,18.01,Unsafe,AGRONOMIC_MULTIFACTOR_REFERENCE
PIT-008-S18,PIT-008,FARM-02,Lucerne Mix,60,6.61,78.6,32.8,25.9,21.45,Unsafe,AGRONOMIC_MULTIFACTOR_REFERENCE
PIT-008-S19,PIT-008,FARM-02,Lucerne Mix,20,6.53,80.9,34.2,24.6,19.13,Unsafe,AGRONOMIC_MULTIFACTOR_REFERENCE
PIT-008-S20,PIT-008,FARM-02,Lucerne Mix,20,6.6,81.3,36.7,26.0,18.71,Unsafe,AGRONOMIC_MULTIFACTOR_REFERENCE
PIT-008-S21,PIT-008,FARM-02,Lucerne Mix,60,6.56,79.5,34.9,25.9,20.48,Unsafe,AGRONOMIC_MULTIFACTOR_REFERENCE
PIT-008-S22,PIT-008,FARM-02,Lucerne Mix,40,6.58,80.4,33.3,25.3,19.63,Unsafe,AGRONOMIC_MULTIFACTOR_REFERENCE
PIT-008-S23,PIT-008,FARM-02,Lucerne Mix,60,6.38,83.4,32.5,24.8,16.55,Unsafe,AGRONOMIC_MULTIFACTOR_REFERENCE
PIT-008-S24,PIT-008,FARM-02,Lucerne Mix,20,6.52,81.9,36.2,25.6,18.09,Unsafe,AGRONOMIC_MULTIFACTOR_REFERENCE
PIT-008-S25,PIT-008,FARM-02,Lucerne Mix,20,6.52,80.8,36.7,25.2,19.2,Unsafe,AGRONOMIC_MULTIFACTOR_REFERENCE
PIT-008-S26,PIT-008,FARM-02,Lucerne Mix,80,6.37,80.9,34.8,26.3,19.15,Unsafe,AGRONOMIC_MULTIFACTOR_REFERENCE
PIT-008-S27,PIT-008,FARM-02,Lucerne Mix,60,6.52,80.1,34.1,25.9,19.94,Unsafe,AGRONOMIC_MULTIFACTOR_REFERENCE
PIT-008-S28,PIT-008,FARM-02,Lucerne Mix,60,6.66,84.3,32.3,25.4,15.72,Unsafe,AGRONOMIC_MULTIFACTOR_REFERENCE
PIT-008-S29,PIT-008,FARM-02,Lucerne Mix,80,6.51,84.9,35.0,25.2,15.06,Unsafe,AGRONOMIC_MULTIFACTOR_REFERENCE
PIT-008-S30,PIT-008,FARM-02,Lucerne Mix,20,6.81,79.3,37.3,26.3,20.7,Unsafe,AGRONOMIC_MULTIFACTOR_REFERENCE
PIT-008-S31,PIT-008,FARM-02,Lucerne Mix,80,6.47,79.9,32.2,25.4,20.07,Unsafe,AGRONOMIC_MULTIFACTOR_REFERENCE
PIT-008-S32,PIT-008,FARM-02,Lucerne Mix,40,6.5,78.1,33.8,25.9,21.91,Unsafe,AGRONOMIC_MULTIFACTOR_REFERENCE
PIT-008-S33,PIT-008,FARM-02,Lucerne Mix,60,6.57,77.5,35.4,26.1,22.5,Unsafe,AGRONOMIC_MULTIFACTOR_REFERENCE
PIT-008-S34,PIT-008,FARM-02,Lucerne Mix,20,6.37,81.0,34.7,26.8,19.03,Unsafe,AGRONOMIC_MULTIFACTOR_REFERENCE
PIT-008-S35,PIT-008,FARM-02,Lucerne Mix,80,6.72,81.1,33.2,25.3,18.95,Unsafe,AGRONOMIC_MULTIFACTOR_REFERENCE
PIT-008-S36,PIT-008,FARM-02,Lucerne Mix,20,6.67,80.4,34.4,26.3,19.57,Unsafe,AGRONOMIC_MULTIFACTOR_REFERENCE
PIT-008-S37,PIT-008,FARM-02,Lucerne Mix,40,6.6,77.8,33.5,25.7,22.25,Unsafe,AGRONOMIC_MULTIFACTOR_REFERENCE
PIT-008-S38,PIT-008,FARM-02,Lucerne Mix,60,6.46,82.5,35.8,26.7,17.48,Unsafe,AGRONOMIC_MULTIFACTOR_REFERENCE
PIT-008-S39,PIT-008,FARM-02,Lucerne Mix,80,6.38,79.7,34.9,26.8,20.27,Unsafe,AGRONOMIC_MULTIFACTOR_REFERENCE
PIT-008-S40,PIT-008,FARM-02,Lucerne Mix,20,6.88,81.0,34.8,26.0,19.0,Unsafe,AGRONOMIC_MULTIFACTOR_REFERENCE
PIT-009-S01,PIT-009,FARM-02,Corn Silage,60,6.66,78.3,41.2,29.8,21.67,Unsafe,AGRONOMIC_MULTIFACTOR_REFERENCE
PIT-009-S02,PIT-009,FARM-02,Corn Silage,80,6.51,76.2,38.2,27.7,23.79,Unsafe,AGRONOMIC_MULTIFACTOR_REFERENCE
PIT-009-S03,PIT-009,FARM-02,Corn Silage,60,6.51,74.7,42.6,29.5,25.27,Unsafe,AGRONOMIC_MULTIFACTOR_REFERENCE
PIT-009-S04,PIT-009,FARM-02,Corn Silage,80,6.61,80.1,39.1,29.3,19.88,Unsafe,AGRONOMIC_MULTIFACTOR_REFERENCE
PIT-009-S05,PIT-009,FARM-02,Corn Silage,60,6.75,78.1,40.1,29.4,21.91,Unsafe,AGRONOMIC_MULTIFACTOR_REFERENCE
PIT-009-S06,PIT-009,FARM-02,Corn Silage,40,6.59,80.4,39.0,29.1,19.61,Unsafe,AGRONOMIC_MULTIFACTOR_REFERENCE
PIT-009-S07,PIT-009,FARM-02,Corn Silage,40,6.73,77.0,40.0,29.2,23.01,Unsafe,AGRONOMIC_MULTIFACTOR_REFERENCE
PIT-009-S08,PIT-009,FARM-02,Corn Silage,80,6.74,79.5,40.0,29.2,20.54,Unsafe,AGRONOMIC_MULTIFACTOR_REFERENCE
PIT-009-S09,PIT-009,FARM-02,Corn Silage,80,6.78,79.6,37.7,29.2,20.39,Unsafe,AGRONOMIC_MULTIFACTOR_REFERENCE
PIT-009-S10,PIT-009,FARM-02,Corn Silage,40,6.54,78.1,39.3,28.7,21.94,Unsafe,AGRONOMIC_MULTIFACTOR_REFERENCE
PIT-009-S11,PIT-009,FARM-02,Corn Silage,60,6.65,79.6,40.0,29.1,20.44,Unsafe,AGRONOMIC_MULTIFACTOR_REFERENCE
PIT-009-S12,PIT-009,FARM-02,Corn Silage,80,6.62,75.1,38.2,28.4,24.95,Unsafe,AGRONOMIC_MULTIFACTOR_REFERENCE
PIT-009-S13,PIT-009,FARM-02,Corn Silage,20,6.55,79.7,42.9,30.4,20.31,Unsafe,AGRONOMIC_MULTIFACTOR_REFERENCE
PIT-009-S14,PIT-009,FARM-02,Corn Silage,60,6.61,81.3,39.3,29.3,18.71,Unsafe,AGRONOMIC_MULTIFACTOR_REFERENCE
PIT-009-S15,PIT-009,FARM-02,Corn Silage,60,6.57,78.1,39.4,28.9,21.94,Unsafe,AGRONOMIC_MULTIFACTOR_REFERENCE
PIT-009-S16,PIT-009,FARM-02,Corn Silage,40,6.69,78.6,41.6,29.5,21.39,Unsafe,AGRONOMIC_MULTIFACTOR_REFERENCE
PIT-009-S17,PIT-009,FARM-02,Corn Silage,80,6.72,75.9,38.1,27.2,24.06,Unsafe,AGRONOMIC_MULTIFACTOR_REFERENCE
PIT-009-S18,PIT-009,FARM-02,Corn Silage,60,6.48,78.2,36.6,28.3,21.8,Unsafe,AGRONOMIC_MULTIFACTOR_REFERENCE
PIT-009-S19,PIT-009,FARM-02,Corn Silage,80,6.67,80.0,35.8,28.7,20.03,Unsafe,AGRONOMIC_MULTIFACTOR_REFERENCE
PIT-009-S20,PIT-009,FARM-02,Corn Silage,80,6.54,79.3,38.2,28.0,20.69,Unsafe,AGRONOMIC_MULTIFACTOR_REFERENCE
PIT-009-S21,PIT-009,FARM-02,Corn Silage,80,6.61,79.7,38.2,29.3,20.35,Unsafe,AGRONOMIC_MULTIFACTOR_REFERENCE
PIT-009-S22,PIT-009,FARM-02,Corn Silage,40,6.81,78.3,38.9,29.2,21.68,Unsafe,AGRONOMIC_MULTIFACTOR_REFERENCE
PIT-009-S23,PIT-009,FARM-02,Corn Silage,80,6.56,77.0,40.9,29.1,22.98,Unsafe,AGRONOMIC_MULTIFACTOR_REFERENCE
PIT-009-S24,PIT-009,FARM-02,Corn Silage,40,6.5,75.7,40.9,30.4,24.3,Unsafe,AGRONOMIC_MULTIFACTOR_REFERENCE
PIT-009-S25,PIT-009,FARM-02,Corn Silage,20,6.62,80.5,41.9,28.7,19.52,Unsafe,AGRONOMIC_MULTIFACTOR_REFERENCE
PIT-009-S26,PIT-009,FARM-02,Corn Silage,60,6.72,77.7,40.6,30.9,22.27,Unsafe,AGRONOMIC_MULTIFACTOR_REFERENCE
PIT-009-S27,PIT-009,FARM-02,Corn Silage,60,6.73,79.1,42.3,30.2,20.85,Unsafe,AGRONOMIC_MULTIFACTOR_REFERENCE
PIT-009-S28,PIT-009,FARM-02,Corn Silage,20,6.7,77.3,40.0,29.6,22.75,Unsafe,AGRONOMIC_MULTIFACTOR_REFERENCE
PIT-009-S29,PIT-009,FARM-02,Corn Silage,40,6.91,78.9,39.9,28.9,21.15,Unsafe,AGRONOMIC_MULTIFACTOR_REFERENCE
PIT-009-S30,PIT-009,FARM-02,Corn Silage,60,6.48,76.9,39.8,30.2,23.14,Unsafe,AGRONOMIC_MULTIFACTOR_REFERENCE
PIT-009-S31,PIT-009,FARM-02,Corn Silage,40,6.54,79.6,41.7,30.1,20.43,Unsafe,AGRONOMIC_MULTIFACTOR_REFERENCE
PIT-009-S32,PIT-009,FARM-02,Corn Silage,40,6.79,77.2,40.5,28.1,22.75,Unsafe,AGRONOMIC_MULTIFACTOR_REFERENCE
PIT-009-S33,PIT-009,FARM-02,Corn Silage,40,6.63,78.2,41.6,30.3,21.84,Unsafe,AGRONOMIC_MULTIFACTOR_REFERENCE
PIT-009-S34,PIT-009,FARM-02,Corn Silage,20,6.75,82.5,40.9,28.7,17.49,Unsafe,AGRONOMIC_MULTIFACTOR_REFERENCE
PIT-009-S35,PIT-009,FARM-02,Corn Silage,20,6.71,79.1,42.1,30.4,20.91,Unsafe,AGRONOMIC_MULTIFACTOR_REFERENCE
PIT-009-S36,PIT-009,FARM-02,Corn Silage,40,6.73,80.5,38.7,28.9,19.46,Unsafe,AGRONOMIC_MULTIFACTOR_REFERENCE
PIT-009-S37,PIT-009,FARM-02,Corn Silage,80,6.48,75.1,39.6,30.8,24.93,Unsafe,AGRONOMIC_MULTIFACTOR_REFERENCE
PIT-009-S38,PIT-009,FARM-02,Corn Silage,20,6.67,78.1,41.5,29.4,21.89,Unsafe,AGRONOMIC_MULTIFACTOR_REFERENCE
PIT-009-S39,PIT-009,FARM-02,Corn Silage,80,6.71,77.6,39.3,29.1,22.44,Unsafe,AGRONOMIC_MULTIFACTOR_REFERENCE
PIT-009-S40,PIT-009,FARM-02,Corn Silage,80,6.58,81.5,40.4,29.6,18.5,Unsafe,AGRONOMIC_MULTIFACTOR_REFERENCE
PIT-010-S01,PIT-010,FARM-02,Hybrid Napier Grass,20,6.21,49.8,37.0,24.6,50.2,Unsafe,AGRONOMIC_MULTIFACTOR_REFERENCE
PIT-010-S02,PIT-010,FARM-02,Hybrid Napier Grass,20,6.18,46.5,38.5,24.0,53.48,Unsafe,AGRONOMIC_MULTIFACTOR_REFERENCE
PIT-010-S03,PIT-010,FARM-02,Hybrid Napier Grass,80,6.19,47.7,39.2,24.7,52.27,Unsafe,AGRONOMIC_MULTIFACTOR_REFERENCE
PIT-010-S04,PIT-010,FARM-02,Hybrid Napier Grass,40,6.13,52.4,36.4,24.9,47.63,Unsafe,AGRONOMIC_MULTIFACTOR_REFERENCE
PIT-010-S05,PIT-010,FARM-02,Hybrid Napier Grass,40,6.19,48.4,39.6,25.5,51.63,Unsafe,AGRONOMIC_MULTIFACTOR_REFERENCE
PIT-010-S06,PIT-010,FARM-02,Hybrid Napier Grass,80,6.02,45.5,36.0,24.3,54.52,Unsafe,AGRONOMIC_MULTIFACTOR_REFERENCE
PIT-010-S07,PIT-010,FARM-02,Hybrid Napier Grass,20,6.06,48.7,40.0,25.8,51.25,Unsafe,AGRONOMIC_MULTIFACTOR_REFERENCE
PIT-010-S08,PIT-010,FARM-02,Hybrid Napier Grass,40,5.96,48.5,38.1,25.4,51.51,Unsafe,AGRONOMIC_MULTIFACTOR_REFERENCE
PIT-010-S09,PIT-010,FARM-02,Hybrid Napier Grass,20,6.11,47.7,38.3,23.8,52.29,Unsafe,AGRONOMIC_MULTIFACTOR_REFERENCE
PIT-010-S10,PIT-010,FARM-02,Hybrid Napier Grass,80,6.03,48.4,35.9,23.7,51.56,Unsafe,AGRONOMIC_MULTIFACTOR_REFERENCE
PIT-010-S11,PIT-010,FARM-02,Hybrid Napier Grass,40,6.19,47.0,38.8,25.8,52.98,Unsafe,AGRONOMIC_MULTIFACTOR_REFERENCE
PIT-010-S12,PIT-010,FARM-02,Hybrid Napier Grass,80,6.07,49.4,34.0,23.3,50.63,Unsafe,AGRONOMIC_MULTIFACTOR_REFERENCE
PIT-010-S13,PIT-010,FARM-02,Hybrid Napier Grass,60,5.89,50.0,39.8,24.0,50.04,Unsafe,AGRONOMIC_MULTIFACTOR_REFERENCE
PIT-010-S14,PIT-010,FARM-02,Hybrid Napier Grass,80,5.97,48.0,40.5,25.7,51.98,Unsafe,AGRONOMIC_MULTIFACTOR_REFERENCE
PIT-010-S15,PIT-010,FARM-02,Hybrid Napier Grass,80,6.29,49.9,38.5,25.3,50.14,Unsafe,AGRONOMIC_MULTIFACTOR_REFERENCE
PIT-010-S16,PIT-010,FARM-02,Hybrid Napier Grass,80,6.13,46.7,36.4,23.8,53.3,Unsafe,AGRONOMIC_MULTIFACTOR_REFERENCE
PIT-010-S17,PIT-010,FARM-02,Hybrid Napier Grass,40,6.08,46.9,39.5,25.0,53.13,Unsafe,AGRONOMIC_MULTIFACTOR_REFERENCE
PIT-010-S18,PIT-010,FARM-02,Hybrid Napier Grass,80,6.05,50.3,35.9,23.5,49.65,Unsafe,AGRONOMIC_MULTIFACTOR_REFERENCE
PIT-010-S19,PIT-010,FARM-02,Hybrid Napier Grass,80,5.95,44.3,36.9,24.4,55.67,Unsafe,AGRONOMIC_MULTIFACTOR_REFERENCE
PIT-010-S20,PIT-010,FARM-02,Hybrid Napier Grass,60,6.25,48.8,38.7,23.6,51.18,Unsafe,AGRONOMIC_MULTIFACTOR_REFERENCE
PIT-010-S21,PIT-010,FARM-02,Hybrid Napier Grass,40,6.25,48.7,36.6,24.3,51.26,Unsafe,AGRONOMIC_MULTIFACTOR_REFERENCE
PIT-010-S22,PIT-010,FARM-02,Hybrid Napier Grass,60,6.03,49.6,40.7,25.9,50.35,Unsafe,AGRONOMIC_MULTIFACTOR_REFERENCE
PIT-010-S23,PIT-010,FARM-02,Hybrid Napier Grass,80,5.98,45.7,35.2,24.6,54.33,Unsafe,AGRONOMIC_MULTIFACTOR_REFERENCE
PIT-010-S24,PIT-010,FARM-02,Hybrid Napier Grass,40,6.14,47.4,35.7,24.1,52.58,Unsafe,AGRONOMIC_MULTIFACTOR_REFERENCE
PIT-010-S25,PIT-010,FARM-02,Hybrid Napier Grass,60,6.13,46.7,33.4,23.5,53.27,Unsafe,AGRONOMIC_MULTIFACTOR_REFERENCE
PIT-010-S26,PIT-010,FARM-02,Hybrid Napier Grass,80,6.04,50.9,37.9,25.8,49.12,Unsafe,AGRONOMIC_MULTIFACTOR_REFERENCE
PIT-010-S27,PIT-010,FARM-02,Hybrid Napier Grass,20,6.06,48.5,37.8,23.6,51.47,Unsafe,AGRONOMIC_MULTIFACTOR_REFERENCE
PIT-010-S28,PIT-010,FARM-02,Hybrid Napier Grass,60,6.16,49.9,37.2,24.4,50.1,Unsafe,AGRONOMIC_MULTIFACTOR_REFERENCE
PIT-010-S29,PIT-010,FARM-02,Hybrid Napier Grass,40,5.99,46.2,38.1,24.3,53.8,Unsafe,AGRONOMIC_MULTIFACTOR_REFERENCE
PIT-010-S30,PIT-010,FARM-02,Hybrid Napier Grass,60,6.18,46.2,38.4,25.6,53.76,Unsafe,AGRONOMIC_MULTIFACTOR_REFERENCE
PIT-010-S31,PIT-010,FARM-02,Hybrid Napier Grass,60,6.07,46.3,36.5,22.5,53.66,Unsafe,AGRONOMIC_MULTIFACTOR_REFERENCE
PIT-010-S32,PIT-010,FARM-02,Hybrid Napier Grass,60,6.16,47.2,38.1,24.5,52.82,Unsafe,AGRONOMIC_MULTIFACTOR_REFERENCE
PIT-010-S33,PIT-010,FARM-02,Hybrid Napier Grass,20,5.94,46.7,37.5,25.1,53.26,Unsafe,AGRONOMIC_MULTIFACTOR_REFERENCE
PIT-010-S34,PIT-010,FARM-02,Hybrid Napier Grass,40,6.14,45.2,38.2,24.8,54.75,Unsafe,AGRONOMIC_MULTIFACTOR_REFERENCE
PIT-010-S35,PIT-010,FARM-02,Hybrid Napier Grass,40,5.91,49.8,36.4,23.9,50.22,Unsafe,AGRONOMIC_MULTIFACTOR_REFERENCE
PIT-010-S36,PIT-010,FARM-02,Hybrid Napier Grass,40,6.12,49.8,37.1,23.6,50.24,Unsafe,AGRONOMIC_MULTIFACTOR_REFERENCE
PIT-010-S37,PIT-010,FARM-02,Hybrid Napier Grass,80,6.09,48.9,36.8,24.6,51.06,Unsafe,AGRONOMIC_MULTIFACTOR_REFERENCE
PIT-010-S38,PIT-010,FARM-02,Hybrid Napier Grass,40,6.0,47.8,33.8,23.6,52.16,Unsafe,AGRONOMIC_MULTIFACTOR_REFERENCE
PIT-010-S39,PIT-010,FARM-02,Hybrid Napier Grass,40,6.15,49.3,34.9,22.5,50.69,Unsafe,AGRONOMIC_MULTIFACTOR_REFERENCE
PIT-010-S40,PIT-010,FARM-02,Hybrid Napier Grass,20,6.2,51.4,37.5,24.5,48.61,Unsafe,AGRONOMIC_MULTIFACTOR_REFERENCE
PIT-011-S01,PIT-011,FARM-02,Sorghum (Jowar),80,3.85,66.0,22.3,22.1,33.96,Safe,AGRONOMIC_MULTIFACTOR_REFERENCE
PIT-011-S02,PIT-011,FARM-02,Sorghum (Jowar),20,3.9,61.8,26.8,22.7,38.15,Safe,AGRONOMIC_MULTIFACTOR_REFERENCE
PIT-011-S03,PIT-011,FARM-02,Sorghum (Jowar),80,3.91,63.1,21.8,22.4,36.89,Safe,AGRONOMIC_MULTIFACTOR_REFERENCE
PIT-011-S04,PIT-011,FARM-02,Sorghum (Jowar),80,3.98,63.4,27.1,22.5,36.58,Safe,AGRONOMIC_MULTIFACTOR_REFERENCE
PIT-011-S05,PIT-011,FARM-02,Sorghum (Jowar),20,4.0,62.2,25.9,22.3,37.79,Safe,AGRONOMIC_MULTIFACTOR_REFERENCE
PIT-011-S06,PIT-011,FARM-02,Sorghum (Jowar),60,3.91,61.0,24.1,23.4,39.03,Safe,AGRONOMIC_MULTIFACTOR_REFERENCE
PIT-011-S07,PIT-011,FARM-02,Sorghum (Jowar),60,4.12,65.5,25.2,22.3,34.49,Safe,AGRONOMIC_MULTIFACTOR_REFERENCE
PIT-011-S08,PIT-011,FARM-02,Sorghum (Jowar),80,3.88,65.1,23.2,23.0,34.9,Safe,AGRONOMIC_MULTIFACTOR_REFERENCE
PIT-011-S09,PIT-011,FARM-02,Sorghum (Jowar),80,3.79,65.4,23.0,22.4,34.58,Safe,AGRONOMIC_MULTIFACTOR_REFERENCE
PIT-011-S10,PIT-011,FARM-02,Sorghum (Jowar),40,3.81,64.3,25.0,24.3,35.67,Safe,AGRONOMIC_MULTIFACTOR_REFERENCE
PIT-011-S11,PIT-011,FARM-02,Sorghum (Jowar),80,3.87,66.1,24.2,22.6,33.9,Safe,AGRONOMIC_MULTIFACTOR_REFERENCE
PIT-011-S12,PIT-011,FARM-02,Sorghum (Jowar),40,3.8,64.3,25.5,22.5,35.67,Safe,AGRONOMIC_MULTIFACTOR_REFERENCE
PIT-011-S13,PIT-011,FARM-02,Sorghum (Jowar),60,4.04,68.2,25.0,23.1,31.78,Safe,AGRONOMIC_MULTIFACTOR_REFERENCE
PIT-011-S14,PIT-011,FARM-02,Sorghum (Jowar),80,3.89,62.9,23.7,22.9,37.07,Safe,AGRONOMIC_MULTIFACTOR_REFERENCE
PIT-011-S15,PIT-011,FARM-02,Sorghum (Jowar),80,3.89,65.9,24.2,21.8,34.07,Safe,AGRONOMIC_MULTIFACTOR_REFERENCE
PIT-011-S16,PIT-011,FARM-02,Sorghum (Jowar),20,4.12,63.4,22.6,20.9,36.65,Safe,AGRONOMIC_MULTIFACTOR_REFERENCE
PIT-011-S17,PIT-011,FARM-02,Sorghum (Jowar),80,4.02,63.5,22.4,21.8,36.48,Safe,AGRONOMIC_MULTIFACTOR_REFERENCE
PIT-011-S18,PIT-011,FARM-02,Sorghum (Jowar),60,4.0,64.5,23.5,22.4,35.45,Safe,AGRONOMIC_MULTIFACTOR_REFERENCE
PIT-011-S19,PIT-011,FARM-02,Sorghum (Jowar),80,3.82,61.9,24.7,23.9,38.1,Safe,AGRONOMIC_MULTIFACTOR_REFERENCE
PIT-011-S20,PIT-011,FARM-02,Sorghum (Jowar),40,4.08,66.3,24.9,23.4,33.7,Safe,AGRONOMIC_MULTIFACTOR_REFERENCE
PIT-011-S21,PIT-011,FARM-02,Sorghum (Jowar),80,3.92,63.5,23.4,21.9,36.48,Safe,AGRONOMIC_MULTIFACTOR_REFERENCE
PIT-011-S22,PIT-011,FARM-02,Sorghum (Jowar),40,3.79,65.7,24.4,22.3,34.3,Safe,AGRONOMIC_MULTIFACTOR_REFERENCE
PIT-011-S23,PIT-011,FARM-02,Sorghum (Jowar),20,3.99,63.1,24.9,23.1,36.9,Safe,AGRONOMIC_MULTIFACTOR_REFERENCE
PIT-011-S24,PIT-011,FARM-02,Sorghum (Jowar),80,3.97,61.1,26.0,22.7,38.86,Safe,AGRONOMIC_MULTIFACTOR_REFERENCE
PIT-011-S25,PIT-011,FARM-02,Sorghum (Jowar),20,3.84,62.3,25.5,23.0,37.66,Safe,AGRONOMIC_MULTIFACTOR_REFERENCE
PIT-011-S26,PIT-011,FARM-02,Sorghum (Jowar),20,4.0,64.4,26.7,23.1,35.56,Safe,AGRONOMIC_MULTIFACTOR_REFERENCE
PIT-011-S27,PIT-011,FARM-02,Sorghum (Jowar),80,3.92,63.1,26.4,23.2,36.87,Safe,AGRONOMIC_MULTIFACTOR_REFERENCE
PIT-011-S28,PIT-011,FARM-02,Sorghum (Jowar),40,3.91,61.8,25.3,23.5,38.19,Safe,AGRONOMIC_MULTIFACTOR_REFERENCE
PIT-011-S29,PIT-011,FARM-02,Sorghum (Jowar),80,3.61,65.1,23.2,22.2,34.91,Safe,AGRONOMIC_MULTIFACTOR_REFERENCE
PIT-011-S30,PIT-011,FARM-02,Sorghum (Jowar),40,3.97,63.9,24.6,23.2,36.09,Safe,AGRONOMIC_MULTIFACTOR_REFERENCE
PIT-011-S31,PIT-011,FARM-02,Sorghum (Jowar),20,4.02,63.1,26.2,23.2,36.9,Safe,AGRONOMIC_MULTIFACTOR_REFERENCE
PIT-011-S32,PIT-011,FARM-02,Sorghum (Jowar),60,3.79,65.5,24.6,22.2,34.48,Safe,AGRONOMIC_MULTIFACTOR_REFERENCE
PIT-011-S33,PIT-011,FARM-02,Sorghum (Jowar),80,3.91,66.9,23.2,22.4,33.13,Safe,AGRONOMIC_MULTIFACTOR_REFERENCE
PIT-011-S34,PIT-011,FARM-02,Sorghum (Jowar),60,3.9,63.0,23.0,23.3,36.98,Safe,AGRONOMIC_MULTIFACTOR_REFERENCE
PIT-011-S35,PIT-011,FARM-02,Sorghum (Jowar),40,3.8,61.6,27.2,23.4,38.36,Safe,AGRONOMIC_MULTIFACTOR_REFERENCE
PIT-011-S36,PIT-011,FARM-02,Sorghum (Jowar),80,3.86,63.3,25.1,22.7,36.74,Safe,AGRONOMIC_MULTIFACTOR_REFERENCE
PIT-011-S37,PIT-011,FARM-02,Sorghum (Jowar),60,3.79,64.0,25.5,23.4,36.01,Safe,AGRONOMIC_MULTIFACTOR_REFERENCE
PIT-011-S38,PIT-011,FARM-02,Sorghum (Jowar),60,3.92,65.4,22.7,20.5,34.64,Safe,AGRONOMIC_MULTIFACTOR_REFERENCE
PIT-011-S39,PIT-011,FARM-02,Sorghum (Jowar),80,3.79,60.3,25.7,23.0,39.73,Safe,AGRONOMIC_MULTIFACTOR_REFERENCE
PIT-011-S40,PIT-011,FARM-02,Sorghum (Jowar),60,3.88,65.3,26.9,23.9,34.72,Safe,AGRONOMIC_MULTIFACTOR_REFERENCE
PIT-012-S01,PIT-012,FARM-02,Lucerne Mix,60,6.69,76.6,36.3,29.6,23.39,Unsafe,AGRONOMIC_MULTIFACTOR_REFERENCE
PIT-012-S02,PIT-012,FARM-02,Lucerne Mix,40,6.49,73.8,39.9,31.2,26.25,Unsafe,AGRONOMIC_MULTIFACTOR_REFERENCE
PIT-012-S03,PIT-012,FARM-02,Lucerne Mix,20,6.57,76.3,40.7,29.5,23.74,Unsafe,AGRONOMIC_MULTIFACTOR_REFERENCE
PIT-012-S04,PIT-012,FARM-02,Lucerne Mix,20,6.48,75.6,36.7,28.9,24.38,Unsafe,AGRONOMIC_MULTIFACTOR_REFERENCE
PIT-012-S05,PIT-012,FARM-02,Lucerne Mix,20,6.48,75.2,37.7,29.1,24.8,Unsafe,AGRONOMIC_MULTIFACTOR_REFERENCE
PIT-012-S06,PIT-012,FARM-02,Lucerne Mix,40,6.35,75.1,38.0,28.3,24.88,Unsafe,AGRONOMIC_MULTIFACTOR_REFERENCE
PIT-012-S07,PIT-012,FARM-02,Lucerne Mix,40,6.53,72.6,37.3,29.2,27.35,Unsafe,AGRONOMIC_MULTIFACTOR_REFERENCE
PIT-012-S08,PIT-012,FARM-02,Lucerne Mix,20,6.59,77.7,37.4,28.0,22.32,Unsafe,AGRONOMIC_MULTIFACTOR_REFERENCE
PIT-012-S09,PIT-012,FARM-02,Lucerne Mix,40,6.5,76.5,37.7,29.7,23.52,Unsafe,AGRONOMIC_MULTIFACTOR_REFERENCE
PIT-012-S10,PIT-012,FARM-02,Lucerne Mix,40,6.48,73.8,39.3,30.4,26.16,Unsafe,AGRONOMIC_MULTIFACTOR_REFERENCE
PIT-012-S11,PIT-012,FARM-02,Lucerne Mix,40,6.75,75.2,36.1,28.9,24.84,Unsafe,AGRONOMIC_MULTIFACTOR_REFERENCE
PIT-012-S12,PIT-012,FARM-02,Lucerne Mix,80,6.25,72.4,38.4,29.7,27.58,Unsafe,AGRONOMIC_MULTIFACTOR_REFERENCE
PIT-012-S13,PIT-012,FARM-02,Lucerne Mix,20,6.36,76.9,38.6,29.1,23.12,Unsafe,AGRONOMIC_MULTIFACTOR_REFERENCE
PIT-012-S14,PIT-012,FARM-02,Lucerne Mix,40,6.72,76.9,37.2,29.3,23.12,Unsafe,AGRONOMIC_MULTIFACTOR_REFERENCE
PIT-012-S15,PIT-012,FARM-02,Lucerne Mix,80,6.2,74.0,36.3,29.3,26.02,Unsafe,AGRONOMIC_MULTIFACTOR_REFERENCE
PIT-012-S16,PIT-012,FARM-02,Lucerne Mix,60,6.48,75.4,37.1,29.3,24.59,Unsafe,AGRONOMIC_MULTIFACTOR_REFERENCE
PIT-012-S17,PIT-012,FARM-02,Lucerne Mix,60,6.51,76.1,38.7,28.6,23.93,Unsafe,AGRONOMIC_MULTIFACTOR_REFERENCE
PIT-012-S18,PIT-012,FARM-02,Lucerne Mix,40,6.51,75.3,39.2,30.1,24.7,Unsafe,AGRONOMIC_MULTIFACTOR_REFERENCE
PIT-012-S19,PIT-012,FARM-02,Lucerne Mix,20,6.67,75.8,38.7,29.0,24.21,Unsafe,AGRONOMIC_MULTIFACTOR_REFERENCE
PIT-012-S20,PIT-012,FARM-02,Lucerne Mix,40,6.39,75.5,38.1,29.5,24.53,Unsafe,AGRONOMIC_MULTIFACTOR_REFERENCE
PIT-012-S21,PIT-012,FARM-02,Lucerne Mix,60,6.48,71.9,37.6,29.1,28.12,Unsafe,AGRONOMIC_MULTIFACTOR_REFERENCE
PIT-012-S22,PIT-012,FARM-02,Lucerne Mix,20,6.57,73.4,38.8,30.5,26.58,Unsafe,AGRONOMIC_MULTIFACTOR_REFERENCE
PIT-012-S23,PIT-012,FARM-02,Lucerne Mix,20,6.67,76.0,40.2,29.0,23.96,Unsafe,AGRONOMIC_MULTIFACTOR_REFERENCE
PIT-012-S24,PIT-012,FARM-02,Lucerne Mix,60,6.35,76.9,38.0,30.3,23.08,Unsafe,AGRONOMIC_MULTIFACTOR_REFERENCE
PIT-012-S25,PIT-012,FARM-02,Lucerne Mix,80,6.63,74.8,38.1,29.7,25.18,Unsafe,AGRONOMIC_MULTIFACTOR_REFERENCE
PIT-012-S26,PIT-012,FARM-02,Lucerne Mix,80,6.45,76.7,36.3,30.1,23.27,Unsafe,AGRONOMIC_MULTIFACTOR_REFERENCE
PIT-012-S27,PIT-012,FARM-02,Lucerne Mix,40,6.68,72.3,40.4,30.3,27.72,Unsafe,AGRONOMIC_MULTIFACTOR_REFERENCE
PIT-012-S28,PIT-012,FARM-02,Lucerne Mix,20,6.42,74.5,37.7,28.6,25.47,Unsafe,AGRONOMIC_MULTIFACTOR_REFERENCE
PIT-012-S29,PIT-012,FARM-02,Lucerne Mix,40,6.49,76.7,41.0,30.5,23.33,Unsafe,AGRONOMIC_MULTIFACTOR_REFERENCE
PIT-012-S30,PIT-012,FARM-02,Lucerne Mix,20,6.49,74.9,36.5,28.1,25.11,Unsafe,AGRONOMIC_MULTIFACTOR_REFERENCE
PIT-012-S31,PIT-012,FARM-02,Lucerne Mix,60,6.61,78.2,36.3,28.5,21.82,Unsafe,AGRONOMIC_MULTIFACTOR_REFERENCE
PIT-012-S32,PIT-012,FARM-02,Lucerne Mix,20,6.55,75.8,38.6,28.8,24.23,Unsafe,AGRONOMIC_MULTIFACTOR_REFERENCE
PIT-012-S33,PIT-012,FARM-02,Lucerne Mix,20,6.5,75.2,39.2,29.9,24.76,Unsafe,AGRONOMIC_MULTIFACTOR_REFERENCE
PIT-012-S34,PIT-012,FARM-02,Lucerne Mix,60,6.44,75.1,37.5,29.4,24.93,Unsafe,AGRONOMIC_MULTIFACTOR_REFERENCE
PIT-012-S35,PIT-012,FARM-02,Lucerne Mix,80,6.43,78.1,37.7,29.9,21.85,Unsafe,AGRONOMIC_MULTIFACTOR_REFERENCE
PIT-012-S36,PIT-012,FARM-02,Lucerne Mix,60,6.58,74.7,39.3,30.4,25.33,Unsafe,AGRONOMIC_MULTIFACTOR_REFERENCE
PIT-012-S37,PIT-012,FARM-02,Lucerne Mix,20,6.54,76.1,36.3,28.2,23.92,Unsafe,AGRONOMIC_MULTIFACTOR_REFERENCE
PIT-012-S38,PIT-012,FARM-02,Lucerne Mix,60,6.35,75.5,41.8,30.9,24.47,Unsafe,AGRONOMIC_MULTIFACTOR_REFERENCE
PIT-012-S39,PIT-012,FARM-02,Lucerne Mix,20,6.63,76.2,36.7,28.0,23.83,Unsafe,AGRONOMIC_MULTIFACTOR_REFERENCE
PIT-012-S40,PIT-012,FARM-02,Lucerne Mix,80,6.37,74.2,36.9,29.4,25.85,Unsafe,AGRONOMIC_MULTIFACTOR_REFERENCE
PIT-013-S01,PIT-013,FARM-03,Corn Silage,60,5.06,50.8,39.8,28.2,49.2,Unsafe,AGRONOMIC_MULTIFACTOR_REFERENCE
PIT-013-S02,PIT-013,FARM-03,Corn Silage,80,5.51,47.8,37.7,27.0,52.21,Unsafe,AGRONOMIC_MULTIFACTOR_REFERENCE
PIT-013-S03,PIT-013,FARM-03,Corn Silage,80,5.4,53.0,39.6,28.1,47.03,Unsafe,AGRONOMIC_MULTIFACTOR_REFERENCE
PIT-013-S04,PIT-013,FARM-03,Corn Silage,80,5.21,49.3,40.5,31.2,50.74,Unsafe,AGRONOMIC_MULTIFACTOR_REFERENCE
PIT-013-S05,PIT-013,FARM-03,Corn Silage,60,5.32,50.3,41.4,29.9,49.71,Unsafe,AGRONOMIC_MULTIFACTOR_REFERENCE
PIT-013-S06,PIT-013,FARM-03,Corn Silage,60,5.33,48.7,40.3,29.3,51.26,Unsafe,AGRONOMIC_MULTIFACTOR_REFERENCE
PIT-013-S07,PIT-013,FARM-03,Corn Silage,40,5.4,48.8,41.1,29.4,51.22,Unsafe,AGRONOMIC_MULTIFACTOR_REFERENCE
PIT-013-S08,PIT-013,FARM-03,Corn Silage,20,5.49,49.4,41.2,27.7,50.64,Unsafe,AGRONOMIC_MULTIFACTOR_REFERENCE
PIT-013-S09,PIT-013,FARM-03,Corn Silage,60,5.19,48.3,41.5,28.6,51.73,Unsafe,AGRONOMIC_MULTIFACTOR_REFERENCE
PIT-013-S10,PIT-013,FARM-03,Corn Silage,80,5.01,55.1,41.1,29.9,44.9,Unsafe,AGRONOMIC_MULTIFACTOR_REFERENCE
PIT-013-S11,PIT-013,FARM-03,Corn Silage,40,5.32,50.0,42.0,29.5,50.04,Unsafe,AGRONOMIC_MULTIFACTOR_REFERENCE
PIT-013-S12,PIT-013,FARM-03,Corn Silage,80,5.33,49.6,39.7,28.9,50.39,Unsafe,AGRONOMIC_MULTIFACTOR_REFERENCE
PIT-013-S13,PIT-013,FARM-03,Corn Silage,80,5.24,51.5,37.3,29.5,48.51,Unsafe,AGRONOMIC_MULTIFACTOR_REFERENCE
PIT-013-S14,PIT-013,FARM-03,Corn Silage,60,5.37,49.8,40.0,29.1,50.2,Unsafe,AGRONOMIC_MULTIFACTOR_REFERENCE
PIT-013-S15,PIT-013,FARM-03,Corn Silage,20,5.49,51.2,41.1,28.5,48.85,Unsafe,AGRONOMIC_MULTIFACTOR_REFERENCE
PIT-013-S16,PIT-013,FARM-03,Corn Silage,80,5.15,47.0,40.5,28.6,53.03,Unsafe,AGRONOMIC_MULTIFACTOR_REFERENCE
PIT-013-S17,PIT-013,FARM-03,Corn Silage,60,5.41,50.4,41.6,29.7,49.63,Unsafe,AGRONOMIC_MULTIFACTOR_REFERENCE
PIT-013-S18,PIT-013,FARM-03,Corn Silage,40,5.25,50.2,42.3,29.7,49.77,Unsafe,AGRONOMIC_MULTIFACTOR_REFERENCE
PIT-013-S19,PIT-013,FARM-03,Corn Silage,80,5.41,50.7,41.5,29.4,49.28,Unsafe,AGRONOMIC_MULTIFACTOR_REFERENCE
PIT-013-S20,PIT-013,FARM-03,Corn Silage,40,5.32,47.9,39.9,28.9,52.14,Unsafe,AGRONOMIC_MULTIFACTOR_REFERENCE
PIT-013-S21,PIT-013,FARM-03,Corn Silage,60,5.21,49.2,39.5,28.4,50.81,Unsafe,AGRONOMIC_MULTIFACTOR_REFERENCE
PIT-013-S22,PIT-013,FARM-03,Corn Silage,60,5.07,49.8,39.5,29.1,50.17,Unsafe,AGRONOMIC_MULTIFACTOR_REFERENCE
PIT-013-S23,PIT-013,FARM-03,Corn Silage,60,5.37,51.1,38.3,27.8,48.86,Unsafe,AGRONOMIC_MULTIFACTOR_REFERENCE
PIT-013-S24,PIT-013,FARM-03,Corn Silage,60,5.2,47.8,40.9,29.7,52.24,Unsafe,AGRONOMIC_MULTIFACTOR_REFERENCE
PIT-013-S25,PIT-013,FARM-03,Corn Silage,60,5.26,45.8,39.6,29.6,54.16,Unsafe,AGRONOMIC_MULTIFACTOR_REFERENCE
PIT-013-S26,PIT-013,FARM-03,Corn Silage,20,5.36,49.9,40.9,30.2,50.05,Unsafe,AGRONOMIC_MULTIFACTOR_REFERENCE
PIT-013-S27,PIT-013,FARM-03,Corn Silage,40,4.96,49.8,43.6,30.5,50.22,Unsafe,AGRONOMIC_MULTIFACTOR_REFERENCE
PIT-013-S28,PIT-013,FARM-03,Corn Silage,20,5.38,48.6,40.8,29.7,51.44,Unsafe,AGRONOMIC_MULTIFACTOR_REFERENCE
PIT-013-S29,PIT-013,FARM-03,Corn Silage,40,5.38,50.4,44.7,29.9,49.64,Unsafe,AGRONOMIC_MULTIFACTOR_REFERENCE
PIT-013-S30,PIT-013,FARM-03,Corn Silage,80,5.31,48.5,38.1,29.1,51.47,Unsafe,AGRONOMIC_MULTIFACTOR_REFERENCE
PIT-013-S31,PIT-013,FARM-03,Corn Silage,80,5.18,48.7,39.8,28.7,51.29,Unsafe,AGRONOMIC_MULTIFACTOR_REFERENCE
PIT-013-S32,PIT-013,FARM-03,Corn Silage,40,5.23,51.5,40.8,29.1,48.53,Unsafe,AGRONOMIC_MULTIFACTOR_REFERENCE
PIT-013-S33,PIT-013,FARM-03,Corn Silage,80,5.22,49.7,39.7,29.7,50.27,Unsafe,AGRONOMIC_MULTIFACTOR_REFERENCE
PIT-013-S34,PIT-013,FARM-03,Corn Silage,80,5.19,48.9,38.1,28.0,51.1,Unsafe,AGRONOMIC_MULTIFACTOR_REFERENCE
PIT-013-S35,PIT-013,FARM-03,Corn Silage,80,5.21,51.0,40.5,29.3,48.98,Unsafe,AGRONOMIC_MULTIFACTOR_REFERENCE
PIT-013-S36,PIT-013,FARM-03,Corn Silage,20,5.46,49.2,41.4,29.4,50.8,Unsafe,AGRONOMIC_MULTIFACTOR_REFERENCE
PIT-013-S37,PIT-013,FARM-03,Corn Silage,20,5.39,48.4,39.1,27.1,51.6,Unsafe,AGRONOMIC_MULTIFACTOR_REFERENCE
PIT-013-S38,PIT-013,FARM-03,Corn Silage,60,5.46,51.1,42.6,29.8,48.88,Unsafe,AGRONOMIC_MULTIFACTOR_REFERENCE
PIT-013-S39,PIT-013,FARM-03,Corn Silage,40,5.33,49.8,40.0,28.6,50.2,Unsafe,AGRONOMIC_MULTIFACTOR_REFERENCE
PIT-013-S40,PIT-013,FARM-03,Corn Silage,80,5.34,51.6,39.4,29.0,48.38,Unsafe,AGRONOMIC_MULTIFACTOR_REFERENCE
PIT-014-S01,PIT-014,FARM-03,Hybrid Napier Grass,60,4.44,71.0,28.2,25.1,29.0,Caution,AGRONOMIC_MULTIFACTOR_REFERENCE
PIT-014-S02,PIT-014,FARM-03,Hybrid Napier Grass,60,4.38,67.7,31.3,25.8,32.28,Caution,AGRONOMIC_MULTIFACTOR_REFERENCE
PIT-014-S03,PIT-014,FARM-03,Hybrid Napier Grass,80,4.36,72.5,32.1,26.5,27.47,Unsafe,AGRONOMIC_MULTIFACTOR_REFERENCE
PIT-014-S04,PIT-014,FARM-03,Hybrid Napier Grass,60,4.52,67.9,32.6,27.1,32.13,Caution,AGRONOMIC_MULTIFACTOR_REFERENCE
PIT-014-S05,PIT-014,FARM-03,Hybrid Napier Grass,60,4.52,68.0,31.5,25.0,32.01,Caution,AGRONOMIC_MULTIFACTOR_REFERENCE
PIT-014-S06,PIT-014,FARM-03,Hybrid Napier Grass,60,4.49,68.3,32.4,25.6,31.7,Caution,AGRONOMIC_MULTIFACTOR_REFERENCE
PIT-014-S07,PIT-014,FARM-03,Hybrid Napier Grass,40,4.33,72.9,32.3,25.5,27.12,Unsafe,AGRONOMIC_MULTIFACTOR_REFERENCE
PIT-014-S08,PIT-014,FARM-03,Hybrid Napier Grass,20,4.46,71.0,32.1,25.8,28.99,Caution,AGRONOMIC_MULTIFACTOR_REFERENCE
PIT-014-S09,PIT-014,FARM-03,Hybrid Napier Grass,40,4.48,68.1,32.3,26.8,31.88,Caution,AGRONOMIC_MULTIFACTOR_REFERENCE
PIT-014-S10,PIT-014,FARM-03,Hybrid Napier Grass,60,4.42,68.1,29.6,24.2,31.87,Caution,AGRONOMIC_MULTIFACTOR_REFERENCE
PIT-014-S11,PIT-014,FARM-03,Hybrid Napier Grass,20,4.79,71.3,32.4,26.2,28.67,Caution,AGRONOMIC_MULTIFACTOR_REFERENCE
PIT-014-S12,PIT-014,FARM-03,Hybrid Napier Grass,40,4.48,70.9,32.6,25.3,29.1,Unsafe,AGRONOMIC_MULTIFACTOR_REFERENCE
PIT-014-S13,PIT-014,FARM-03,Hybrid Napier Grass,40,4.56,71.2,32.7,26.6,28.79,Caution,AGRONOMIC_MULTIFACTOR_REFERENCE
PIT-014-S14,PIT-014,FARM-03,Hybrid Napier Grass,40,4.55,71.0,31.4,26.0,29.01,Caution,AGRONOMIC_MULTIFACTOR_REFERENCE
PIT-014-S15,PIT-014,FARM-03,Hybrid Napier Grass,80,4.42,72.7,28.9,25.3,27.29,Unsafe,AGRONOMIC_MULTIFACTOR_REFERENCE
PIT-014-S16,PIT-014,FARM-03,Hybrid Napier Grass,60,4.46,70.0,32.3,26.4,29.99,Caution,AGRONOMIC_MULTIFACTOR_REFERENCE
PIT-014-S17,PIT-014,FARM-03,Hybrid Napier Grass,60,4.42,72.6,29.7,25.0,27.4,Unsafe,AGRONOMIC_MULTIFACTOR_REFERENCE
PIT-014-S18,PIT-014,FARM-03,Hybrid Napier Grass,20,4.49,67.0,34.4,26.1,33.04,Caution,AGRONOMIC_MULTIFACTOR_REFERENCE
PIT-014-S19,PIT-014,FARM-03,Hybrid Napier Grass,40,4.47,70.3,30.6,25.2,29.66,Caution,AGRONOMIC_MULTIFACTOR_REFERENCE
PIT-014-S20,PIT-014,FARM-03,Hybrid Napier Grass,60,4.4,69.3,33.5,27.3,30.65,Caution,AGRONOMIC_MULTIFACTOR_REFERENCE
PIT-014-S21,PIT-014,FARM-03,Hybrid Napier Grass,40,4.34,70.4,33.9,26.7,29.64,Unsafe,AGRONOMIC_MULTIFACTOR_REFERENCE
PIT-014-S22,PIT-014,FARM-03,Hybrid Napier Grass,60,4.63,68.1,29.9,25.6,31.91,Caution,AGRONOMIC_MULTIFACTOR_REFERENCE
PIT-014-S23,PIT-014,FARM-03,Hybrid Napier Grass,40,4.44,70.8,33.0,27.0,29.24,Caution,AGRONOMIC_MULTIFACTOR_REFERENCE
PIT-014-S24,PIT-014,FARM-03,Hybrid Napier Grass,60,4.4,70.2,33.5,25.6,29.81,Unsafe,AGRONOMIC_MULTIFACTOR_REFERENCE
PIT-014-S25,PIT-014,FARM-03,Hybrid Napier Grass,20,4.31,70.3,34.3,27.9,29.75,Caution,AGRONOMIC_MULTIFACTOR_REFERENCE
PIT-014-S26,PIT-014,FARM-03,Hybrid Napier Grass,40,4.45,69.3,33.7,26.1,30.72,Unsafe,AGRONOMIC_MULTIFACTOR_REFERENCE
PIT-014-S27,PIT-014,FARM-03,Hybrid Napier Grass,60,4.18,72.7,30.5,25.1,27.32,Caution,AGRONOMIC_MULTIFACTOR_REFERENCE
PIT-014-S28,PIT-014,FARM-03,Hybrid Napier Grass,20,4.45,71.0,31.9,25.0,29.02,Caution,AGRONOMIC_MULTIFACTOR_REFERENCE
PIT-014-S29,PIT-014,FARM-03,Hybrid Napier Grass,20,4.75,67.5,32.1,26.4,32.53,Caution,AGRONOMIC_MULTIFACTOR_REFERENCE
PIT-014-S30,PIT-014,FARM-03,Hybrid Napier Grass,60,4.49,70.0,31.9,25.7,30.05,Caution,AGRONOMIC_MULTIFACTOR_REFERENCE
PIT-014-S31,PIT-014,FARM-03,Hybrid Napier Grass,40,4.69,69.6,31.4,26.8,30.42,Caution,AGRONOMIC_MULTIFACTOR_REFERENCE
PIT-014-S32,PIT-014,FARM-03,Hybrid Napier Grass,80,4.3,70.8,33.1,27.4,29.23,Caution,AGRONOMIC_MULTIFACTOR_REFERENCE
PIT-014-S33,PIT-014,FARM-03,Hybrid Napier Grass,20,4.46,69.9,32.4,25.3,30.08,Unsafe,AGRONOMIC_MULTIFACTOR_REFERENCE
PIT-014-S34,PIT-014,FARM-03,Hybrid Napier Grass,20,4.61,69.1,32.6,25.9,30.89,Caution,AGRONOMIC_MULTIFACTOR_REFERENCE
PIT-014-S35,PIT-014,FARM-03,Hybrid Napier Grass,60,4.39,69.8,33.3,27.9,30.2,Caution,AGRONOMIC_MULTIFACTOR_REFERENCE
PIT-014-S36,PIT-014,FARM-03,Hybrid Napier Grass,80,4.37,68.8,31.9,26.9,31.25,Caution,AGRONOMIC_MULTIFACTOR_REFERENCE
PIT-014-S37,PIT-014,FARM-03,Hybrid Napier Grass,80,4.33,72.3,32.0,27.4,27.7,Unsafe,AGRONOMIC_MULTIFACTOR_REFERENCE
PIT-014-S38,PIT-014,FARM-03,Hybrid Napier Grass,80,4.19,71.7,31.8,25.7,28.27,Caution,AGRONOMIC_MULTIFACTOR_REFERENCE
PIT-014-S39,PIT-014,FARM-03,Hybrid Napier Grass,60,4.21,71.5,31.7,25.3,28.47,Caution,AGRONOMIC_MULTIFACTOR_REFERENCE
PIT-014-S40,PIT-014,FARM-03,Hybrid Napier Grass,40,4.47,68.2,32.7,25.9,31.8,Caution,AGRONOMIC_MULTIFACTOR_REFERENCE
PIT-015-S01,PIT-015,FARM-03,Sorghum (Jowar),20,5.61,81.8,35.3,27.6,18.19,Unsafe,AGRONOMIC_MULTIFACTOR_REFERENCE
PIT-015-S02,PIT-015,FARM-03,Sorghum (Jowar),40,5.76,80.9,32.9,25.3,19.06,Unsafe,AGRONOMIC_MULTIFACTOR_REFERENCE
PIT-015-S03,PIT-015,FARM-03,Sorghum (Jowar),40,5.54,82.4,36.6,25.9,17.59,Unsafe,AGRONOMIC_MULTIFACTOR_REFERENCE
PIT-015-S04,PIT-015,FARM-03,Sorghum (Jowar),60,5.36,80.7,34.1,25.0,19.27,Unsafe,AGRONOMIC_MULTIFACTOR_REFERENCE
PIT-015-S05,PIT-015,FARM-03,Sorghum (Jowar),20,5.7,80.0,33.6,23.9,20.0,Unsafe,AGRONOMIC_MULTIFACTOR_REFERENCE
PIT-015-S06,PIT-015,FARM-03,Sorghum (Jowar),40,5.62,81.5,34.9,27.0,18.52,Unsafe,AGRONOMIC_MULTIFACTOR_REFERENCE
PIT-015-S07,PIT-015,FARM-03,Sorghum (Jowar),20,5.68,82.9,34.4,24.6,17.1,Unsafe,AGRONOMIC_MULTIFACTOR_REFERENCE
PIT-015-S08,PIT-015,FARM-03,Sorghum (Jowar),80,5.45,80.6,34.0,26.3,19.39,Unsafe,AGRONOMIC_MULTIFACTOR_REFERENCE
PIT-015-S09,PIT-015,FARM-03,Sorghum (Jowar),40,5.49,80.8,33.0,25.1,19.18,Unsafe,AGRONOMIC_MULTIFACTOR_REFERENCE
PIT-015-S10,PIT-015,FARM-03,Sorghum (Jowar),80,5.59,78.7,35.3,26.5,21.31,Unsafe,AGRONOMIC_MULTIFACTOR_REFERENCE
PIT-015-S11,PIT-015,FARM-03,Sorghum (Jowar),80,5.3,79.5,34.1,27.0,20.46,Unsafe,AGRONOMIC_MULTIFACTOR_REFERENCE
PIT-015-S12,PIT-015,FARM-03,Sorghum (Jowar),80,5.45,81.6,34.6,26.6,18.41,Unsafe,AGRONOMIC_MULTIFACTOR_REFERENCE
PIT-015-S13,PIT-015,FARM-03,Sorghum (Jowar),60,5.46,83.3,37.1,27.4,16.68,Unsafe,AGRONOMIC_MULTIFACTOR_REFERENCE
PIT-015-S14,PIT-015,FARM-03,Sorghum (Jowar),80,5.52,79.3,34.2,25.3,20.7,Unsafe,AGRONOMIC_MULTIFACTOR_REFERENCE
PIT-015-S15,PIT-015,FARM-03,Sorghum (Jowar),60,5.59,83.3,33.5,26.5,16.72,Unsafe,AGRONOMIC_MULTIFACTOR_REFERENCE
PIT-015-S16,PIT-015,FARM-03,Sorghum (Jowar),20,5.72,79.0,35.4,25.7,21.04,Unsafe,AGRONOMIC_MULTIFACTOR_REFERENCE
PIT-015-S17,PIT-015,FARM-03,Sorghum (Jowar),20,5.84,86.4,35.7,26.5,13.65,Unsafe,AGRONOMIC_MULTIFACTOR_REFERENCE
PIT-015-S18,PIT-015,FARM-03,Sorghum (Jowar),40,5.63,82.4,36.8,25.8,17.65,Unsafe,AGRONOMIC_MULTIFACTOR_REFERENCE
PIT-015-S19,PIT-015,FARM-03,Sorghum (Jowar),40,5.59,81.7,36.1,26.5,18.35,Unsafe,AGRONOMIC_MULTIFACTOR_REFERENCE
PIT-015-S20,PIT-015,FARM-03,Sorghum (Jowar),60,5.64,79.6,33.0,25.6,20.36,Unsafe,AGRONOMIC_MULTIFACTOR_REFERENCE
PIT-015-S21,PIT-015,FARM-03,Sorghum (Jowar),20,5.65,82.2,37.7,26.4,17.84,Unsafe,AGRONOMIC_MULTIFACTOR_REFERENCE
PIT-015-S22,PIT-015,FARM-03,Sorghum (Jowar),40,5.57,82.0,33.8,25.1,18.04,Unsafe,AGRONOMIC_MULTIFACTOR_REFERENCE
PIT-015-S23,PIT-015,FARM-03,Sorghum (Jowar),40,5.65,82.3,34.7,25.8,17.72,Unsafe,AGRONOMIC_MULTIFACTOR_REFERENCE
PIT-015-S24,PIT-015,FARM-03,Sorghum (Jowar),40,5.38,80.1,36.4,26.7,19.89,Unsafe,AGRONOMIC_MULTIFACTOR_REFERENCE
PIT-015-S25,PIT-015,FARM-03,Sorghum (Jowar),20,5.66,80.8,34.7,26.0,19.15,Unsafe,AGRONOMIC_MULTIFACTOR_REFERENCE
PIT-015-S26,PIT-015,FARM-03,Sorghum (Jowar),40,5.65,81.5,34.9,26.4,18.49,Unsafe,AGRONOMIC_MULTIFACTOR_REFERENCE
PIT-015-S27,PIT-015,FARM-03,Sorghum (Jowar),20,5.34,82.7,34.1,25.6,17.27,Unsafe,AGRONOMIC_MULTIFACTOR_REFERENCE
PIT-015-S28,PIT-015,FARM-03,Sorghum (Jowar),80,5.59,80.0,35.8,26.9,19.95,Unsafe,AGRONOMIC_MULTIFACTOR_REFERENCE
PIT-015-S29,PIT-015,FARM-03,Sorghum (Jowar),80,5.59,78.3,35.5,27.0,21.7,Unsafe,AGRONOMIC_MULTIFACTOR_REFERENCE
PIT-015-S30,PIT-015,FARM-03,Sorghum (Jowar),80,5.46,81.0,33.3,24.6,18.99,Unsafe,AGRONOMIC_MULTIFACTOR_REFERENCE
PIT-015-S31,PIT-015,FARM-03,Sorghum (Jowar),60,5.41,78.3,34.7,24.8,21.68,Unsafe,AGRONOMIC_MULTIFACTOR_REFERENCE
PIT-015-S32,PIT-015,FARM-03,Sorghum (Jowar),20,5.52,83.5,33.2,25.6,16.48,Unsafe,AGRONOMIC_MULTIFACTOR_REFERENCE
PIT-015-S33,PIT-015,FARM-03,Sorghum (Jowar),40,5.43,83.0,34.3,25.9,17.02,Unsafe,AGRONOMIC_MULTIFACTOR_REFERENCE
PIT-015-S34,PIT-015,FARM-03,Sorghum (Jowar),60,5.56,81.7,37.1,26.9,18.34,Unsafe,AGRONOMIC_MULTIFACTOR_REFERENCE
PIT-015-S35,PIT-015,FARM-03,Sorghum (Jowar),60,5.49,78.4,34.6,25.7,21.63,Unsafe,AGRONOMIC_MULTIFACTOR_REFERENCE
PIT-015-S36,PIT-015,FARM-03,Sorghum (Jowar),80,5.39,79.0,34.5,26.3,20.97,Unsafe,AGRONOMIC_MULTIFACTOR_REFERENCE
PIT-015-S37,PIT-015,FARM-03,Sorghum (Jowar),20,5.6,79.4,34.3,25.8,20.61,Unsafe,AGRONOMIC_MULTIFACTOR_REFERENCE
PIT-015-S38,PIT-015,FARM-03,Sorghum (Jowar),40,5.67,82.6,32.6,24.5,17.38,Unsafe,AGRONOMIC_MULTIFACTOR_REFERENCE
PIT-015-S39,PIT-015,FARM-03,Sorghum (Jowar),60,5.36,79.6,33.0,25.9,20.41,Unsafe,AGRONOMIC_MULTIFACTOR_REFERENCE
PIT-015-S40,PIT-015,FARM-03,Sorghum (Jowar),40,5.46,78.9,35.3,26.2,21.05,Unsafe,AGRONOMIC_MULTIFACTOR_REFERENCE
PIT-016-S01,PIT-016,FARM-03,Lucerne Mix,20,3.94,64.9,32.7,30.6,35.12,Safe,AGRONOMIC_MULTIFACTOR_REFERENCE
PIT-016-S02,PIT-016,FARM-03,Lucerne Mix,20,4.23,67.0,33.3,30.0,33.03,Safe,AGRONOMIC_MULTIFACTOR_REFERENCE
PIT-016-S03,PIT-016,FARM-03,Lucerne Mix,40,4.1,62.5,35.3,31.7,37.5,Safe,AGRONOMIC_MULTIFACTOR_REFERENCE
PIT-016-S04,PIT-016,FARM-03,Lucerne Mix,60,3.84,62.9,33.7,31.9,37.09,Safe,AGRONOMIC_MULTIFACTOR_REFERENCE
PIT-016-S05,PIT-016,FARM-03,Lucerne Mix,60,4.04,65.2,31.4,31.4,34.82,Safe,AGRONOMIC_MULTIFACTOR_REFERENCE
PIT-016-S06,PIT-016,FARM-03,Lucerne Mix,80,4.07,66.7,32.0,30.9,33.33,Safe,AGRONOMIC_MULTIFACTOR_REFERENCE
PIT-016-S07,PIT-016,FARM-03,Lucerne Mix,20,3.85,65.5,33.8,31.5,34.51,Safe,AGRONOMIC_MULTIFACTOR_REFERENCE
PIT-016-S08,PIT-016,FARM-03,Lucerne Mix,80,4.07,64.0,31.5,31.5,36.04,Safe,AGRONOMIC_MULTIFACTOR_REFERENCE
PIT-016-S09,PIT-016,FARM-03,Lucerne Mix,60,3.97,64.2,32.4,31.3,35.75,Safe,AGRONOMIC_MULTIFACTOR_REFERENCE
PIT-016-S10,PIT-016,FARM-03,Lucerne Mix,80,3.92,66.0,30.1,30.7,33.95,Safe,AGRONOMIC_MULTIFACTOR_REFERENCE
PIT-016-S11,PIT-016,FARM-03,Lucerne Mix,60,4.18,67.0,32.3,30.1,32.95,Safe,AGRONOMIC_MULTIFACTOR_REFERENCE
PIT-016-S12,PIT-016,FARM-03,Lucerne Mix,80,3.88,65.0,32.2,31.3,34.96,Safe,AGRONOMIC_MULTIFACTOR_REFERENCE
PIT-016-S13,PIT-016,FARM-03,Lucerne Mix,80,3.85,63.3,30.5,30.4,36.68,Safe,AGRONOMIC_MULTIFACTOR_REFERENCE
PIT-016-S14,PIT-016,FARM-03,Lucerne Mix,20,4.02,63.3,35.6,31.6,36.73,Safe,AGRONOMIC_MULTIFACTOR_REFERENCE
PIT-016-S15,PIT-016,FARM-03,Lucerne Mix,20,3.96,65.0,34.3,31.5,35.01,Safe,AGRONOMIC_MULTIFACTOR_REFERENCE
PIT-016-S16,PIT-016,FARM-03,Lucerne Mix,80,3.95,65.9,31.2,31.5,34.1,Safe,AGRONOMIC_MULTIFACTOR_REFERENCE
PIT-016-S17,PIT-016,FARM-03,Lucerne Mix,60,4.07,66.2,32.0,30.5,33.84,Safe,AGRONOMIC_MULTIFACTOR_REFERENCE
PIT-016-S18,PIT-016,FARM-03,Lucerne Mix,60,4.05,64.2,36.0,31.9,35.81,Safe,AGRONOMIC_MULTIFACTOR_REFERENCE
PIT-016-S19,PIT-016,FARM-03,Lucerne Mix,20,3.94,62.1,34.4,31.3,37.92,Safe,AGRONOMIC_MULTIFACTOR_REFERENCE
PIT-016-S20,PIT-016,FARM-03,Lucerne Mix,20,4.0,67.2,33.1,30.0,32.82,Safe,AGRONOMIC_MULTIFACTOR_REFERENCE
PIT-016-S21,PIT-016,FARM-03,Lucerne Mix,40,3.93,67.7,33.7,32.7,32.34,Safe,AGRONOMIC_MULTIFACTOR_REFERENCE
PIT-016-S22,PIT-016,FARM-03,Lucerne Mix,20,3.96,66.1,33.0,30.8,33.89,Safe,AGRONOMIC_MULTIFACTOR_REFERENCE
PIT-016-S23,PIT-016,FARM-03,Lucerne Mix,60,3.97,61.1,31.8,31.1,38.89,Safe,AGRONOMIC_MULTIFACTOR_REFERENCE
PIT-016-S24,PIT-016,FARM-03,Lucerne Mix,20,3.97,67.2,33.3,30.1,32.84,Safe,AGRONOMIC_MULTIFACTOR_REFERENCE
PIT-016-S25,PIT-016,FARM-03,Lucerne Mix,40,3.97,64.1,34.0,31.7,35.94,Safe,AGRONOMIC_MULTIFACTOR_REFERENCE
PIT-016-S26,PIT-016,FARM-03,Lucerne Mix,80,4.01,66.3,31.3,30.8,33.7,Safe,AGRONOMIC_MULTIFACTOR_REFERENCE
PIT-016-S27,PIT-016,FARM-03,Lucerne Mix,80,3.81,63.1,35.9,33.4,36.92,Safe,AGRONOMIC_MULTIFACTOR_REFERENCE
PIT-016-S28,PIT-016,FARM-03,Lucerne Mix,60,3.81,62.2,33.6,31.5,37.82,Safe,AGRONOMIC_MULTIFACTOR_REFERENCE
PIT-016-S29,PIT-016,FARM-03,Lucerne Mix,40,4.07,64.1,33.2,31.0,35.9,Safe,AGRONOMIC_MULTIFACTOR_REFERENCE
PIT-016-S30,PIT-016,FARM-03,Lucerne Mix,80,3.95,60.6,31.1,30.9,39.43,Safe,AGRONOMIC_MULTIFACTOR_REFERENCE
PIT-016-S31,PIT-016,FARM-03,Lucerne Mix,80,3.96,69.9,32.1,31.4,30.06,Safe,AGRONOMIC_MULTIFACTOR_REFERENCE
PIT-016-S32,PIT-016,FARM-03,Lucerne Mix,20,4.14,65.4,34.4,31.4,34.57,Safe,AGRONOMIC_MULTIFACTOR_REFERENCE
PIT-016-S33,PIT-016,FARM-03,Lucerne Mix,80,4.19,62.5,31.5,31.5,37.47,Safe,AGRONOMIC_MULTIFACTOR_REFERENCE
PIT-016-S34,PIT-016,FARM-03,Lucerne Mix,60,4.04,62.9,31.9,30.8,37.09,Safe,AGRONOMIC_MULTIFACTOR_REFERENCE
PIT-016-S35,PIT-016,FARM-03,Lucerne Mix,80,4.06,66.2,31.3,30.1,33.78,Safe,AGRONOMIC_MULTIFACTOR_REFERENCE
PIT-016-S36,PIT-016,FARM-03,Lucerne Mix,60,3.88,62.3,32.1,30.9,37.7,Safe,AGRONOMIC_MULTIFACTOR_REFERENCE
PIT-016-S37,PIT-016,FARM-03,Lucerne Mix,60,4.26,65.3,30.9,30.0,34.66,Safe,AGRONOMIC_MULTIFACTOR_REFERENCE
PIT-016-S38,PIT-016,FARM-03,Lucerne Mix,20,4.15,68.3,30.1,29.8,31.68,Safe,AGRONOMIC_MULTIFACTOR_REFERENCE
PIT-016-S39,PIT-016,FARM-03,Lucerne Mix,40,4.22,65.3,32.9,30.4,34.74,Safe,AGRONOMIC_MULTIFACTOR_REFERENCE
PIT-016-S40,PIT-016,FARM-03,Lucerne Mix,60,3.65,64.6,33.9,31.3,35.43,Safe,AGRONOMIC_MULTIFACTOR_REFERENCE
PIT-017-S01,PIT-017,FARM-03,Corn Silage,20,3.89,64.8,27.7,25.3,35.2,Safe,AGRONOMIC_MULTIFACTOR_REFERENCE
PIT-017-S02,PIT-017,FARM-03,Corn Silage,80,3.82,63.9,26.9,25.2,36.09,Safe,AGRONOMIC_MULTIFACTOR_REFERENCE
PIT-017-S03,PIT-017,FARM-03,Corn Silage,20,4.12,64.2,26.6,26.0,35.78,Safe,AGRONOMIC_MULTIFACTOR_REFERENCE
PIT-017-S04,PIT-017,FARM-03,Corn Silage,60,3.92,64.6,28.3,28.1,35.45,Safe,AGRONOMIC_MULTIFACTOR_REFERENCE
PIT-017-S05,PIT-017,FARM-03,Corn Silage,60,4.13,66.4,29.6,26.2,33.56,Safe,AGRONOMIC_MULTIFACTOR_REFERENCE
PIT-017-S06,PIT-017,FARM-03,Corn Silage,60,4.0,65.3,28.7,26.0,34.66,Safe,AGRONOMIC_MULTIFACTOR_REFERENCE
PIT-017-S07,PIT-017,FARM-03,Corn Silage,20,4.15,63.5,26.9,24.9,36.48,Safe,AGRONOMIC_MULTIFACTOR_REFERENCE
PIT-017-S08,PIT-017,FARM-03,Corn Silage,80,3.83,64.5,27.5,27.0,35.47,Safe,AGRONOMIC_MULTIFACTOR_REFERENCE
PIT-017-S09,PIT-017,FARM-03,Corn Silage,20,4.01,64.7,26.4,26.7,35.25,Safe,AGRONOMIC_MULTIFACTOR_REFERENCE
PIT-017-S10,PIT-017,FARM-03,Corn Silage,80,3.85,65.0,27.4,27.0,34.98,Safe,AGRONOMIC_MULTIFACTOR_REFERENCE
PIT-017-S11,PIT-017,FARM-03,Corn Silage,80,3.7,65.8,25.2,25.5,34.24,Safe,AGRONOMIC_MULTIFACTOR_REFERENCE
PIT-017-S12,PIT-017,FARM-03,Corn Silage,20,3.94,64.3,25.3,25.5,35.69,Safe,AGRONOMIC_MULTIFACTOR_REFERENCE
PIT-017-S13,PIT-017,FARM-03,Corn Silage,40,4.09,66.9,27.1,26.5,33.06,Safe,AGRONOMIC_MULTIFACTOR_REFERENCE
PIT-017-S14,PIT-017,FARM-03,Corn Silage,60,3.93,64.6,28.6,26.5,35.37,Safe,AGRONOMIC_MULTIFACTOR_REFERENCE
PIT-017-S15,PIT-017,FARM-03,Corn Silage,80,3.84,64.8,29.0,26.4,35.21,Safe,AGRONOMIC_MULTIFACTOR_REFERENCE
PIT-017-S16,PIT-017,FARM-03,Corn Silage,80,4.01,66.1,28.6,26.1,33.94,Safe,AGRONOMIC_MULTIFACTOR_REFERENCE
PIT-017-S17,PIT-017,FARM-03,Corn Silage,20,4.06,63.1,30.1,27.1,36.91,Safe,AGRONOMIC_MULTIFACTOR_REFERENCE
PIT-017-S18,PIT-017,FARM-03,Corn Silage,40,3.93,63.8,28.5,26.2,36.22,Safe,AGRONOMIC_MULTIFACTOR_REFERENCE
PIT-017-S19,PIT-017,FARM-03,Corn Silage,60,3.98,65.2,29.9,27.4,34.8,Safe,AGRONOMIC_MULTIFACTOR_REFERENCE
PIT-017-S20,PIT-017,FARM-03,Corn Silage,40,4.01,66.3,27.4,25.2,33.66,Safe,AGRONOMIC_MULTIFACTOR_REFERENCE
PIT-017-S21,PIT-017,FARM-03,Corn Silage,60,4.17,64.3,26.0,25.3,35.75,Safe,AGRONOMIC_MULTIFACTOR_REFERENCE
PIT-017-S22,PIT-017,FARM-03,Corn Silage,80,3.79,63.2,25.2,25.7,36.77,Safe,AGRONOMIC_MULTIFACTOR_REFERENCE
PIT-017-S23,PIT-017,FARM-03,Corn Silage,80,3.93,66.3,27.9,25.3,33.73,Safe,AGRONOMIC_MULTIFACTOR_REFERENCE
PIT-017-S24,PIT-017,FARM-03,Corn Silage,20,4.07,66.5,28.6,25.5,33.5,Safe,AGRONOMIC_MULTIFACTOR_REFERENCE
PIT-017-S25,PIT-017,FARM-03,Corn Silage,20,3.88,66.2,28.9,26.1,33.75,Safe,AGRONOMIC_MULTIFACTOR_REFERENCE
PIT-017-S26,PIT-017,FARM-03,Corn Silage,40,3.84,63.0,27.2,26.5,36.97,Safe,AGRONOMIC_MULTIFACTOR_REFERENCE
PIT-017-S27,PIT-017,FARM-03,Corn Silage,40,4.04,62.2,27.1,26.7,37.82,Safe,AGRONOMIC_MULTIFACTOR_REFERENCE
PIT-017-S28,PIT-017,FARM-03,Corn Silage,60,4.02,65.8,27.5,25.4,34.23,Safe,AGRONOMIC_MULTIFACTOR_REFERENCE
PIT-017-S29,PIT-017,FARM-03,Corn Silage,20,4.04,63.7,25.2,25.2,36.33,Safe,AGRONOMIC_MULTIFACTOR_REFERENCE
PIT-017-S30,PIT-017,FARM-03,Corn Silage,80,3.97,61.8,26.8,26.1,38.17,Safe,AGRONOMIC_MULTIFACTOR_REFERENCE
PIT-017-S31,PIT-017,FARM-03,Corn Silage,20,4.1,64.1,28.7,25.7,35.9,Safe,AGRONOMIC_MULTIFACTOR_REFERENCE
PIT-017-S32,PIT-017,FARM-03,Corn Silage,40,4.02,65.2,26.5,26.4,34.79,Safe,AGRONOMIC_MULTIFACTOR_REFERENCE
PIT-017-S33,PIT-017,FARM-03,Corn Silage,20,4.1,65.7,27.1,25.2,34.25,Safe,AGRONOMIC_MULTIFACTOR_REFERENCE
PIT-017-S34,PIT-017,FARM-03,Corn Silage,80,3.92,64.4,28.8,26.3,35.6,Safe,AGRONOMIC_MULTIFACTOR_REFERENCE
PIT-017-S35,PIT-017,FARM-03,Corn Silage,20,4.14,62.3,30.2,26.5,37.72,Safe,AGRONOMIC_MULTIFACTOR_REFERENCE
PIT-017-S36,PIT-017,FARM-03,Corn Silage,40,4.03,66.6,30.5,27.6,33.39,Safe,AGRONOMIC_MULTIFACTOR_REFERENCE
PIT-017-S37,PIT-017,FARM-03,Corn Silage,80,3.95,66.5,27.1,26.1,33.47,Safe,AGRONOMIC_MULTIFACTOR_REFERENCE
PIT-017-S38,PIT-017,FARM-03,Corn Silage,60,3.91,67.5,28.4,25.3,32.54,Safe,AGRONOMIC_MULTIFACTOR_REFERENCE
PIT-017-S39,PIT-017,FARM-03,Corn Silage,60,4.01,62.1,25.4,26.3,37.87,Safe,AGRONOMIC_MULTIFACTOR_REFERENCE
PIT-017-S40,PIT-017,FARM-03,Corn Silage,80,4.0,66.2,26.7,25.5,33.76,Safe,AGRONOMIC_MULTIFACTOR_REFERENCE
PIT-018-S01,PIT-018,FARM-03,Hybrid Napier Grass,40,7.0,47.9,37.7,23.1,52.05,Unsafe,AGRONOMIC_MULTIFACTOR_REFERENCE
PIT-018-S02,PIT-018,FARM-03,Hybrid Napier Grass,20,7.03,48.9,39.6,24.7,51.13,Unsafe,AGRONOMIC_MULTIFACTOR_REFERENCE
PIT-018-S03,PIT-018,FARM-03,Hybrid Napier Grass,60,6.65,48.0,39.3,24.9,52.01,Unsafe,AGRONOMIC_MULTIFACTOR_REFERENCE
PIT-018-S04,PIT-018,FARM-03,Hybrid Napier Grass,80,6.77,47.3,37.1,25.5,52.72,Unsafe,AGRONOMIC_MULTIFACTOR_REFERENCE
PIT-018-S05,PIT-018,FARM-03,Hybrid Napier Grass,60,6.7,49.5,38.7,25.1,50.52,Unsafe,AGRONOMIC_MULTIFACTOR_REFERENCE
PIT-018-S06,PIT-018,FARM-03,Hybrid Napier Grass,60,6.79,49.7,37.2,23.9,50.31,Unsafe,AGRONOMIC_MULTIFACTOR_REFERENCE
PIT-018-S07,PIT-018,FARM-03,Hybrid Napier Grass,20,6.49,48.3,36.2,24.1,51.68,Unsafe,AGRONOMIC_MULTIFACTOR_REFERENCE
PIT-018-S08,PIT-018,FARM-03,Hybrid Napier Grass,60,6.78,48.5,39.6,25.3,51.51,Unsafe,AGRONOMIC_MULTIFACTOR_REFERENCE
PIT-018-S09,PIT-018,FARM-03,Hybrid Napier Grass,60,6.68,48.6,35.9,23.8,51.41,Unsafe,AGRONOMIC_MULTIFACTOR_REFERENCE
PIT-018-S10,PIT-018,FARM-03,Hybrid Napier Grass,80,6.73,47.5,35.9,23.0,52.51,Unsafe,AGRONOMIC_MULTIFACTOR_REFERENCE
PIT-018-S11,PIT-018,FARM-03,Hybrid Napier Grass,40,6.84,47.4,36.9,24.6,52.59,Unsafe,AGRONOMIC_MULTIFACTOR_REFERENCE
PIT-018-S12,PIT-018,FARM-03,Hybrid Napier Grass,80,6.74,50.3,36.6,23.9,49.66,Unsafe,AGRONOMIC_MULTIFACTOR_REFERENCE
PIT-018-S13,PIT-018,FARM-03,Hybrid Napier Grass,80,6.65,48.5,35.1,23.7,51.49,Unsafe,AGRONOMIC_MULTIFACTOR_REFERENCE
PIT-018-S14,PIT-018,FARM-03,Hybrid Napier Grass,60,6.72,46.1,35.8,23.5,53.93,Unsafe,AGRONOMIC_MULTIFACTOR_REFERENCE
PIT-018-S15,PIT-018,FARM-03,Hybrid Napier Grass,60,6.71,48.4,37.0,23.9,51.58,Unsafe,AGRONOMIC_MULTIFACTOR_REFERENCE
PIT-018-S16,PIT-018,FARM-03,Hybrid Napier Grass,80,6.81,47.7,34.0,22.9,52.31,Unsafe,AGRONOMIC_MULTIFACTOR_REFERENCE
PIT-018-S17,PIT-018,FARM-03,Hybrid Napier Grass,80,6.65,48.2,34.1,23.3,51.77,Unsafe,AGRONOMIC_MULTIFACTOR_REFERENCE
PIT-018-S18,PIT-018,FARM-03,Hybrid Napier Grass,60,6.68,49.2,36.4,24.4,50.81,Unsafe,AGRONOMIC_MULTIFACTOR_REFERENCE
PIT-018-S19,PIT-018,FARM-03,Hybrid Napier Grass,40,6.72,47.2,35.9,23.9,52.81,Unsafe,AGRONOMIC_MULTIFACTOR_REFERENCE
PIT-018-S20,PIT-018,FARM-03,Hybrid Napier Grass,40,6.84,45.6,36.9,23.6,54.36,Unsafe,AGRONOMIC_MULTIFACTOR_REFERENCE
PIT-018-S21,PIT-018,FARM-03,Hybrid Napier Grass,80,6.73,53.7,35.3,24.2,46.29,Unsafe,AGRONOMIC_MULTIFACTOR_REFERENCE
PIT-018-S22,PIT-018,FARM-03,Hybrid Napier Grass,40,6.76,45.7,35.9,23.8,54.34,Unsafe,AGRONOMIC_MULTIFACTOR_REFERENCE
PIT-018-S23,PIT-018,FARM-03,Hybrid Napier Grass,80,6.82,47.9,35.3,23.8,52.13,Unsafe,AGRONOMIC_MULTIFACTOR_REFERENCE
PIT-018-S24,PIT-018,FARM-03,Hybrid Napier Grass,20,7.01,48.3,39.7,25.4,51.72,Unsafe,AGRONOMIC_MULTIFACTOR_REFERENCE
PIT-018-S25,PIT-018,FARM-03,Hybrid Napier Grass,60,6.8,49.5,34.7,24.2,50.48,Unsafe,AGRONOMIC_MULTIFACTOR_REFERENCE
PIT-018-S26,PIT-018,FARM-03,Hybrid Napier Grass,80,6.67,50.4,34.5,23.9,49.62,Unsafe,AGRONOMIC_MULTIFACTOR_REFERENCE
PIT-018-S27,PIT-018,FARM-03,Hybrid Napier Grass,80,6.7,51.9,37.0,24.9,48.07,Unsafe,AGRONOMIC_MULTIFACTOR_REFERENCE
PIT-018-S28,PIT-018,FARM-03,Hybrid Napier Grass,80,6.82,48.2,33.7,22.5,51.8,Unsafe,AGRONOMIC_MULTIFACTOR_REFERENCE
PIT-018-S29,PIT-018,FARM-03,Hybrid Napier Grass,40,6.95,48.4,36.4,23.7,51.63,Unsafe,AGRONOMIC_MULTIFACTOR_REFERENCE
PIT-018-S30,PIT-018,FARM-03,Hybrid Napier Grass,80,6.94,51.8,37.7,25.7,48.21,Unsafe,AGRONOMIC_MULTIFACTOR_REFERENCE
PIT-018-S31,PIT-018,FARM-03,Hybrid Napier Grass,20,6.83,46.1,37.2,25.1,53.87,Unsafe,AGRONOMIC_MULTIFACTOR_REFERENCE
PIT-018-S32,PIT-018,FARM-03,Hybrid Napier Grass,40,6.79,46.9,35.5,23.4,53.12,Unsafe,AGRONOMIC_MULTIFACTOR_REFERENCE
PIT-018-S33,PIT-018,FARM-03,Hybrid Napier Grass,60,6.66,47.9,37.0,23.5,52.11,Unsafe,AGRONOMIC_MULTIFACTOR_REFERENCE
PIT-018-S34,PIT-018,FARM-03,Hybrid Napier Grass,20,6.66,49.3,37.7,24.9,50.74,Unsafe,AGRONOMIC_MULTIFACTOR_REFERENCE
PIT-018-S35,PIT-018,FARM-03,Hybrid Napier Grass,80,6.62,48.4,37.3,24.8,51.56,Unsafe,AGRONOMIC_MULTIFACTOR_REFERENCE
PIT-018-S36,PIT-018,FARM-03,Hybrid Napier Grass,20,6.73,49.7,37.2,23.0,50.27,Unsafe,AGRONOMIC_MULTIFACTOR_REFERENCE
PIT-018-S37,PIT-018,FARM-03,Hybrid Napier Grass,80,6.76,48.3,34.5,23.2,51.7,Unsafe,AGRONOMIC_MULTIFACTOR_REFERENCE
PIT-018-S38,PIT-018,FARM-03,Hybrid Napier Grass,20,6.86,51.1,37.3,23.4,48.93,Unsafe,AGRONOMIC_MULTIFACTOR_REFERENCE
PIT-018-S39,PIT-018,FARM-03,Hybrid Napier Grass,40,6.52,47.8,35.9,23.9,52.19,Unsafe,AGRONOMIC_MULTIFACTOR_REFERENCE
PIT-018-S40,PIT-018,FARM-03,Hybrid Napier Grass,80,6.6,47.7,36.1,24.1,52.34,Unsafe,AGRONOMIC_MULTIFACTOR_REFERENCE
PIT-019-S01,PIT-019,FARM-04,Sorghum (Jowar),20,6.51,46.7,39.5,24.9,53.35,Unsafe,AGRONOMIC_MULTIFACTOR_REFERENCE
PIT-019-S02,PIT-019,FARM-04,Sorghum (Jowar),60,6.39,49.6,39.8,25.0,50.43,Unsafe,AGRONOMIC_MULTIFACTOR_REFERENCE
PIT-019-S03,PIT-019,FARM-04,Sorghum (Jowar),80,6.64,51.2,36.1,25.5,48.84,Unsafe,AGRONOMIC_MULTIFACTOR_REFERENCE
PIT-019-S04,PIT-019,FARM-04,Sorghum (Jowar),60,6.81,50.9,43.4,25.8,49.14,Unsafe,AGRONOMIC_MULTIFACTOR_REFERENCE
PIT-019-S05,PIT-019,FARM-04,Sorghum (Jowar),80,6.44,53.6,38.4,25.2,46.42,Unsafe,AGRONOMIC_MULTIFACTOR_REFERENCE
PIT-019-S06,PIT-019,FARM-04,Sorghum (Jowar),20,6.77,49.7,39.4,24.9,50.29,Unsafe,AGRONOMIC_MULTIFACTOR_REFERENCE
PIT-019-S07,PIT-019,FARM-04,Sorghum (Jowar),20,6.6,51.8,37.9,25.1,48.18,Unsafe,AGRONOMIC_MULTIFACTOR_REFERENCE
PIT-019-S08,PIT-019,FARM-04,Sorghum (Jowar),40,6.7,52.7,39.0,25.0,47.27,Unsafe,AGRONOMIC_MULTIFACTOR_REFERENCE
PIT-019-S09,PIT-019,FARM-04,Sorghum (Jowar),60,6.63,51.8,41.3,25.9,48.17,Unsafe,AGRONOMIC_MULTIFACTOR_REFERENCE
PIT-019-S10,PIT-019,FARM-04,Sorghum (Jowar),40,6.73,51.7,40.6,25.5,48.33,Unsafe,AGRONOMIC_MULTIFACTOR_REFERENCE
PIT-019-S11,PIT-019,FARM-04,Sorghum (Jowar),20,6.69,51.8,39.3,25.2,48.19,Unsafe,AGRONOMIC_MULTIFACTOR_REFERENCE
PIT-019-S12,PIT-019,FARM-04,Sorghum (Jowar),80,6.7,50.9,38.4,25.3,49.08,Unsafe,AGRONOMIC_MULTIFACTOR_REFERENCE
PIT-019-S13,PIT-019,FARM-04,Sorghum (Jowar),20,6.97,52.2,39.7,26.1,47.76,Unsafe,AGRONOMIC_MULTIFACTOR_REFERENCE
PIT-019-S14,PIT-019,FARM-04,Sorghum (Jowar),20,6.67,52.2,41.8,26.1,47.81,Unsafe,AGRONOMIC_MULTIFACTOR_REFERENCE
PIT-019-S15,PIT-019,FARM-04,Sorghum (Jowar),80,6.62,50.1,36.5,24.1,49.94,Unsafe,AGRONOMIC_MULTIFACTOR_REFERENCE
PIT-019-S16,PIT-019,FARM-04,Sorghum (Jowar),40,6.87,49.6,39.4,25.9,50.37,Unsafe,AGRONOMIC_MULTIFACTOR_REFERENCE
PIT-019-S17,PIT-019,FARM-04,Sorghum (Jowar),60,6.76,48.4,35.5,25.5,51.6,Unsafe,AGRONOMIC_MULTIFACTOR_REFERENCE
PIT-019-S18,PIT-019,FARM-04,Sorghum (Jowar),20,6.76,47.5,41.3,26.4,52.46,Unsafe,AGRONOMIC_MULTIFACTOR_REFERENCE
PIT-019-S19,PIT-019,FARM-04,Sorghum (Jowar),20,6.84,53.2,40.6,24.6,46.79,Unsafe,AGRONOMIC_MULTIFACTOR_REFERENCE
PIT-019-S20,PIT-019,FARM-04,Sorghum (Jowar),60,6.83,50.0,38.4,26.3,49.96,Unsafe,AGRONOMIC_MULTIFACTOR_REFERENCE
PIT-019-S21,PIT-019,FARM-04,Sorghum (Jowar),20,6.68,49.4,37.9,25.0,50.62,Unsafe,AGRONOMIC_MULTIFACTOR_REFERENCE
PIT-019-S22,PIT-019,FARM-04,Sorghum (Jowar),60,6.87,50.0,38.3,25.7,50.0,Unsafe,AGRONOMIC_MULTIFACTOR_REFERENCE
PIT-019-S23,PIT-019,FARM-04,Sorghum (Jowar),60,6.5,51.0,37.1,23.9,49.04,Unsafe,AGRONOMIC_MULTIFACTOR_REFERENCE
PIT-019-S24,PIT-019,FARM-04,Sorghum (Jowar),60,6.56,54.0,39.5,26.1,45.95,Unsafe,AGRONOMIC_MULTIFACTOR_REFERENCE
PIT-019-S25,PIT-019,FARM-04,Sorghum (Jowar),80,6.84,48.9,38.9,25.8,51.05,Unsafe,AGRONOMIC_MULTIFACTOR_REFERENCE
PIT-019-S26,PIT-019,FARM-04,Sorghum (Jowar),40,6.78,52.8,40.0,26.0,47.24,Unsafe,AGRONOMIC_MULTIFACTOR_REFERENCE
PIT-019-S27,PIT-019,FARM-04,Sorghum (Jowar),40,6.55,48.7,39.1,25.3,51.26,Unsafe,AGRONOMIC_MULTIFACTOR_REFERENCE
PIT-019-S28,PIT-019,FARM-04,Sorghum (Jowar),80,6.55,54.8,40.2,26.6,45.19,Unsafe,AGRONOMIC_MULTIFACTOR_REFERENCE
PIT-019-S29,PIT-019,FARM-04,Sorghum (Jowar),40,6.76,50.1,38.4,24.6,49.91,Unsafe,AGRONOMIC_MULTIFACTOR_REFERENCE
PIT-019-S30,PIT-019,FARM-04,Sorghum (Jowar),40,6.78,48.2,39.2,25.7,51.76,Unsafe,AGRONOMIC_MULTIFACTOR_REFERENCE
PIT-019-S31,PIT-019,FARM-04,Sorghum (Jowar),40,6.52,48.9,40.8,25.1,51.08,Unsafe,AGRONOMIC_MULTIFACTOR_REFERENCE
PIT-019-S32,PIT-019,FARM-04,Sorghum (Jowar),20,6.85,48.1,38.2,25.8,51.93,Unsafe,AGRONOMIC_MULTIFACTOR_REFERENCE
PIT-019-S33,PIT-019,FARM-04,Sorghum (Jowar),80,6.82,49.6,39.7,25.3,50.38,Unsafe,AGRONOMIC_MULTIFACTOR_REFERENCE
PIT-019-S34,PIT-019,FARM-04,Sorghum (Jowar),40,6.6,48.0,39.8,24.9,52.04,Unsafe,AGRONOMIC_MULTIFACTOR_REFERENCE
PIT-019-S35,PIT-019,FARM-04,Sorghum (Jowar),80,6.51,45.4,38.5,25.0,54.63,Unsafe,AGRONOMIC_MULTIFACTOR_REFERENCE
PIT-019-S36,PIT-019,FARM-04,Sorghum (Jowar),40,6.89,49.6,40.0,25.1,50.36,Unsafe,AGRONOMIC_MULTIFACTOR_REFERENCE
PIT-019-S37,PIT-019,FARM-04,Sorghum (Jowar),40,6.53,49.8,39.7,25.5,50.23,Unsafe,AGRONOMIC_MULTIFACTOR_REFERENCE
PIT-019-S38,PIT-019,FARM-04,Sorghum (Jowar),80,6.63,50.5,35.6,23.4,49.47,Unsafe,AGRONOMIC_MULTIFACTOR_REFERENCE
PIT-019-S39,PIT-019,FARM-04,Sorghum (Jowar),60,6.77,48.7,39.2,25.4,51.3,Unsafe,AGRONOMIC_MULTIFACTOR_REFERENCE
PIT-019-S40,PIT-019,FARM-04,Sorghum (Jowar),80,6.65,50.8,37.3,24.6,49.22,Unsafe,AGRONOMIC_MULTIFACTOR_REFERENCE
PIT-020-S01,PIT-020,FARM-04,Lucerne Mix,40,3.9,65.7,32.4,30.5,34.29,Safe,AGRONOMIC_MULTIFACTOR_REFERENCE
PIT-020-S02,PIT-020,FARM-04,Lucerne Mix,20,3.94,61.7,33.6,31.9,38.26,Safe,AGRONOMIC_MULTIFACTOR_REFERENCE
PIT-020-S03,PIT-020,FARM-04,Lucerne Mix,80,3.81,67.6,30.0,29.9,32.42,Safe,AGRONOMIC_MULTIFACTOR_REFERENCE
PIT-020-S04,PIT-020,FARM-04,Lucerne Mix,60,3.76,64.0,32.7,32.4,35.99,Safe,AGRONOMIC_MULTIFACTOR_REFERENCE
PIT-020-S05,PIT-020,FARM-04,Lucerne Mix,60,3.73,65.8,30.9,30.1,34.21,Safe,AGRONOMIC_MULTIFACTOR_REFERENCE
PIT-020-S06,PIT-020,FARM-04,Lucerne Mix,80,3.8,64.8,31.2,30.9,35.17,Safe,AGRONOMIC_MULTIFACTOR_REFERENCE
PIT-020-S07,PIT-020,FARM-04,Lucerne Mix,60,3.61,66.0,33.7,32.4,34.0,Safe,AGRONOMIC_MULTIFACTOR_REFERENCE
PIT-020-S08,PIT-020,FARM-04,Lucerne Mix,80,3.79,66.7,32.7,30.0,33.33,Safe,AGRONOMIC_MULTIFACTOR_REFERENCE
PIT-020-S09,PIT-020,FARM-04,Lucerne Mix,60,3.82,68.4,33.7,30.4,31.64,Caution,AGRONOMIC_MULTIFACTOR_REFERENCE
PIT-020-S10,PIT-020,FARM-04,Lucerne Mix,40,3.92,66.4,32.6,31.2,33.58,Safe,AGRONOMIC_MULTIFACTOR_REFERENCE
PIT-020-S11,PIT-020,FARM-04,Lucerne Mix,80,3.91,65.7,29.1,29.4,34.32,Safe,AGRONOMIC_MULTIFACTOR_REFERENCE
PIT-020-S12,PIT-020,FARM-04,Lucerne Mix,80,3.74,66.0,33.2,31.0,34.02,Safe,AGRONOMIC_MULTIFACTOR_REFERENCE
PIT-020-S13,PIT-020,FARM-04,Lucerne Mix,20,3.62,65.7,32.4,29.6,34.32,Safe,AGRONOMIC_MULTIFACTOR_REFERENCE
PIT-020-S14,PIT-020,FARM-04,Lucerne Mix,40,3.81,66.2,33.4,30.3,33.82,Safe,AGRONOMIC_MULTIFACTOR_REFERENCE
PIT-020-S15,PIT-020,FARM-04,Lucerne Mix,80,3.89,66.5,32.4,30.9,33.52,Safe,AGRONOMIC_MULTIFACTOR_REFERENCE
PIT-020-S16,PIT-020,FARM-04,Lucerne Mix,60,3.71,67.0,34.8,32.3,33.03,Safe,AGRONOMIC_MULTIFACTOR_REFERENCE
PIT-020-S17,PIT-020,FARM-04,Lucerne Mix,60,3.71,66.1,31.9,30.0,33.92,Safe,AGRONOMIC_MULTIFACTOR_REFERENCE
PIT-020-S18,PIT-020,FARM-04,Lucerne Mix,60,3.85,62.1,31.0,30.1,37.94,Safe,AGRONOMIC_MULTIFACTOR_REFERENCE
PIT-020-S19,PIT-020,FARM-04,Lucerne Mix,20,3.82,63.2,33.7,31.3,36.75,Safe,AGRONOMIC_MULTIFACTOR_REFERENCE
PIT-020-S20,PIT-020,FARM-04,Lucerne Mix,80,3.74,64.1,34.5,31.9,35.93,Safe,AGRONOMIC_MULTIFACTOR_REFERENCE
PIT-020-S21,PIT-020,FARM-04,Lucerne Mix,60,3.74,64.3,32.3,31.4,35.68,Safe,AGRONOMIC_MULTIFACTOR_REFERENCE
PIT-020-S22,PIT-020,FARM-04,Lucerne Mix,20,3.84,66.8,33.0,29.5,33.24,Safe,AGRONOMIC_MULTIFACTOR_REFERENCE
PIT-020-S23,PIT-020,FARM-04,Lucerne Mix,20,3.86,64.7,33.0,30.9,35.32,Safe,AGRONOMIC_MULTIFACTOR_REFERENCE
PIT-020-S24,PIT-020,FARM-04,Lucerne Mix,80,3.56,68.1,32.4,31.0,31.88,Safe,AGRONOMIC_MULTIFACTOR_REFERENCE
PIT-020-S25,PIT-020,FARM-04,Lucerne Mix,60,3.91,63.6,32.3,31.4,36.41,Safe,AGRONOMIC_MULTIFACTOR_REFERENCE
PIT-020-S26,PIT-020,FARM-04,Lucerne Mix,40,3.92,61.6,31.9,30.9,38.4,Safe,AGRONOMIC_MULTIFACTOR_REFERENCE
PIT-020-S27,PIT-020,FARM-04,Lucerne Mix,60,3.84,66.3,30.9,30.4,33.73,Safe,AGRONOMIC_MULTIFACTOR_REFERENCE
PIT-020-S28,PIT-020,FARM-04,Lucerne Mix,40,3.81,63.8,32.9,31.7,36.19,Safe,AGRONOMIC_MULTIFACTOR_REFERENCE
PIT-020-S29,PIT-020,FARM-04,Lucerne Mix,40,3.47,64.8,30.0,30.2,35.25,Safe,AGRONOMIC_MULTIFACTOR_REFERENCE
PIT-020-S30,PIT-020,FARM-04,Lucerne Mix,60,3.64,65.6,33.7,32.1,34.38,Safe,AGRONOMIC_MULTIFACTOR_REFERENCE
PIT-020-S31,PIT-020,FARM-04,Lucerne Mix,40,3.75,66.2,31.5,30.6,33.75,Safe,AGRONOMIC_MULTIFACTOR_REFERENCE
PIT-020-S32,PIT-020,FARM-04,Lucerne Mix,20,3.71,62.3,32.9,30.7,37.73,Safe,AGRONOMIC_MULTIFACTOR_REFERENCE
PIT-020-S33,PIT-020,FARM-04,Lucerne Mix,20,3.84,64.7,33.0,30.3,35.32,Safe,AGRONOMIC_MULTIFACTOR_REFERENCE
PIT-020-S34,PIT-020,FARM-04,Lucerne Mix,60,3.64,66.8,30.6,30.2,33.18,Safe,AGRONOMIC_MULTIFACTOR_REFERENCE
PIT-020-S35,PIT-020,FARM-04,Lucerne Mix,80,3.59,64.5,33.2,31.8,35.48,Safe,AGRONOMIC_MULTIFACTOR_REFERENCE
PIT-020-S36,PIT-020,FARM-04,Lucerne Mix,20,3.97,66.4,31.8,30.1,33.63,Safe,AGRONOMIC_MULTIFACTOR_REFERENCE
PIT-020-S37,PIT-020,FARM-04,Lucerne Mix,60,3.7,67.8,32.3,30.1,32.18,Safe,AGRONOMIC_MULTIFACTOR_REFERENCE
PIT-020-S38,PIT-020,FARM-04,Lucerne Mix,40,3.93,68.7,33.1,30.7,31.28,Safe,AGRONOMIC_MULTIFACTOR_REFERENCE
PIT-020-S39,PIT-020,FARM-04,Lucerne Mix,20,4.13,64.3,29.8,29.8,35.69,Safe,AGRONOMIC_MULTIFACTOR_REFERENCE
PIT-020-S40,PIT-020,FARM-04,Lucerne Mix,60,3.88,62.0,32.4,30.7,37.96,Safe,AGRONOMIC_MULTIFACTOR_REFERENCE
PIT-021-S01,PIT-021,FARM-04,Corn Silage,60,3.95,62.9,33.0,30.0,37.13,Safe,AGRONOMIC_MULTIFACTOR_REFERENCE
PIT-021-S02,PIT-021,FARM-04,Corn Silage,60,3.81,60.9,31.8,29.2,39.11,Safe,AGRONOMIC_MULTIFACTOR_REFERENCE
PIT-021-S03,PIT-021,FARM-04,Corn Silage,40,4.07,62.9,31.5,30.8,37.08,Safe,AGRONOMIC_MULTIFACTOR_REFERENCE
PIT-021-S04,PIT-021,FARM-04,Corn Silage,60,4.13,64.8,34.0,30.5,35.15,Safe,AGRONOMIC_MULTIFACTOR_REFERENCE
PIT-021-S05,PIT-021,FARM-04,Corn Silage,80,3.7,61.2,31.3,29.3,38.84,Safe,AGRONOMIC_MULTIFACTOR_REFERENCE
PIT-021-S06,PIT-021,FARM-04,Corn Silage,60,3.8,63.5,33.3,31.0,36.53,Safe,AGRONOMIC_MULTIFACTOR_REFERENCE
PIT-021-S07,PIT-021,FARM-04,Corn Silage,60,3.96,60.3,32.2,29.2,39.67,Safe,AGRONOMIC_MULTIFACTOR_REFERENCE
PIT-021-S08,PIT-021,FARM-04,Corn Silage,20,4.08,62.0,29.7,29.5,37.97,Safe,AGRONOMIC_MULTIFACTOR_REFERENCE
PIT-021-S09,PIT-021,FARM-04,Corn Silage,80,3.77,65.5,30.2,28.8,34.46,Safe,AGRONOMIC_MULTIFACTOR_REFERENCE
PIT-021-S10,PIT-021,FARM-04,Corn Silage,20,4.11,59.8,33.4,30.0,40.15,Caution,AGRONOMIC_MULTIFACTOR_REFERENCE
PIT-021-S11,PIT-021,FARM-04,Corn Silage,40,3.96,67.3,31.7,28.5,32.73,Safe,AGRONOMIC_MULTIFACTOR_REFERENCE
PIT-021-S12,PIT-021,FARM-04,Corn Silage,40,3.94,63.5,31.4,30.2,36.51,Safe,AGRONOMIC_MULTIFACTOR_REFERENCE
PIT-021-S13,PIT-021,FARM-04,Corn Silage,80,3.92,58.8,31.9,30.3,41.24,Safe,AGRONOMIC_MULTIFACTOR_REFERENCE
PIT-021-S14,PIT-021,FARM-04,Corn Silage,60,4.0,64.0,31.9,30.2,35.99,Safe,AGRONOMIC_MULTIFACTOR_REFERENCE
PIT-021-S15,PIT-021,FARM-04,Corn Silage,20,3.88,60.8,34.8,30.8,39.18,Safe,AGRONOMIC_MULTIFACTOR_REFERENCE
PIT-021-S16,PIT-021,FARM-04,Corn Silage,80,3.87,62.2,31.6,29.1,37.81,Safe,AGRONOMIC_MULTIFACTOR_REFERENCE
PIT-021-S17,PIT-021,FARM-04,Corn Silage,20,4.07,65.6,31.1,29.2,34.4,Safe,AGRONOMIC_MULTIFACTOR_REFERENCE
PIT-021-S18,PIT-021,FARM-04,Corn Silage,60,3.95,63.3,30.3,29.7,36.73,Safe,AGRONOMIC_MULTIFACTOR_REFERENCE
PIT-021-S19,PIT-021,FARM-04,Corn Silage,20,4.09,63.4,33.0,29.1,36.6,Safe,AGRONOMIC_MULTIFACTOR_REFERENCE
PIT-021-S20,PIT-021,FARM-04,Corn Silage,80,4.04,62.3,31.7,29.9,37.65,Safe,AGRONOMIC_MULTIFACTOR_REFERENCE
PIT-021-S21,PIT-021,FARM-04,Corn Silage,60,3.82,62.2,30.7,28.1,37.84,Safe,AGRONOMIC_MULTIFACTOR_REFERENCE
PIT-021-S22,PIT-021,FARM-04,Corn Silage,60,3.74,64.8,31.0,29.6,35.19,Safe,AGRONOMIC_MULTIFACTOR_REFERENCE
PIT-021-S23,PIT-021,FARM-04,Corn Silage,80,3.82,61.6,29.5,31.0,38.41,Safe,AGRONOMIC_MULTIFACTOR_REFERENCE
PIT-021-S24,PIT-021,FARM-04,Corn Silage,60,4.08,62.7,29.3,28.9,37.29,Safe,AGRONOMIC_MULTIFACTOR_REFERENCE
PIT-021-S25,PIT-021,FARM-04,Corn Silage,20,4.19,60.4,32.6,28.9,39.6,Safe,AGRONOMIC_MULTIFACTOR_REFERENCE
PIT-021-S26,PIT-021,FARM-04,Corn Silage,40,4.0,60.4,30.9,30.0,39.58,Safe,AGRONOMIC_MULTIFACTOR_REFERENCE
PIT-021-S27,PIT-021,FARM-04,Corn Silage,80,4.03,64.0,31.9,30.3,35.99,Safe,AGRONOMIC_MULTIFACTOR_REFERENCE
PIT-021-S28,PIT-021,FARM-04,Corn Silage,20,4.2,62.1,31.8,28.9,37.9,Safe,AGRONOMIC_MULTIFACTOR_REFERENCE
PIT-021-S29,PIT-021,FARM-04,Corn Silage,60,4.18,60.3,31.6,29.6,39.72,Safe,AGRONOMIC_MULTIFACTOR_REFERENCE
PIT-021-S30,PIT-021,FARM-04,Corn Silage,40,3.95,60.3,35.3,30.8,39.66,Safe,AGRONOMIC_MULTIFACTOR_REFERENCE
PIT-021-S31,PIT-021,FARM-04,Corn Silage,20,4.01,60.5,31.3,28.6,39.52,Safe,AGRONOMIC_MULTIFACTOR_REFERENCE
PIT-021-S32,PIT-021,FARM-04,Corn Silage,80,4.03,63.0,30.4,29.9,37.04,Safe,AGRONOMIC_MULTIFACTOR_REFERENCE
PIT-021-S33,PIT-021,FARM-04,Corn Silage,60,3.8,63.6,30.5,30.6,36.39,Safe,AGRONOMIC_MULTIFACTOR_REFERENCE
PIT-021-S34,PIT-021,FARM-04,Corn Silage,80,4.09,63.1,30.7,31.0,36.86,Safe,AGRONOMIC_MULTIFACTOR_REFERENCE
PIT-021-S35,PIT-021,FARM-04,Corn Silage,20,3.82,61.8,34.6,30.3,38.16,Safe,AGRONOMIC_MULTIFACTOR_REFERENCE
PIT-021-S36,PIT-021,FARM-04,Corn Silage,40,4.04,61.7,32.4,29.0,38.33,Safe,AGRONOMIC_MULTIFACTOR_REFERENCE
PIT-021-S37,PIT-021,FARM-04,Corn Silage,20,3.87,65.0,33.8,29.6,34.96,Safe,AGRONOMIC_MULTIFACTOR_REFERENCE
PIT-021-S38,PIT-021,FARM-04,Corn Silage,20,4.07,61.9,31.5,29.4,38.14,Safe,AGRONOMIC_MULTIFACTOR_REFERENCE
PIT-021-S39,PIT-021,FARM-04,Corn Silage,60,3.98,62.2,30.8,29.4,37.76,Safe,AGRONOMIC_MULTIFACTOR_REFERENCE
PIT-021-S40,PIT-021,FARM-04,Corn Silage,80,3.91,58.3,30.3,30.2,41.73,Safe,AGRONOMIC_MULTIFACTOR_REFERENCE
PIT-022-S01,PIT-022,FARM-04,Hybrid Napier Grass,80,3.7,60.9,23.3,24.5,39.08,Safe,AGRONOMIC_MULTIFACTOR_REFERENCE
PIT-022-S02,PIT-022,FARM-04,Hybrid Napier Grass,40,3.81,67.5,26.8,25.5,32.53,Safe,AGRONOMIC_MULTIFACTOR_REFERENCE
PIT-022-S03,PIT-022,FARM-04,Hybrid Napier Grass,80,3.89,64.2,24.8,25.8,35.81,Safe,AGRONOMIC_MULTIFACTOR_REFERENCE
PIT-022-S04,PIT-022,FARM-04,Hybrid Napier Grass,20,4.1,67.2,24.9,24.5,32.79,Safe,AGRONOMIC_MULTIFACTOR_REFERENCE
PIT-022-S05,PIT-022,FARM-04,Hybrid Napier Grass,80,3.8,62.2,25.8,26.3,37.78,Safe,AGRONOMIC_MULTIFACTOR_REFERENCE
PIT-022-S06,PIT-022,FARM-04,Hybrid Napier Grass,80,4.1,66.1,27.5,26.1,33.9,Safe,AGRONOMIC_MULTIFACTOR_REFERENCE
PIT-022-S07,PIT-022,FARM-04,Hybrid Napier Grass,60,4.0,62.9,26.1,25.2,37.06,Safe,AGRONOMIC_MULTIFACTOR_REFERENCE
PIT-022-S08,PIT-022,FARM-04,Hybrid Napier Grass,20,4.03,64.2,25.3,24.6,35.79,Safe,AGRONOMIC_MULTIFACTOR_REFERENCE
PIT-022-S09,PIT-022,FARM-04,Hybrid Napier Grass,60,3.86,63.8,26.7,27.5,36.18,Safe,AGRONOMIC_MULTIFACTOR_REFERENCE
PIT-022-S10,PIT-022,FARM-04,Hybrid Napier Grass,40,3.96,66.6,28.4,27.7,33.36,Safe,AGRONOMIC_MULTIFACTOR_REFERENCE
PIT-022-S11,PIT-022,FARM-04,Hybrid Napier Grass,80,3.9,65.0,26.3,26.0,35.02,Safe,AGRONOMIC_MULTIFACTOR_REFERENCE
PIT-022-S12,PIT-022,FARM-04,Hybrid Napier Grass,80,3.89,59.4,26.9,26.4,40.6,Safe,AGRONOMIC_MULTIFACTOR_REFERENCE
PIT-022-S13,PIT-022,FARM-04,Hybrid Napier Grass,40,3.87,67.6,26.0,25.3,32.36,Safe,AGRONOMIC_MULTIFACTOR_REFERENCE
PIT-022-S14,PIT-022,FARM-04,Hybrid Napier Grass,60,4.11,62.5,26.0,25.4,37.54,Safe,AGRONOMIC_MULTIFACTOR_REFERENCE
PIT-022-S15,PIT-022,FARM-04,Hybrid Napier Grass,20,4.03,64.3,25.8,24.9,35.67,Safe,AGRONOMIC_MULTIFACTOR_REFERENCE
PIT-022-S16,PIT-022,FARM-04,Hybrid Napier Grass,60,3.79,63.8,27.4,26.2,36.18,Safe,AGRONOMIC_MULTIFACTOR_REFERENCE
PIT-022-S17,PIT-022,FARM-04,Hybrid Napier Grass,60,3.65,65.9,28.3,26.1,34.13,Safe,AGRONOMIC_MULTIFACTOR_REFERENCE
PIT-022-S18,PIT-022,FARM-04,Hybrid Napier Grass,20,3.98,65.9,29.3,26.3,34.06,Safe,AGRONOMIC_MULTIFACTOR_REFERENCE
PIT-022-S19,PIT-022,FARM-04,Hybrid Napier Grass,80,3.9,63.8,29.0,27.7,36.22,Safe,AGRONOMIC_MULTIFACTOR_REFERENCE
PIT-022-S20,PIT-022,FARM-04,Hybrid Napier Grass,60,3.94,61.7,25.9,24.9,38.34,Safe,AGRONOMIC_MULTIFACTOR_REFERENCE
PIT-022-S21,PIT-022,FARM-04,Hybrid Napier Grass,40,3.91,62.9,28.9,26.0,37.15,Safe,AGRONOMIC_MULTIFACTOR_REFERENCE
PIT-022-S22,PIT-022,FARM-04,Hybrid Napier Grass,20,4.01,61.9,26.4,25.8,38.1,Safe,AGRONOMIC_MULTIFACTOR_REFERENCE
PIT-022-S23,PIT-022,FARM-04,Hybrid Napier Grass,80,3.79,63.2,24.5,25.5,36.79,Safe,AGRONOMIC_MULTIFACTOR_REFERENCE
PIT-022-S24,PIT-022,FARM-04,Hybrid Napier Grass,20,3.91,62.9,27.3,23.5,37.05,Safe,AGRONOMIC_MULTIFACTOR_REFERENCE
PIT-022-S25,PIT-022,FARM-04,Hybrid Napier Grass,40,4.03,63.3,25.7,25.9,36.72,Safe,AGRONOMIC_MULTIFACTOR_REFERENCE
PIT-022-S26,PIT-022,FARM-04,Hybrid Napier Grass,20,4.13,67.4,28.7,26.0,32.63,Safe,AGRONOMIC_MULTIFACTOR_REFERENCE
PIT-022-S27,PIT-022,FARM-04,Hybrid Napier Grass,20,3.95,61.6,27.2,25.6,38.45,Safe,AGRONOMIC_MULTIFACTOR_REFERENCE
PIT-022-S28,PIT-022,FARM-04,Hybrid Napier Grass,60,3.81,63.6,26.5,25.8,36.44,Safe,AGRONOMIC_MULTIFACTOR_REFERENCE
PIT-022-S29,PIT-022,FARM-04,Hybrid Napier Grass,40,3.9,62.0,25.0,25.3,37.95,Safe,AGRONOMIC_MULTIFACTOR_REFERENCE
PIT-022-S30,PIT-022,FARM-04,Hybrid Napier Grass,40,4.01,60.2,29.5,26.8,39.83,Safe,AGRONOMIC_MULTIFACTOR_REFERENCE
PIT-022-S31,PIT-022,FARM-04,Hybrid Napier Grass,40,3.86,59.3,26.7,25.6,40.73,Safe,AGRONOMIC_MULTIFACTOR_REFERENCE
PIT-022-S32,PIT-022,FARM-04,Hybrid Napier Grass,20,3.81,63.0,29.4,27.1,36.97,Safe,AGRONOMIC_MULTIFACTOR_REFERENCE
PIT-022-S33,PIT-022,FARM-04,Hybrid Napier Grass,40,3.79,61.1,26.5,25.6,38.92,Safe,AGRONOMIC_MULTIFACTOR_REFERENCE
PIT-022-S34,PIT-022,FARM-04,Hybrid Napier Grass,40,3.96,63.0,29.6,26.3,37.01,Safe,AGRONOMIC_MULTIFACTOR_REFERENCE
PIT-022-S35,PIT-022,FARM-04,Hybrid Napier Grass,40,4.0,63.9,26.5,25.7,36.13,Safe,AGRONOMIC_MULTIFACTOR_REFERENCE
PIT-022-S36,PIT-022,FARM-04,Hybrid Napier Grass,60,4.01,62.8,26.7,25.9,37.17,Safe,AGRONOMIC_MULTIFACTOR_REFERENCE
PIT-022-S37,PIT-022,FARM-04,Hybrid Napier Grass,40,3.84,61.5,27.2,26.1,38.51,Safe,AGRONOMIC_MULTIFACTOR_REFERENCE
PIT-022-S38,PIT-022,FARM-04,Hybrid Napier Grass,20,3.99,63.0,27.4,26.9,37.0,Safe,AGRONOMIC_MULTIFACTOR_REFERENCE
PIT-022-S39,PIT-022,FARM-04,Hybrid Napier Grass,60,4.07,60.8,27.5,26.2,39.19,Safe,AGRONOMIC_MULTIFACTOR_REFERENCE
PIT-022-S40,PIT-022,FARM-04,Hybrid Napier Grass,40,3.8,64.7,25.6,26.9,35.28,Safe,AGRONOMIC_MULTIFACTOR_REFERENCE
PIT-023-S01,PIT-023,FARM-04,Sorghum (Jowar),40,6.1,75.7,35.5,22.5,24.3,Unsafe,AGRONOMIC_MULTIFACTOR_REFERENCE
PIT-023-S02,PIT-023,FARM-04,Sorghum (Jowar),60,5.94,78.1,36.2,23.2,21.93,Unsafe,AGRONOMIC_MULTIFACTOR_REFERENCE
PIT-023-S03,PIT-023,FARM-04,Sorghum (Jowar),20,5.85,78.3,38.1,24.5,21.71,Unsafe,AGRONOMIC_MULTIFACTOR_REFERENCE
PIT-023-S04,PIT-023,FARM-04,Sorghum (Jowar),40,6.03,78.0,37.9,25.0,22.04,Unsafe,AGRONOMIC_MULTIFACTOR_REFERENCE
PIT-023-S05,PIT-023,FARM-04,Sorghum (Jowar),60,6.09,78.7,33.9,23.3,21.28,Unsafe,AGRONOMIC_MULTIFACTOR_REFERENCE
PIT-023-S06,PIT-023,FARM-04,Sorghum (Jowar),20,6.11,82.8,34.4,24.0,17.2,Unsafe,AGRONOMIC_MULTIFACTOR_REFERENCE
PIT-023-S07,PIT-023,FARM-04,Sorghum (Jowar),40,6.21,80.8,36.7,23.9,19.25,Unsafe,AGRONOMIC_MULTIFACTOR_REFERENCE
PIT-023-S08,PIT-023,FARM-04,Sorghum (Jowar),80,5.85,80.1,31.6,22.9,19.88,Unsafe,AGRONOMIC_MULTIFACTOR_REFERENCE
PIT-023-S09,PIT-023,FARM-04,Sorghum (Jowar),20,6.11,84.7,33.4,21.8,15.29,Unsafe,AGRONOMIC_MULTIFACTOR_REFERENCE
PIT-023-S10,PIT-023,FARM-04,Sorghum (Jowar),20,6.15,80.4,33.4,23.2,19.59,Unsafe,AGRONOMIC_MULTIFACTOR_REFERENCE
PIT-023-S11,PIT-023,FARM-04,Sorghum (Jowar),80,6.01,78.8,33.3,21.6,21.18,Unsafe,AGRONOMIC_MULTIFACTOR_REFERENCE
PIT-023-S12,PIT-023,FARM-04,Sorghum (Jowar),80,6.1,80.3,35.1,23.5,19.72,Unsafe,AGRONOMIC_MULTIFACTOR_REFERENCE
PIT-023-S13,PIT-023,FARM-04,Sorghum (Jowar),60,6.04,81.8,35.3,23.1,18.19,Unsafe,AGRONOMIC_MULTIFACTOR_REFERENCE
PIT-023-S14,PIT-023,FARM-04,Sorghum (Jowar),20,6.11,80.5,34.2,22.3,19.46,Unsafe,AGRONOMIC_MULTIFACTOR_REFERENCE
PIT-023-S15,PIT-023,FARM-04,Sorghum (Jowar),80,5.88,79.0,31.9,22.7,20.96,Unsafe,AGRONOMIC_MULTIFACTOR_REFERENCE
PIT-023-S16,PIT-023,FARM-04,Sorghum (Jowar),40,6.3,82.6,34.7,24.9,17.42,Unsafe,AGRONOMIC_MULTIFACTOR_REFERENCE
PIT-023-S17,PIT-023,FARM-04,Sorghum (Jowar),20,6.08,77.9,33.3,22.8,22.14,Unsafe,AGRONOMIC_MULTIFACTOR_REFERENCE
PIT-023-S18,PIT-023,FARM-04,Sorghum (Jowar),60,6.16,79.5,35.6,24.2,20.53,Unsafe,AGRONOMIC_MULTIFACTOR_REFERENCE
PIT-023-S19,PIT-023,FARM-04,Sorghum (Jowar),80,6.26,77.5,36.0,24.3,22.48,Unsafe,AGRONOMIC_MULTIFACTOR_REFERENCE
PIT-023-S20,PIT-023,FARM-04,Sorghum (Jowar),20,5.95,82.0,34.9,23.6,18.0,Unsafe,AGRONOMIC_MULTIFACTOR_REFERENCE
PIT-023-S21,PIT-023,FARM-04,Sorghum (Jowar),20,5.97,78.9,36.5,25.0,21.11,Unsafe,AGRONOMIC_MULTIFACTOR_REFERENCE
PIT-023-S22,PIT-023,FARM-04,Sorghum (Jowar),80,6.08,78.8,34.3,22.7,21.24,Unsafe,AGRONOMIC_MULTIFACTOR_REFERENCE
PIT-023-S23,PIT-023,FARM-04,Sorghum (Jowar),80,5.82,79.4,33.9,23.3,20.56,Unsafe,AGRONOMIC_MULTIFACTOR_REFERENCE
PIT-023-S24,PIT-023,FARM-04,Sorghum (Jowar),80,5.96,80.9,35.1,23.9,19.1,Unsafe,AGRONOMIC_MULTIFACTOR_REFERENCE
PIT-023-S25,PIT-023,FARM-04,Sorghum (Jowar),20,5.95,79.7,36.8,24.3,20.32,Unsafe,AGRONOMIC_MULTIFACTOR_REFERENCE
PIT-023-S26,PIT-023,FARM-04,Sorghum (Jowar),80,5.82,80.8,32.2,21.7,19.18,Unsafe,AGRONOMIC_MULTIFACTOR_REFERENCE
PIT-023-S27,PIT-023,FARM-04,Sorghum (Jowar),80,6.21,78.5,33.9,22.7,21.52,Unsafe,AGRONOMIC_MULTIFACTOR_REFERENCE
PIT-023-S28,PIT-023,FARM-04,Sorghum (Jowar),20,5.89,79.0,34.7,23.8,20.95,Unsafe,AGRONOMIC_MULTIFACTOR_REFERENCE
PIT-023-S29,PIT-023,FARM-04,Sorghum (Jowar),20,6.04,81.5,35.5,23.7,18.47,Unsafe,AGRONOMIC_MULTIFACTOR_REFERENCE
PIT-023-S30,PIT-023,FARM-04,Sorghum (Jowar),60,5.97,80.9,34.5,23.2,19.15,Unsafe,AGRONOMIC_MULTIFACTOR_REFERENCE
PIT-023-S31,PIT-023,FARM-04,Sorghum (Jowar),40,5.98,79.9,33.7,22.5,20.14,Unsafe,AGRONOMIC_MULTIFACTOR_REFERENCE
PIT-023-S32,PIT-023,FARM-04,Sorghum (Jowar),20,5.97,78.2,35.3,23.5,21.82,Unsafe,AGRONOMIC_MULTIFACTOR_REFERENCE
PIT-023-S33,PIT-023,FARM-04,Sorghum (Jowar),40,6.14,79.4,35.4,23.6,20.59,Unsafe,AGRONOMIC_MULTIFACTOR_REFERENCE
PIT-023-S34,PIT-023,FARM-04,Sorghum (Jowar),60,6.06,78.7,34.6,23.4,21.3,Unsafe,AGRONOMIC_MULTIFACTOR_REFERENCE
PIT-023-S35,PIT-023,FARM-04,Sorghum (Jowar),60,6.01,76.4,36.7,23.4,23.57,Unsafe,AGRONOMIC_MULTIFACTOR_REFERENCE
PIT-023-S36,PIT-023,FARM-04,Sorghum (Jowar),80,5.94,78.9,34.3,23.6,21.12,Unsafe,AGRONOMIC_MULTIFACTOR_REFERENCE
PIT-023-S37,PIT-023,FARM-04,Sorghum (Jowar),60,6.15,77.9,35.3,23.9,22.08,Unsafe,AGRONOMIC_MULTIFACTOR_REFERENCE
PIT-023-S38,PIT-023,FARM-04,Sorghum (Jowar),80,5.96,80.8,35.5,24.1,19.2,Unsafe,AGRONOMIC_MULTIFACTOR_REFERENCE
PIT-023-S39,PIT-023,FARM-04,Sorghum (Jowar),80,5.84,81.7,33.7,23.3,18.34,Unsafe,AGRONOMIC_MULTIFACTOR_REFERENCE
PIT-023-S40,PIT-023,FARM-04,Sorghum (Jowar),20,6.08,79.9,35.8,24.3,20.08,Unsafe,AGRONOMIC_MULTIFACTOR_REFERENCE
PIT-024-S01,PIT-024,FARM-04,Lucerne Mix,80,5.14,78.2,42.2,26.4,21.82,Unsafe,AGRONOMIC_MULTIFACTOR_REFERENCE
PIT-024-S02,PIT-024,FARM-04,Lucerne Mix,60,5.38,77.4,43.3,28.3,22.64,Unsafe,AGRONOMIC_MULTIFACTOR_REFERENCE
PIT-024-S03,PIT-024,FARM-04,Lucerne Mix,80,5.43,78.6,42.0,26.7,21.38,Unsafe,AGRONOMIC_MULTIFACTOR_REFERENCE
PIT-024-S04,PIT-024,FARM-04,Lucerne Mix,80,5.42,80.8,41.0,27.0,19.2,Unsafe,AGRONOMIC_MULTIFACTOR_REFERENCE
PIT-024-S05,PIT-024,FARM-04,Lucerne Mix,80,5.21,79.5,41.2,27.0,20.51,Unsafe,AGRONOMIC_MULTIFACTOR_REFERENCE
PIT-024-S06,PIT-024,FARM-04,Lucerne Mix,20,5.5,81.5,40.2,25.6,18.49,Unsafe,AGRONOMIC_MULTIFACTOR_REFERENCE
PIT-024-S07,PIT-024,FARM-04,Lucerne Mix,60,5.29,79.4,42.1,25.9,20.55,Unsafe,AGRONOMIC_MULTIFACTOR_REFERENCE
PIT-024-S08,PIT-024,FARM-04,Lucerne Mix,80,5.33,79.0,38.1,25.2,21.04,Unsafe,AGRONOMIC_MULTIFACTOR_REFERENCE
PIT-024-S09,PIT-024,FARM-04,Lucerne Mix,60,5.34,75.1,41.7,27.1,24.95,Unsafe,AGRONOMIC_MULTIFACTOR_REFERENCE
PIT-024-S10,PIT-024,FARM-04,Lucerne Mix,60,5.7,83.0,40.8,26.2,16.95,Unsafe,AGRONOMIC_MULTIFACTOR_REFERENCE
PIT-024-S11,PIT-024,FARM-04,Lucerne Mix,60,5.43,82.0,37.8,25.0,18.04,Unsafe,AGRONOMIC_MULTIFACTOR_REFERENCE
PIT-024-S12,PIT-024,FARM-04,Lucerne Mix,40,5.26,79.9,43.0,26.7,20.06,Unsafe,AGRONOMIC_MULTIFACTOR_REFERENCE
PIT-024-S13,PIT-024,FARM-04,Lucerne Mix,80,5.13,74.7,40.4,27.0,25.28,Unsafe,AGRONOMIC_MULTIFACTOR_REFERENCE
PIT-024-S14,PIT-024,FARM-04,Lucerne Mix,20,5.13,79.2,42.4,26.9,20.85,Unsafe,AGRONOMIC_MULTIFACTOR_REFERENCE
PIT-024-S15,PIT-024,FARM-04,Lucerne Mix,20,5.31,78.6,40.1,26.0,21.39,Unsafe,AGRONOMIC_MULTIFACTOR_REFERENCE
PIT-024-S16,PIT-024,FARM-04,Lucerne Mix,20,5.28,79.8,42.3,26.6,20.17,Unsafe,AGRONOMIC_MULTIFACTOR_REFERENCE
PIT-024-S17,PIT-024,FARM-04,Lucerne Mix,20,5.25,78.6,40.3,24.6,21.43,Unsafe,AGRONOMIC_MULTIFACTOR_REFERENCE
PIT-024-S18,PIT-024,FARM-04,Lucerne Mix,80,5.45,76.2,40.6,25.8,23.76,Unsafe,AGRONOMIC_MULTIFACTOR_REFERENCE
PIT-024-S19,PIT-024,FARM-04,Lucerne Mix,20,5.52,78.1,39.1,25.7,21.91,Unsafe,AGRONOMIC_MULTIFACTOR_REFERENCE
PIT-024-S20,PIT-024,FARM-04,Lucerne Mix,60,5.32,82.6,41.3,26.5,17.43,Unsafe,AGRONOMIC_MULTIFACTOR_REFERENCE
PIT-024-S21,PIT-024,FARM-04,Lucerne Mix,40,5.38,78.9,41.7,25.7,21.13,Unsafe,AGRONOMIC_MULTIFACTOR_REFERENCE
PIT-024-S22,PIT-024,FARM-04,Lucerne Mix,20,5.4,78.9,42.5,25.5,21.08,Unsafe,AGRONOMIC_MULTIFACTOR_REFERENCE
PIT-024-S23,PIT-024,FARM-04,Lucerne Mix,60,5.39,77.9,41.3,27.1,22.1,Unsafe,AGRONOMIC_MULTIFACTOR_REFERENCE
PIT-024-S24,PIT-024,FARM-04,Lucerne Mix,20,5.27,77.5,41.0,24.9,22.48,Unsafe,AGRONOMIC_MULTIFACTOR_REFERENCE
PIT-024-S25,PIT-024,FARM-04,Lucerne Mix,80,5.06,76.7,38.9,24.6,23.32,Unsafe,AGRONOMIC_MULTIFACTOR_REFERENCE
PIT-024-S26,PIT-024,FARM-04,Lucerne Mix,60,5.29,78.3,38.9,25.5,21.7,Unsafe,AGRONOMIC_MULTIFACTOR_REFERENCE
PIT-024-S27,PIT-024,FARM-04,Lucerne Mix,80,5.33,77.9,39.9,26.6,22.1,Unsafe,AGRONOMIC_MULTIFACTOR_REFERENCE
PIT-024-S28,PIT-024,FARM-04,Lucerne Mix,20,5.39,81.2,41.9,26.8,18.76,Unsafe,AGRONOMIC_MULTIFACTOR_REFERENCE
PIT-024-S29,PIT-024,FARM-04,Lucerne Mix,60,5.34,78.5,40.7,26.3,21.54,Unsafe,AGRONOMIC_MULTIFACTOR_REFERENCE
PIT-024-S30,PIT-024,FARM-04,Lucerne Mix,60,5.29,79.3,39.1,25.5,20.73,Unsafe,AGRONOMIC_MULTIFACTOR_REFERENCE
PIT-024-S31,PIT-024,FARM-04,Lucerne Mix,60,5.14,76.0,40.3,25.3,23.99,Unsafe,AGRONOMIC_MULTIFACTOR_REFERENCE
PIT-024-S32,PIT-024,FARM-04,Lucerne Mix,20,5.26,79.8,39.7,26.3,20.18,Unsafe,AGRONOMIC_MULTIFACTOR_REFERENCE
PIT-024-S33,PIT-024,FARM-04,Lucerne Mix,40,5.42,80.4,41.1,25.5,19.65,Unsafe,AGRONOMIC_MULTIFACTOR_REFERENCE
PIT-024-S34,PIT-024,FARM-04,Lucerne Mix,40,5.24,79.1,38.5,25.3,20.93,Unsafe,AGRONOMIC_MULTIFACTOR_REFERENCE
PIT-024-S35,PIT-024,FARM-04,Lucerne Mix,80,5.23,78.7,39.0,26.0,21.33,Unsafe,AGRONOMIC_MULTIFACTOR_REFERENCE
PIT-024-S36,PIT-024,FARM-04,Lucerne Mix,40,5.29,79.4,41.6,26.3,20.62,Unsafe,AGRONOMIC_MULTIFACTOR_REFERENCE
PIT-024-S37,PIT-024,FARM-04,Lucerne Mix,20,5.29,81.0,41.5,25.4,19.0,Unsafe,AGRONOMIC_MULTIFACTOR_REFERENCE
PIT-024-S38,PIT-024,FARM-04,Lucerne Mix,60,5.45,79.8,40.3,26.1,20.24,Unsafe,AGRONOMIC_MULTIFACTOR_REFERENCE
PIT-024-S39,PIT-024,FARM-04,Lucerne Mix,60,5.43,76.3,39.8,25.5,23.67,Unsafe,AGRONOMIC_MULTIFACTOR_REFERENCE
PIT-024-S40,PIT-024,FARM-04,Lucerne Mix,20,5.52,79.6,40.7,25.5,20.42,Unsafe,AGRONOMIC_MULTIFACTOR_REFERENCE
PIT-025-S01,PIT-025,FARM-05,Corn Silage,60,5.99,79.0,40.4,28.9,21.01,Unsafe,AGRONOMIC_MULTIFACTOR_REFERENCE
PIT-025-S02,PIT-025,FARM-05,Corn Silage,20,6.32,81.8,42.3,29.0,18.24,Unsafe,AGRONOMIC_MULTIFACTOR_REFERENCE
PIT-025-S03,PIT-025,FARM-05,Corn Silage,40,6.08,77.7,41.6,27.7,22.31,Unsafe,AGRONOMIC_MULTIFACTOR_REFERENCE
PIT-025-S04,PIT-025,FARM-05,Corn Silage,60,6.22,78.3,40.7,27.8,21.73,Unsafe,AGRONOMIC_MULTIFACTOR_REFERENCE
PIT-025-S05,PIT-025,FARM-05,Corn Silage,60,5.9,81.3,40.3,27.5,18.67,Unsafe,AGRONOMIC_MULTIFACTOR_REFERENCE
PIT-025-S06,PIT-025,FARM-05,Corn Silage,60,6.01,78.8,40.9,28.1,21.16,Unsafe,AGRONOMIC_MULTIFACTOR_REFERENCE
PIT-025-S07,PIT-025,FARM-05,Corn Silage,60,6.02,79.0,43.2,28.3,21.05,Unsafe,AGRONOMIC_MULTIFACTOR_REFERENCE
PIT-025-S08,PIT-025,FARM-05,Corn Silage,20,6.14,82.1,41.0,27.0,17.94,Unsafe,AGRONOMIC_MULTIFACTOR_REFERENCE
PIT-025-S09,PIT-025,FARM-05,Corn Silage,40,5.97,77.6,42.2,27.5,22.39,Unsafe,AGRONOMIC_MULTIFACTOR_REFERENCE
PIT-025-S10,PIT-025,FARM-05,Corn Silage,40,6.21,80.7,40.1,26.9,19.3,Unsafe,AGRONOMIC_MULTIFACTOR_REFERENCE
PIT-025-S11,PIT-025,FARM-05,Corn Silage,80,6.07,80.6,38.3,26.6,19.42,Unsafe,AGRONOMIC_MULTIFACTOR_REFERENCE
PIT-025-S12,PIT-025,FARM-05,Corn Silage,20,6.12,81.2,40.0,26.3,18.77,Unsafe,AGRONOMIC_MULTIFACTOR_REFERENCE
PIT-025-S13,PIT-025,FARM-05,Corn Silage,40,6.11,81.8,42.7,28.6,18.21,Unsafe,AGRONOMIC_MULTIFACTOR_REFERENCE
PIT-025-S14,PIT-025,FARM-05,Corn Silage,20,6.03,76.8,42.7,27.8,23.17,Unsafe,AGRONOMIC_MULTIFACTOR_REFERENCE
PIT-025-S15,PIT-025,FARM-05,Corn Silage,20,6.29,81.5,42.7,28.4,18.46,Unsafe,AGRONOMIC_MULTIFACTOR_REFERENCE
PIT-025-S16,PIT-025,FARM-05,Corn Silage,40,6.03,80.0,41.8,29.4,19.97,Unsafe,AGRONOMIC_MULTIFACTOR_REFERENCE
PIT-025-S17,PIT-025,FARM-05,Corn Silage,80,6.23,79.7,40.2,29.2,20.31,Unsafe,AGRONOMIC_MULTIFACTOR_REFERENCE
PIT-025-S18,PIT-025,FARM-05,Corn Silage,80,6.11,78.9,39.8,27.0,21.06,Unsafe,AGRONOMIC_MULTIFACTOR_REFERENCE
PIT-025-S19,PIT-025,FARM-05,Corn Silage,80,6.16,78.7,39.4,26.9,21.26,Unsafe,AGRONOMIC_MULTIFACTOR_REFERENCE
PIT-025-S20,PIT-025,FARM-05,Corn Silage,60,6.06,81.3,41.8,28.8,18.75,Unsafe,AGRONOMIC_MULTIFACTOR_REFERENCE
PIT-025-S21,PIT-025,FARM-05,Corn Silage,40,6.32,80.7,39.5,27.8,19.33,Unsafe,AGRONOMIC_MULTIFACTOR_REFERENCE
PIT-025-S22,PIT-025,FARM-05,Corn Silage,60,6.04,79.7,42.4,28.9,20.34,Unsafe,AGRONOMIC_MULTIFACTOR_REFERENCE
PIT-025-S23,PIT-025,FARM-05,Corn Silage,60,5.93,80.6,43.3,28.6,19.42,Unsafe,AGRONOMIC_MULTIFACTOR_REFERENCE
PIT-025-S24,PIT-025,FARM-05,Corn Silage,60,6.17,81.6,41.6,28.1,18.37,Unsafe,AGRONOMIC_MULTIFACTOR_REFERENCE
PIT-025-S25,PIT-025,FARM-05,Corn Silage,20,6.28,77.9,40.8,27.8,22.13,Unsafe,AGRONOMIC_MULTIFACTOR_REFERENCE
PIT-025-S26,PIT-025,FARM-05,Corn Silage,20,6.17,82.5,38.8,27.6,17.52,Unsafe,AGRONOMIC_MULTIFACTOR_REFERENCE
PIT-025-S27,PIT-025,FARM-05,Corn Silage,40,6.05,81.9,42.4,28.5,18.09,Unsafe,AGRONOMIC_MULTIFACTOR_REFERENCE
PIT-025-S28,PIT-025,FARM-05,Corn Silage,40,6.06,78.0,41.0,28.5,22.04,Unsafe,AGRONOMIC_MULTIFACTOR_REFERENCE
PIT-025-S29,PIT-025,FARM-05,Corn Silage,20,6.39,81.3,40.8,27.6,18.71,Unsafe,AGRONOMIC_MULTIFACTOR_REFERENCE
PIT-025-S30,PIT-025,FARM-05,Corn Silage,20,6.12,79.8,43.0,29.0,20.17,Unsafe,AGRONOMIC_MULTIFACTOR_REFERENCE
PIT-025-S31,PIT-025,FARM-05,Corn Silage,60,5.98,83.7,42.0,28.1,16.33,Unsafe,AGRONOMIC_MULTIFACTOR_REFERENCE
PIT-025-S32,PIT-025,FARM-05,Corn Silage,80,5.96,80.9,38.9,28.3,19.08,Unsafe,AGRONOMIC_MULTIFACTOR_REFERENCE
PIT-025-S33,PIT-025,FARM-05,Corn Silage,80,6.28,82.6,39.2,27.8,17.41,Unsafe,AGRONOMIC_MULTIFACTOR_REFERENCE
PIT-025-S34,PIT-025,FARM-05,Corn Silage,80,6.08,80.4,41.2,28.4,19.58,Unsafe,AGRONOMIC_MULTIFACTOR_REFERENCE
PIT-025-S35,PIT-025,FARM-05,Corn Silage,80,6.1,82.9,40.0,28.5,17.13,Unsafe,AGRONOMIC_MULTIFACTOR_REFERENCE
PIT-025-S36,PIT-025,FARM-05,Corn Silage,80,6.2,83.2,42.0,30.6,16.78,Unsafe,AGRONOMIC_MULTIFACTOR_REFERENCE
PIT-025-S37,PIT-025,FARM-05,Corn Silage,60,6.1,76.5,41.0,28.5,23.48,Unsafe,AGRONOMIC_MULTIFACTOR_REFERENCE
PIT-025-S38,PIT-025,FARM-05,Corn Silage,40,6.33,78.9,39.7,26.7,21.13,Unsafe,AGRONOMIC_MULTIFACTOR_REFERENCE
PIT-025-S39,PIT-025,FARM-05,Corn Silage,20,5.89,81.6,40.3,26.4,18.38,Unsafe,AGRONOMIC_MULTIFACTOR_REFERENCE
PIT-025-S40,PIT-025,FARM-05,Corn Silage,60,5.82,79.7,42.8,29.4,20.31,Unsafe,AGRONOMIC_MULTIFACTOR_REFERENCE
PIT-026-S01,PIT-026,FARM-05,Hybrid Napier Grass,20,3.84,64.7,29.4,26.9,35.32,Safe,AGRONOMIC_MULTIFACTOR_REFERENCE
PIT-026-S02,PIT-026,FARM-05,Hybrid Napier Grass,40,3.75,65.8,25.6,24.7,34.2,Safe,AGRONOMIC_MULTIFACTOR_REFERENCE
PIT-026-S03,PIT-026,FARM-05,Hybrid Napier Grass,80,3.79,65.9,26.2,26.9,34.13,Safe,AGRONOMIC_MULTIFACTOR_REFERENCE
PIT-026-S04,PIT-026,FARM-05,Hybrid Napier Grass,20,3.83,65.1,28.2,26.8,34.91,Safe,AGRONOMIC_MULTIFACTOR_REFERENCE
PIT-026-S05,PIT-026,FARM-05,Hybrid Napier Grass,20,3.89,66.0,28.4,26.5,34.02,Safe,AGRONOMIC_MULTIFACTOR_REFERENCE
PIT-026-S06,PIT-026,FARM-05,Hybrid Napier Grass,40,4.17,62.2,27.9,25.4,37.83,Safe,AGRONOMIC_MULTIFACTOR_REFERENCE
PIT-026-S07,PIT-026,FARM-05,Hybrid Napier Grass,60,3.8,64.2,27.2,26.2,35.84,Safe,AGRONOMIC_MULTIFACTOR_REFERENCE
PIT-026-S08,PIT-026,FARM-05,Hybrid Napier Grass,40,4.11,66.2,27.6,27.6,33.82,Safe,AGRONOMIC_MULTIFACTOR_REFERENCE
PIT-026-S09,PIT-026,FARM-05,Hybrid Napier Grass,40,3.78,59.6,28.9,26.2,40.38,Safe,AGRONOMIC_MULTIFACTOR_REFERENCE
PIT-026-S10,PIT-026,FARM-05,Hybrid Napier Grass,60,3.95,64.3,27.3,26.8,35.67,Safe,AGRONOMIC_MULTIFACTOR_REFERENCE
PIT-026-S11,PIT-026,FARM-05,Hybrid Napier Grass,60,3.91,66.1,27.1,25.6,33.89,Safe,AGRONOMIC_MULTIFACTOR_REFERENCE
PIT-026-S12,PIT-026,FARM-05,Hybrid Napier Grass,60,4.0,64.0,31.8,27.4,36.02,Safe,AGRONOMIC_MULTIFACTOR_REFERENCE
PIT-026-S13,PIT-026,FARM-05,Hybrid Napier Grass,20,3.93,65.4,28.5,26.3,34.56,Safe,AGRONOMIC_MULTIFACTOR_REFERENCE
PIT-026-S14,PIT-026,FARM-05,Hybrid Napier Grass,20,4.0,65.1,28.3,26.1,34.92,Safe,AGRONOMIC_MULTIFACTOR_REFERENCE
PIT-026-S15,PIT-026,FARM-05,Hybrid Napier Grass,80,4.03,65.5,28.2,27.6,34.46,Safe,AGRONOMIC_MULTIFACTOR_REFERENCE
PIT-026-S16,PIT-026,FARM-05,Hybrid Napier Grass,80,3.94,65.2,27.3,26.1,34.77,Safe,AGRONOMIC_MULTIFACTOR_REFERENCE
PIT-026-S17,PIT-026,FARM-05,Hybrid Napier Grass,40,3.79,63.6,29.0,27.0,36.41,Safe,AGRONOMIC_MULTIFACTOR_REFERENCE
PIT-026-S18,PIT-026,FARM-05,Hybrid Napier Grass,40,3.77,66.6,28.2,27.3,33.37,Safe,AGRONOMIC_MULTIFACTOR_REFERENCE
PIT-026-S19,PIT-026,FARM-05,Hybrid Napier Grass,80,3.67,64.5,27.5,26.5,35.53,Safe,AGRONOMIC_MULTIFACTOR_REFERENCE
PIT-026-S20,PIT-026,FARM-05,Hybrid Napier Grass,40,3.87,61.1,27.9,26.6,38.88,Safe,AGRONOMIC_MULTIFACTOR_REFERENCE
PIT-026-S21,PIT-026,FARM-05,Hybrid Napier Grass,60,3.96,63.5,27.3,28.2,36.53,Safe,AGRONOMIC_MULTIFACTOR_REFERENCE
PIT-026-S22,PIT-026,FARM-05,Hybrid Napier Grass,20,4.1,64.3,29.7,27.6,35.67,Safe,AGRONOMIC_MULTIFACTOR_REFERENCE
PIT-026-S23,PIT-026,FARM-05,Hybrid Napier Grass,80,3.99,64.0,28.4,26.0,35.97,Safe,AGRONOMIC_MULTIFACTOR_REFERENCE
PIT-026-S24,PIT-026,FARM-05,Hybrid Napier Grass,20,3.93,65.1,28.8,27.9,34.87,Safe,AGRONOMIC_MULTIFACTOR_REFERENCE
PIT-026-S25,PIT-026,FARM-05,Hybrid Napier Grass,80,3.92,63.7,27.7,26.8,36.33,Safe,AGRONOMIC_MULTIFACTOR_REFERENCE
PIT-026-S26,PIT-026,FARM-05,Hybrid Napier Grass,20,3.76,63.3,31.0,27.9,36.67,Safe,AGRONOMIC_MULTIFACTOR_REFERENCE
PIT-026-S27,PIT-026,FARM-05,Hybrid Napier Grass,80,3.85,65.2,29.0,26.6,34.83,Safe,AGRONOMIC_MULTIFACTOR_REFERENCE
PIT-026-S28,PIT-026,FARM-05,Hybrid Napier Grass,20,3.92,65.1,29.0,27.8,34.85,Safe,AGRONOMIC_MULTIFACTOR_REFERENCE
PIT-026-S29,PIT-026,FARM-05,Hybrid Napier Grass,60,4.07,62.0,29.0,28.2,38.02,Safe,AGRONOMIC_MULTIFACTOR_REFERENCE
PIT-026-S30,PIT-026,FARM-05,Hybrid Napier Grass,80,3.82,61.3,26.2,26.5,38.67,Safe,AGRONOMIC_MULTIFACTOR_REFERENCE
PIT-026-S31,PIT-026,FARM-05,Hybrid Napier Grass,80,3.78,64.5,28.7,27.6,35.52,Safe,AGRONOMIC_MULTIFACTOR_REFERENCE
PIT-026-S32,PIT-026,FARM-05,Hybrid Napier Grass,80,3.89,62.8,29.0,26.2,37.24,Safe,AGRONOMIC_MULTIFACTOR_REFERENCE
PIT-026-S33,PIT-026,FARM-05,Hybrid Napier Grass,60,3.8,67.7,27.9,26.7,32.29,Safe,AGRONOMIC_MULTIFACTOR_REFERENCE
PIT-026-S34,PIT-026,FARM-05,Hybrid Napier Grass,20,4.07,67.0,28.4,26.8,32.98,Safe,AGRONOMIC_MULTIFACTOR_REFERENCE
PIT-026-S35,PIT-026,FARM-05,Hybrid Napier Grass,80,3.85,65.3,28.4,27.6,34.66,Safe,AGRONOMIC_MULTIFACTOR_REFERENCE
PIT-026-S36,PIT-026,FARM-05,Hybrid Napier Grass,20,4.02,67.7,29.5,27.2,32.32,Safe,AGRONOMIC_MULTIFACTOR_REFERENCE
PIT-026-S37,PIT-026,FARM-05,Hybrid Napier Grass,60,3.7,60.0,28.3,27.2,40.0,Safe,AGRONOMIC_MULTIFACTOR_REFERENCE
PIT-026-S38,PIT-026,FARM-05,Hybrid Napier Grass,40,3.85,65.2,29.7,26.8,34.83,Safe,AGRONOMIC_MULTIFACTOR_REFERENCE
PIT-026-S39,PIT-026,FARM-05,Hybrid Napier Grass,80,3.86,63.4,28.3,27.7,36.61,Safe,AGRONOMIC_MULTIFACTOR_REFERENCE
PIT-026-S40,PIT-026,FARM-05,Hybrid Napier Grass,60,3.95,63.9,27.7,26.3,36.13,Safe,AGRONOMIC_MULTIFACTOR_REFERENCE
PIT-027-S01,PIT-027,FARM-05,Sorghum (Jowar),80,4.04,63.2,26.2,27.7,36.8,Safe,AGRONOMIC_MULTIFACTOR_REFERENCE
PIT-027-S02,PIT-027,FARM-05,Sorghum (Jowar),60,4.02,63.8,28.4,27.7,36.23,Safe,AGRONOMIC_MULTIFACTOR_REFERENCE
PIT-027-S03,PIT-027,FARM-05,Sorghum (Jowar),60,4.19,61.1,27.5,26.7,38.94,Safe,AGRONOMIC_MULTIFACTOR_REFERENCE
PIT-027-S04,PIT-027,FARM-05,Sorghum (Jowar),40,4.04,60.6,29.7,27.7,39.4,Safe,AGRONOMIC_MULTIFACTOR_REFERENCE
PIT-027-S05,PIT-027,FARM-05,Sorghum (Jowar),60,4.07,62.9,30.0,29.3,37.11,Safe,AGRONOMIC_MULTIFACTOR_REFERENCE
PIT-027-S06,PIT-027,FARM-05,Sorghum (Jowar),40,4.13,61.4,28.0,27.2,38.58,Safe,AGRONOMIC_MULTIFACTOR_REFERENCE
PIT-027-S07,PIT-027,FARM-05,Sorghum (Jowar),20,4.07,63.0,30.8,29.8,37.01,Safe,AGRONOMIC_MULTIFACTOR_REFERENCE
PIT-027-S08,PIT-027,FARM-05,Sorghum (Jowar),20,4.08,62.2,30.3,28.2,37.78,Safe,AGRONOMIC_MULTIFACTOR_REFERENCE
PIT-027-S09,PIT-027,FARM-05,Sorghum (Jowar),40,4.25,58.0,26.8,26.0,42.03,Caution,AGRONOMIC_MULTIFACTOR_REFERENCE
PIT-027-S10,PIT-027,FARM-05,Sorghum (Jowar),60,4.2,59.5,27.1,25.5,40.48,Safe,AGRONOMIC_MULTIFACTOR_REFERENCE
PIT-027-S11,PIT-027,FARM-05,Sorghum (Jowar),60,4.1,60.4,27.0,27.1,39.62,Safe,AGRONOMIC_MULTIFACTOR_REFERENCE
PIT-027-S12,PIT-027,FARM-05,Sorghum (Jowar),40,4.11,61.2,26.5,28.3,38.79,Safe,AGRONOMIC_MULTIFACTOR_REFERENCE
PIT-027-S13,PIT-027,FARM-05,Sorghum (Jowar),40,4.0,60.3,28.5,27.7,39.69,Safe,AGRONOMIC_MULTIFACTOR_REFERENCE
PIT-027-S14,PIT-027,FARM-05,Sorghum (Jowar),20,4.22,59.0,30.3,27.9,41.01,Safe,AGRONOMIC_MULTIFACTOR_REFERENCE
PIT-027-S15,PIT-027,FARM-05,Sorghum (Jowar),40,4.32,61.5,27.6,28.1,38.53,Safe,AGRONOMIC_MULTIFACTOR_REFERENCE
PIT-027-S16,PIT-027,FARM-05,Sorghum (Jowar),60,3.78,63.9,30.2,27.9,36.14,Safe,AGRONOMIC_MULTIFACTOR_REFERENCE
PIT-027-S17,PIT-027,FARM-05,Sorghum (Jowar),40,3.93,63.3,31.2,29.4,36.73,Safe,AGRONOMIC_MULTIFACTOR_REFERENCE
PIT-027-S18,PIT-027,FARM-05,Sorghum (Jowar),40,4.13,62.4,29.5,26.6,37.65,Safe,AGRONOMIC_MULTIFACTOR_REFERENCE
PIT-027-S19,PIT-027,FARM-05,Sorghum (Jowar),40,4.03,63.2,26.7,26.6,36.75,Safe,AGRONOMIC_MULTIFACTOR_REFERENCE
PIT-027-S20,PIT-027,FARM-05,Sorghum (Jowar),20,4.3,61.7,30.8,29.1,38.29,Safe,AGRONOMIC_MULTIFACTOR_REFERENCE
PIT-027-S21,PIT-027,FARM-05,Sorghum (Jowar),40,3.88,63.9,29.6,27.4,36.06,Safe,AGRONOMIC_MULTIFACTOR_REFERENCE
PIT-027-S22,PIT-027,FARM-05,Sorghum (Jowar),80,4.04,59.6,31.0,28.0,40.44,Caution,AGRONOMIC_MULTIFACTOR_REFERENCE
PIT-027-S23,PIT-027,FARM-05,Sorghum (Jowar),80,4.1,62.2,29.6,28.7,37.77,Safe,AGRONOMIC_MULTIFACTOR_REFERENCE
PIT-027-S24,PIT-027,FARM-05,Sorghum (Jowar),80,4.06,60.4,29.8,28.1,39.63,Safe,AGRONOMIC_MULTIFACTOR_REFERENCE
PIT-027-S25,PIT-027,FARM-05,Sorghum (Jowar),60,3.97,64.9,27.8,27.8,35.1,Safe,AGRONOMIC_MULTIFACTOR_REFERENCE
PIT-027-S26,PIT-027,FARM-05,Sorghum (Jowar),60,4.19,61.8,29.2,28.5,38.18,Safe,AGRONOMIC_MULTIFACTOR_REFERENCE
PIT-027-S27,PIT-027,FARM-05,Sorghum (Jowar),40,4.09,63.2,27.3,28.1,36.77,Safe,AGRONOMIC_MULTIFACTOR_REFERENCE
PIT-027-S28,PIT-027,FARM-05,Sorghum (Jowar),80,3.9,64.0,27.8,27.8,35.99,Safe,AGRONOMIC_MULTIFACTOR_REFERENCE
PIT-027-S29,PIT-027,FARM-05,Sorghum (Jowar),20,3.97,60.4,28.0,26.3,39.61,Safe,AGRONOMIC_MULTIFACTOR_REFERENCE
PIT-027-S30,PIT-027,FARM-05,Sorghum (Jowar),80,3.97,60.6,28.8,27.8,39.4,Safe,AGRONOMIC_MULTIFACTOR_REFERENCE
PIT-027-S31,PIT-027,FARM-05,Sorghum (Jowar),80,4.29,59.6,30.5,28.8,40.38,Caution,AGRONOMIC_MULTIFACTOR_REFERENCE
PIT-027-S32,PIT-027,FARM-05,Sorghum (Jowar),60,3.98,62.7,28.7,27.5,37.3,Safe,AGRONOMIC_MULTIFACTOR_REFERENCE
PIT-027-S33,PIT-027,FARM-05,Sorghum (Jowar),60,4.25,63.4,28.8,28.3,36.57,Safe,AGRONOMIC_MULTIFACTOR_REFERENCE
PIT-027-S34,PIT-027,FARM-05,Sorghum (Jowar),20,3.95,62.0,29.0,28.9,38.04,Safe,AGRONOMIC_MULTIFACTOR_REFERENCE
PIT-027-S35,PIT-027,FARM-05,Sorghum (Jowar),60,3.94,62.6,27.2,27.1,37.43,Safe,AGRONOMIC_MULTIFACTOR_REFERENCE
PIT-027-S36,PIT-027,FARM-05,Sorghum (Jowar),20,4.08,59.9,29.7,27.1,40.12,Safe,AGRONOMIC_MULTIFACTOR_REFERENCE
PIT-027-S37,PIT-027,FARM-05,Sorghum (Jowar),60,3.91,59.5,29.2,27.4,40.54,Safe,AGRONOMIC_MULTIFACTOR_REFERENCE
PIT-027-S38,PIT-027,FARM-05,Sorghum (Jowar),80,4.02,61.5,26.6,27.9,38.5,Safe,AGRONOMIC_MULTIFACTOR_REFERENCE
PIT-027-S39,PIT-027,FARM-05,Sorghum (Jowar),80,4.1,63.0,29.3,27.6,36.97,Safe,AGRONOMIC_MULTIFACTOR_REFERENCE
PIT-027-S40,PIT-027,FARM-05,Sorghum (Jowar),20,3.99,64.4,29.4,28.0,35.63,Safe,AGRONOMIC_MULTIFACTOR_REFERENCE
PIT-028-S01,PIT-028,FARM-05,Lucerne Mix,80,4.03,61.2,31.6,31.6,38.77,Safe,AGRONOMIC_MULTIFACTOR_REFERENCE
PIT-028-S02,PIT-028,FARM-05,Lucerne Mix,80,3.94,63.3,32.3,30.2,36.71,Safe,AGRONOMIC_MULTIFACTOR_REFERENCE
PIT-028-S03,PIT-028,FARM-05,Lucerne Mix,20,4.33,60.7,32.3,31.2,39.3,Safe,AGRONOMIC_MULTIFACTOR_REFERENCE
PIT-028-S04,PIT-028,FARM-05,Lucerne Mix,80,4.13,61.8,31.5,31.0,38.22,Safe,AGRONOMIC_MULTIFACTOR_REFERENCE
PIT-028-S05,PIT-028,FARM-05,Lucerne Mix,40,3.9,62.3,30.6,29.0,37.67,Safe,AGRONOMIC_MULTIFACTOR_REFERENCE
PIT-028-S06,PIT-028,FARM-05,Lucerne Mix,60,4.18,61.8,34.9,32.2,38.23,Safe,AGRONOMIC_MULTIFACTOR_REFERENCE
PIT-028-S07,PIT-028,FARM-05,Lucerne Mix,80,3.96,61.5,30.0,30.6,38.53,Safe,AGRONOMIC_MULTIFACTOR_REFERENCE
PIT-028-S08,PIT-028,FARM-05,Lucerne Mix,40,3.98,60.4,31.0,29.0,39.59,Safe,AGRONOMIC_MULTIFACTOR_REFERENCE
PIT-028-S09,PIT-028,FARM-05,Lucerne Mix,20,4.09,58.4,34.1,31.0,41.59,Caution,AGRONOMIC_MULTIFACTOR_REFERENCE
PIT-028-S10,PIT-028,FARM-05,Lucerne Mix,80,4.06,60.8,33.0,31.1,39.16,Safe,AGRONOMIC_MULTIFACTOR_REFERENCE
PIT-028-S11,PIT-028,FARM-05,Lucerne Mix,20,4.16,59.9,34.5,30.9,40.06,Caution,AGRONOMIC_MULTIFACTOR_REFERENCE
PIT-028-S12,PIT-028,FARM-05,Lucerne Mix,60,3.99,65.2,31.8,30.2,34.8,Safe,AGRONOMIC_MULTIFACTOR_REFERENCE
PIT-028-S13,PIT-028,FARM-05,Lucerne Mix,20,4.04,61.8,31.0,29.2,38.18,Safe,AGRONOMIC_MULTIFACTOR_REFERENCE
PIT-028-S14,PIT-028,FARM-05,Lucerne Mix,40,3.96,61.7,34.1,31.4,38.33,Safe,AGRONOMIC_MULTIFACTOR_REFERENCE
PIT-028-S15,PIT-028,FARM-05,Lucerne Mix,20,3.84,65.1,32.4,30.9,34.9,Safe,AGRONOMIC_MULTIFACTOR_REFERENCE
PIT-028-S16,PIT-028,FARM-05,Lucerne Mix,40,4.11,61.7,32.3,30.1,38.26,Safe,AGRONOMIC_MULTIFACTOR_REFERENCE
PIT-028-S17,PIT-028,FARM-05,Lucerne Mix,80,3.96,60.7,29.7,30.1,39.31,Safe,AGRONOMIC_MULTIFACTOR_REFERENCE
PIT-028-S18,PIT-028,FARM-05,Lucerne Mix,80,4.05,62.5,33.1,31.1,37.52,Safe,AGRONOMIC_MULTIFACTOR_REFERENCE
PIT-028-S19,PIT-028,FARM-05,Lucerne Mix,40,4.13,60.5,31.8,31.3,39.54,Safe,AGRONOMIC_MULTIFACTOR_REFERENCE
PIT-028-S20,PIT-028,FARM-05,Lucerne Mix,60,3.96,59.7,34.1,31.5,40.31,Safe,AGRONOMIC_MULTIFACTOR_REFERENCE
PIT-028-S21,PIT-028,FARM-05,Lucerne Mix,60,4.12,63.4,31.9,29.9,36.65,Safe,AGRONOMIC_MULTIFACTOR_REFERENCE
PIT-028-S22,PIT-028,FARM-05,Lucerne Mix,60,4.05,62.9,31.7,30.6,37.05,Safe,AGRONOMIC_MULTIFACTOR_REFERENCE
PIT-028-S23,PIT-028,FARM-05,Lucerne Mix,80,4.1,63.0,31.2,30.1,37.0,Safe,AGRONOMIC_MULTIFACTOR_REFERENCE
PIT-028-S24,PIT-028,FARM-05,Lucerne Mix,80,3.91,56.9,32.6,30.8,43.07,Safe,AGRONOMIC_MULTIFACTOR_REFERENCE
PIT-028-S25,PIT-028,FARM-05,Lucerne Mix,60,4.1,57.9,29.5,30.4,42.09,Safe,AGRONOMIC_MULTIFACTOR_REFERENCE
PIT-028-S26,PIT-028,FARM-05,Lucerne Mix,20,4.29,59.5,35.0,31.6,40.53,Caution,AGRONOMIC_MULTIFACTOR_REFERENCE
PIT-028-S27,PIT-028,FARM-05,Lucerne Mix,60,3.96,59.4,31.5,30.9,40.62,Safe,AGRONOMIC_MULTIFACTOR_REFERENCE
PIT-028-S28,PIT-028,FARM-05,Lucerne Mix,20,4.14,60.6,29.1,29.2,39.45,Safe,AGRONOMIC_MULTIFACTOR_REFERENCE
PIT-028-S29,PIT-028,FARM-05,Lucerne Mix,60,4.09,60.4,32.5,30.2,39.59,Safe,AGRONOMIC_MULTIFACTOR_REFERENCE
PIT-028-S30,PIT-028,FARM-05,Lucerne Mix,20,4.27,60.9,33.3,30.4,39.07,Safe,AGRONOMIC_MULTIFACTOR_REFERENCE
PIT-028-S31,PIT-028,FARM-05,Lucerne Mix,80,3.87,61.8,33.0,31.1,38.18,Safe,AGRONOMIC_MULTIFACTOR_REFERENCE
PIT-028-S32,PIT-028,FARM-05,Lucerne Mix,60,3.83,60.1,31.6,29.9,39.95,Safe,AGRONOMIC_MULTIFACTOR_REFERENCE
PIT-028-S33,PIT-028,FARM-05,Lucerne Mix,60,4.12,64.1,31.3,30.2,35.88,Safe,AGRONOMIC_MULTIFACTOR_REFERENCE
PIT-028-S34,PIT-028,FARM-05,Lucerne Mix,40,4.23,62.0,33.9,31.7,38.04,Safe,AGRONOMIC_MULTIFACTOR_REFERENCE
PIT-028-S35,PIT-028,FARM-05,Lucerne Mix,60,3.93,59.0,31.7,29.4,40.98,Safe,AGRONOMIC_MULTIFACTOR_REFERENCE
PIT-028-S36,PIT-028,FARM-05,Lucerne Mix,20,4.27,64.8,35.0,31.3,35.25,Caution,AGRONOMIC_MULTIFACTOR_REFERENCE
PIT-028-S37,PIT-028,FARM-05,Lucerne Mix,40,4.02,59.3,33.7,31.3,40.66,Safe,AGRONOMIC_MULTIFACTOR_REFERENCE
PIT-028-S38,PIT-028,FARM-05,Lucerne Mix,60,4.08,62.1,33.9,30.9,37.88,Safe,AGRONOMIC_MULTIFACTOR_REFERENCE
PIT-028-S39,PIT-028,FARM-05,Lucerne Mix,60,4.22,62.4,33.4,31.3,37.6,Safe,AGRONOMIC_MULTIFACTOR_REFERENCE
PIT-028-S40,PIT-028,FARM-05,Lucerne Mix,80,3.98,62.8,31.8,29.5,37.22,Safe,AGRONOMIC_MULTIFACTOR_REFERENCE
PIT-029-S01,PIT-029,FARM-05,Corn Silage,60,3.88,62.0,28.7,26.9,38.02,Safe,AGRONOMIC_MULTIFACTOR_REFERENCE
PIT-029-S02,PIT-029,FARM-05,Corn Silage,40,4.05,58.6,28.9,27.9,41.4,Safe,AGRONOMIC_MULTIFACTOR_REFERENCE
PIT-029-S03,PIT-029,FARM-05,Corn Silage,20,4.19,61.5,28.8,27.9,38.53,Safe,AGRONOMIC_MULTIFACTOR_REFERENCE
PIT-029-S04,PIT-029,FARM-05,Corn Silage,80,3.92,60.6,30.9,28.3,39.36,Safe,AGRONOMIC_MULTIFACTOR_REFERENCE
PIT-029-S05,PIT-029,FARM-05,Corn Silage,60,3.93,63.4,25.7,25.9,36.6,Safe,AGRONOMIC_MULTIFACTOR_REFERENCE
PIT-029-S06,PIT-029,FARM-05,Corn Silage,20,3.97,59.0,28.8,26.3,40.97,Safe,AGRONOMIC_MULTIFACTOR_REFERENCE
PIT-029-S07,PIT-029,FARM-05,Corn Silage,60,4.0,62.1,29.6,28.1,37.85,Safe,AGRONOMIC_MULTIFACTOR_REFERENCE
PIT-029-S08,PIT-029,FARM-05,Corn Silage,60,4.1,61.3,29.0,26.6,38.66,Safe,AGRONOMIC_MULTIFACTOR_REFERENCE
PIT-029-S09,PIT-029,FARM-05,Corn Silage,40,3.98,59.8,28.0,27.4,40.22,Safe,AGRONOMIC_MULTIFACTOR_REFERENCE
PIT-029-S10,PIT-029,FARM-05,Corn Silage,40,4.0,62.1,28.5,27.9,37.91,Safe,AGRONOMIC_MULTIFACTOR_REFERENCE
PIT-029-S11,PIT-029,FARM-05,Corn Silage,60,3.97,63.4,31.5,28.0,36.6,Safe,AGRONOMIC_MULTIFACTOR_REFERENCE
PIT-029-S12,PIT-029,FARM-05,Corn Silage,80,4.14,63.5,28.1,26.5,36.47,Safe,AGRONOMIC_MULTIFACTOR_REFERENCE
PIT-029-S13,PIT-029,FARM-05,Corn Silage,40,4.05,60.5,30.4,27.7,39.53,Safe,AGRONOMIC_MULTIFACTOR_REFERENCE
PIT-029-S14,PIT-029,FARM-05,Corn Silage,40,4.11,59.9,29.1,28.2,40.12,Safe,AGRONOMIC_MULTIFACTOR_REFERENCE
PIT-029-S15,PIT-029,FARM-05,Corn Silage,40,4.08,60.9,29.9,27.4,39.08,Safe,AGRONOMIC_MULTIFACTOR_REFERENCE
PIT-029-S16,PIT-029,FARM-05,Corn Silage,40,3.93,65.0,27.1,26.1,35.03,Safe,AGRONOMIC_MULTIFACTOR_REFERENCE
PIT-029-S17,PIT-029,FARM-05,Corn Silage,20,4.13,62.5,29.4,27.5,37.48,Safe,AGRONOMIC_MULTIFACTOR_REFERENCE
PIT-029-S18,PIT-029,FARM-05,Corn Silage,60,4.07,61.1,30.8,28.7,38.95,Safe,AGRONOMIC_MULTIFACTOR_REFERENCE
PIT-029-S19,PIT-029,FARM-05,Corn Silage,20,4.19,59.7,29.2,27.5,40.27,Safe,AGRONOMIC_MULTIFACTOR_REFERENCE
PIT-029-S20,PIT-029,FARM-05,Corn Silage,20,3.96,62.1,29.9,27.2,37.89,Safe,AGRONOMIC_MULTIFACTOR_REFERENCE
PIT-029-S21,PIT-029,FARM-05,Corn Silage,60,3.9,64.6,28.3,26.9,35.44,Safe,AGRONOMIC_MULTIFACTOR_REFERENCE
PIT-029-S22,PIT-029,FARM-05,Corn Silage,40,4.15,60.4,28.5,28.3,39.56,Safe,AGRONOMIC_MULTIFACTOR_REFERENCE
PIT-029-S23,PIT-029,FARM-05,Corn Silage,80,4.17,61.5,27.6,27.1,38.51,Safe,AGRONOMIC_MULTIFACTOR_REFERENCE
PIT-029-S24,PIT-029,FARM-05,Corn Silage,40,4.15,60.4,28.3,27.0,39.59,Safe,AGRONOMIC_MULTIFACTOR_REFERENCE
PIT-029-S25,PIT-029,FARM-05,Corn Silage,40,3.91,64.7,29.6,27.1,35.26,Safe,AGRONOMIC_MULTIFACTOR_REFERENCE
PIT-029-S26,PIT-029,FARM-05,Corn Silage,40,4.08,59.7,30.0,27.6,40.31,Safe,AGRONOMIC_MULTIFACTOR_REFERENCE
PIT-029-S27,PIT-029,FARM-05,Corn Silage,40,4.03,63.6,31.0,28.4,36.39,Safe,AGRONOMIC_MULTIFACTOR_REFERENCE
PIT-029-S28,PIT-029,FARM-05,Corn Silage,80,3.94,59.5,28.1,27.1,40.48,Safe,AGRONOMIC_MULTIFACTOR_REFERENCE
PIT-029-S29,PIT-029,FARM-05,Corn Silage,20,4.15,57.6,29.8,27.6,42.44,Safe,AGRONOMIC_MULTIFACTOR_REFERENCE
PIT-029-S30,PIT-029,FARM-05,Corn Silage,80,3.96,63.8,30.2,27.9,36.21,Safe,AGRONOMIC_MULTIFACTOR_REFERENCE
PIT-029-S31,PIT-029,FARM-05,Corn Silage,60,4.0,63.2,31.5,28.9,36.85,Safe,AGRONOMIC_MULTIFACTOR_REFERENCE
PIT-029-S32,PIT-029,FARM-05,Corn Silage,40,3.92,61.0,29.4,27.3,38.99,Safe,AGRONOMIC_MULTIFACTOR_REFERENCE
PIT-029-S33,PIT-029,FARM-05,Corn Silage,80,4.08,60.0,26.2,27.6,40.04,Safe,AGRONOMIC_MULTIFACTOR_REFERENCE
PIT-029-S34,PIT-029,FARM-05,Corn Silage,60,4.2,60.5,28.5,27.6,39.46,Safe,AGRONOMIC_MULTIFACTOR_REFERENCE
PIT-029-S35,PIT-029,FARM-05,Corn Silage,80,4.13,56.4,28.3,27.6,43.64,Safe,AGRONOMIC_MULTIFACTOR_REFERENCE
PIT-029-S36,PIT-029,FARM-05,Corn Silage,40,4.0,64.6,29.3,26.9,35.43,Safe,AGRONOMIC_MULTIFACTOR_REFERENCE
PIT-029-S37,PIT-029,FARM-05,Corn Silage,40,4.1,63.7,27.8,27.1,36.26,Safe,AGRONOMIC_MULTIFACTOR_REFERENCE
PIT-029-S38,PIT-029,FARM-05,Corn Silage,60,4.16,62.2,27.0,26.4,37.77,Safe,AGRONOMIC_MULTIFACTOR_REFERENCE
PIT-029-S39,PIT-029,FARM-05,Corn Silage,80,4.04,63.0,24.6,27.0,37.03,Safe,AGRONOMIC_MULTIFACTOR_REFERENCE
PIT-029-S40,PIT-029,FARM-05,Corn Silage,40,4.12,59.3,24.5,26.0,40.73,Safe,AGRONOMIC_MULTIFACTOR_REFERENCE
PIT-030-S01,PIT-030,FARM-05,Hybrid Napier Grass,80,4.17,66.6,28.1,26.4,33.35,Safe,AGRONOMIC_MULTIFACTOR_REFERENCE
PIT-030-S02,PIT-030,FARM-05,Hybrid Napier Grass,80,4.15,69.3,25.6,25.5,30.68,Safe,AGRONOMIC_MULTIFACTOR_REFERENCE
PIT-030-S03,PIT-030,FARM-05,Hybrid Napier Grass,40,3.94,66.0,28.1,26.4,34.0,Safe,AGRONOMIC_MULTIFACTOR_REFERENCE
PIT-030-S04,PIT-030,FARM-05,Hybrid Napier Grass,40,4.14,67.5,30.5,27.2,32.46,Safe,AGRONOMIC_MULTIFACTOR_REFERENCE
PIT-030-S05,PIT-030,FARM-05,Hybrid Napier Grass,40,4.09,64.7,26.9,26.8,35.28,Safe,AGRONOMIC_MULTIFACTOR_REFERENCE
PIT-030-S06,PIT-030,FARM-05,Hybrid Napier Grass,60,4.28,65.9,26.2,26.2,34.1,Safe,AGRONOMIC_MULTIFACTOR_REFERENCE
PIT-030-S07,PIT-030,FARM-05,Hybrid Napier Grass,20,4.25,66.1,29.3,26.1,33.87,Safe,AGRONOMIC_MULTIFACTOR_REFERENCE
PIT-030-S08,PIT-030,FARM-05,Hybrid Napier Grass,80,3.97,66.5,25.5,27.1,33.52,Safe,AGRONOMIC_MULTIFACTOR_REFERENCE
PIT-030-S09,PIT-030,FARM-05,Hybrid Napier Grass,60,4.16,64.5,26.8,27.3,35.48,Safe,AGRONOMIC_MULTIFACTOR_REFERENCE
PIT-030-S10,PIT-030,FARM-05,Hybrid Napier Grass,20,4.25,68.4,29.0,27.3,31.6,Safe,AGRONOMIC_MULTIFACTOR_REFERENCE
PIT-030-S11,PIT-030,FARM-05,Hybrid Napier Grass,20,4.13,65.4,28.4,27.8,34.62,Safe,AGRONOMIC_MULTIFACTOR_REFERENCE
PIT-030-S12,PIT-030,FARM-05,Hybrid Napier Grass,60,3.98,67.6,25.5,26.0,32.39,Safe,AGRONOMIC_MULTIFACTOR_REFERENCE
PIT-030-S13,PIT-030,FARM-05,Hybrid Napier Grass,20,3.99,65.5,28.2,26.6,34.45,Safe,AGRONOMIC_MULTIFACTOR_REFERENCE
PIT-030-S14,PIT-030,FARM-05,Hybrid Napier Grass,40,4.25,67.4,27.2,26.5,32.64,Safe,AGRONOMIC_MULTIFACTOR_REFERENCE
PIT-030-S15,PIT-030,FARM-05,Hybrid Napier Grass,60,4.16,68.7,26.8,26.7,31.29,Safe,AGRONOMIC_MULTIFACTOR_REFERENCE
PIT-030-S16,PIT-030,FARM-05,Hybrid Napier Grass,80,3.95,63.8,28.0,27.1,36.19,Safe,AGRONOMIC_MULTIFACTOR_REFERENCE
PIT-030-S17,PIT-030,FARM-05,Hybrid Napier Grass,40,4.2,66.2,28.2,27.7,33.82,Safe,AGRONOMIC_MULTIFACTOR_REFERENCE
PIT-030-S18,PIT-030,FARM-05,Hybrid Napier Grass,80,4.19,66.3,27.0,26.1,33.66,Safe,AGRONOMIC_MULTIFACTOR_REFERENCE
PIT-030-S19,PIT-030,FARM-05,Hybrid Napier Grass,20,4.21,67.1,28.0,26.7,32.94,Safe,AGRONOMIC_MULTIFACTOR_REFERENCE
PIT-030-S20,PIT-030,FARM-05,Hybrid Napier Grass,40,4.42,68.5,28.3,27.2,31.45,Caution,AGRONOMIC_MULTIFACTOR_REFERENCE
PIT-030-S21,PIT-030,FARM-05,Hybrid Napier Grass,80,4.19,67.3,26.5,26.6,32.65,Safe,AGRONOMIC_MULTIFACTOR_REFERENCE
PIT-030-S22,PIT-030,FARM-05,Hybrid Napier Grass,60,4.09,60.7,26.8,26.8,39.29,Safe,AGRONOMIC_MULTIFACTOR_REFERENCE
PIT-030-S23,PIT-030,FARM-05,Hybrid Napier Grass,20,4.35,66.4,27.0,25.7,33.55,Safe,AGRONOMIC_MULTIFACTOR_REFERENCE
PIT-030-S24,PIT-030,FARM-05,Hybrid Napier Grass,80,3.95,67.3,28.1,26.8,32.73,Safe,AGRONOMIC_MULTIFACTOR_REFERENCE
PIT-030-S25,PIT-030,FARM-05,Hybrid Napier Grass,20,4.07,66.5,27.7,25.5,33.52,Safe,AGRONOMIC_MULTIFACTOR_REFERENCE
PIT-030-S26,PIT-030,FARM-05,Hybrid Napier Grass,80,4.13,67.3,27.3,26.6,32.69,Safe,AGRONOMIC_MULTIFACTOR_REFERENCE
PIT-030-S27,PIT-030,FARM-05,Hybrid Napier Grass,60,4.3,65.9,26.1,26.7,34.1,Safe,AGRONOMIC_MULTIFACTOR_REFERENCE
PIT-030-S28,PIT-030,FARM-05,Hybrid Napier Grass,40,4.03,66.6,28.2,27.5,33.41,Safe,AGRONOMIC_MULTIFACTOR_REFERENCE
PIT-030-S29,PIT-030,FARM-05,Hybrid Napier Grass,80,4.04,65.7,26.7,26.2,34.32,Safe,AGRONOMIC_MULTIFACTOR_REFERENCE
PIT-030-S30,PIT-030,FARM-05,Hybrid Napier Grass,20,3.98,68.7,28.3,26.1,31.28,Safe,AGRONOMIC_MULTIFACTOR_REFERENCE
PIT-030-S31,PIT-030,FARM-05,Hybrid Napier Grass,60,3.95,67.6,28.2,27.2,32.38,Safe,AGRONOMIC_MULTIFACTOR_REFERENCE
PIT-030-S32,PIT-030,FARM-05,Hybrid Napier Grass,40,4.01,66.9,26.4,25.7,33.14,Safe,AGRONOMIC_MULTIFACTOR_REFERENCE
PIT-030-S33,PIT-030,FARM-05,Hybrid Napier Grass,20,4.29,67.8,26.9,26.6,32.15,Safe,AGRONOMIC_MULTIFACTOR_REFERENCE
PIT-030-S34,PIT-030,FARM-05,Hybrid Napier Grass,60,4.18,66.4,26.2,24.8,33.55,Safe,AGRONOMIC_MULTIFACTOR_REFERENCE
PIT-030-S35,PIT-030,FARM-05,Hybrid Napier Grass,20,4.16,68.6,23.6,25.7,31.42,Safe,AGRONOMIC_MULTIFACTOR_REFERENCE
PIT-030-S36,PIT-030,FARM-05,Hybrid Napier Grass,60,4.14,66.9,24.8,25.3,33.06,Safe,AGRONOMIC_MULTIFACTOR_REFERENCE
PIT-030-S37,PIT-030,FARM-05,Hybrid Napier Grass,40,4.46,65.9,27.5,27.2,34.14,Safe,AGRONOMIC_MULTIFACTOR_REFERENCE
PIT-030-S38,PIT-030,FARM-05,Hybrid Napier Grass,40,3.88,66.1,26.9,26.4,33.89,Safe,AGRONOMIC_MULTIFACTOR_REFERENCE
PIT-030-S39,PIT-030,FARM-05,Hybrid Napier Grass,20,4.15,66.9,26.5,26.5,33.11,Safe,AGRONOMIC_MULTIFACTOR_REFERENCE
PIT-030-S40,PIT-030,FARM-05,Hybrid Napier Grass,60,4.16,62.9,26.4,25.0,37.09,Safe,AGRONOMIC_MULTIFACTOR_REFERENCE
PIT-031-S01,PIT-031,FARM-06,Sorghum (Jowar),20,6.02,50.2,33.5,25.4,49.79,Unsafe,AGRONOMIC_MULTIFACTOR_REFERENCE
PIT-031-S02,PIT-031,FARM-06,Sorghum (Jowar),20,5.93,47.4,35.6,25.9,52.56,Unsafe,AGRONOMIC_MULTIFACTOR_REFERENCE
PIT-031-S03,PIT-031,FARM-06,Sorghum (Jowar),60,6.07,49.6,33.1,27.1,50.44,Unsafe,AGRONOMIC_MULTIFACTOR_REFERENCE
PIT-031-S04,PIT-031,FARM-06,Sorghum (Jowar),40,6.01,48.9,35.0,26.7,51.14,Unsafe,AGRONOMIC_MULTIFACTOR_REFERENCE
PIT-031-S05,PIT-031,FARM-06,Sorghum (Jowar),40,6.09,48.7,35.2,27.0,51.26,Unsafe,AGRONOMIC_MULTIFACTOR_REFERENCE
PIT-031-S06,PIT-031,FARM-06,Sorghum (Jowar),80,5.85,50.0,33.5,25.8,50.02,Unsafe,AGRONOMIC_MULTIFACTOR_REFERENCE
PIT-031-S07,PIT-031,FARM-06,Sorghum (Jowar),20,5.95,50.7,36.4,26.6,49.25,Unsafe,AGRONOMIC_MULTIFACTOR_REFERENCE
PIT-031-S08,PIT-031,FARM-06,Sorghum (Jowar),60,6.01,48.4,34.0,27.2,51.58,Unsafe,AGRONOMIC_MULTIFACTOR_REFERENCE
PIT-031-S09,PIT-031,FARM-06,Sorghum (Jowar),40,6.0,51.4,33.6,25.0,48.57,Unsafe,AGRONOMIC_MULTIFACTOR_REFERENCE
PIT-031-S10,PIT-031,FARM-06,Sorghum (Jowar),60,5.84,48.9,35.0,27.6,51.05,Unsafe,AGRONOMIC_MULTIFACTOR_REFERENCE
PIT-031-S11,PIT-031,FARM-06,Sorghum (Jowar),20,5.86,50.4,35.8,27.0,49.55,Unsafe,AGRONOMIC_MULTIFACTOR_REFERENCE
PIT-031-S12,PIT-031,FARM-06,Sorghum (Jowar),20,6.1,51.3,33.1,24.7,48.73,Unsafe,AGRONOMIC_MULTIFACTOR_REFERENCE
PIT-031-S13,PIT-031,FARM-06,Sorghum (Jowar),40,5.86,51.2,35.7,24.4,48.83,Unsafe,AGRONOMIC_MULTIFACTOR_REFERENCE
PIT-031-S14,PIT-031,FARM-06,Sorghum (Jowar),80,5.93,50.6,37.7,27.4,49.42,Unsafe,AGRONOMIC_MULTIFACTOR_REFERENCE
PIT-031-S15,PIT-031,FARM-06,Sorghum (Jowar),80,5.97,52.0,34.2,26.6,47.98,Unsafe,AGRONOMIC_MULTIFACTOR_REFERENCE
PIT-031-S16,PIT-031,FARM-06,Sorghum (Jowar),20,5.9,48.8,33.4,25.9,51.18,Unsafe,AGRONOMIC_MULTIFACTOR_REFERENCE
PIT-031-S17,PIT-031,FARM-06,Sorghum (Jowar),20,5.95,47.3,35.5,26.6,52.72,Unsafe,AGRONOMIC_MULTIFACTOR_REFERENCE
PIT-031-S18,PIT-031,FARM-06,Sorghum (Jowar),80,5.89,49.4,38.2,28.9,50.63,Unsafe,AGRONOMIC_MULTIFACTOR_REFERENCE
PIT-031-S19,PIT-031,FARM-06,Sorghum (Jowar),20,5.81,50.7,33.8,26.0,49.27,Unsafe,AGRONOMIC_MULTIFACTOR_REFERENCE
PIT-031-S20,PIT-031,FARM-06,Sorghum (Jowar),40,5.77,51.1,35.5,25.9,48.91,Unsafe,AGRONOMIC_MULTIFACTOR_REFERENCE
PIT-031-S21,PIT-031,FARM-06,Sorghum (Jowar),40,6.05,52.8,34.9,25.8,47.22,Unsafe,AGRONOMIC_MULTIFACTOR_REFERENCE
PIT-031-S22,PIT-031,FARM-06,Sorghum (Jowar),60,5.98,49.5,35.8,25.9,50.54,Unsafe,AGRONOMIC_MULTIFACTOR_REFERENCE
PIT-031-S23,PIT-031,FARM-06,Sorghum (Jowar),80,5.9,51.5,32.2,25.8,48.54,Unsafe,AGRONOMIC_MULTIFACTOR_REFERENCE
PIT-031-S24,PIT-031,FARM-06,Sorghum (Jowar),20,5.89,50.1,34.6,25.6,49.91,Unsafe,AGRONOMIC_MULTIFACTOR_REFERENCE
PIT-031-S25,PIT-031,FARM-06,Sorghum (Jowar),60,5.7,48.3,35.8,27.0,51.7,Unsafe,AGRONOMIC_MULTIFACTOR_REFERENCE
PIT-031-S26,PIT-031,FARM-06,Sorghum (Jowar),40,5.88,48.5,33.8,25.7,51.52,Unsafe,AGRONOMIC_MULTIFACTOR_REFERENCE
PIT-031-S27,PIT-031,FARM-06,Sorghum (Jowar),80,5.95,52.0,32.6,26.1,48.02,Unsafe,AGRONOMIC_MULTIFACTOR_REFERENCE
PIT-031-S28,PIT-031,FARM-06,Sorghum (Jowar),40,5.96,48.8,36.1,26.1,51.17,Unsafe,AGRONOMIC_MULTIFACTOR_REFERENCE
PIT-031-S29,PIT-031,FARM-06,Sorghum (Jowar),20,6.06,50.6,34.6,25.5,49.4,Unsafe,AGRONOMIC_MULTIFACTOR_REFERENCE
PIT-031-S30,PIT-031,FARM-06,Sorghum (Jowar),60,6.03,49.6,37.1,27.6,50.36,Unsafe,AGRONOMIC_MULTIFACTOR_REFERENCE
PIT-031-S31,PIT-031,FARM-06,Sorghum (Jowar),20,6.16,50.9,37.5,27.0,49.14,Unsafe,AGRONOMIC_MULTIFACTOR_REFERENCE
PIT-031-S32,PIT-031,FARM-06,Sorghum (Jowar),20,6.01,49.4,35.3,26.1,50.59,Unsafe,AGRONOMIC_MULTIFACTOR_REFERENCE
PIT-031-S33,PIT-031,FARM-06,Sorghum (Jowar),80,5.71,50.1,32.7,27.4,49.95,Unsafe,AGRONOMIC_MULTIFACTOR_REFERENCE
PIT-031-S34,PIT-031,FARM-06,Sorghum (Jowar),80,6.05,52.3,34.5,26.1,47.67,Unsafe,AGRONOMIC_MULTIFACTOR_REFERENCE
PIT-031-S35,PIT-031,FARM-06,Sorghum (Jowar),20,5.96,52.5,34.7,27.3,47.47,Unsafe,AGRONOMIC_MULTIFACTOR_REFERENCE
PIT-031-S36,PIT-031,FARM-06,Sorghum (Jowar),80,5.94,49.9,33.5,26.6,50.06,Unsafe,AGRONOMIC_MULTIFACTOR_REFERENCE
PIT-031-S37,PIT-031,FARM-06,Sorghum (Jowar),60,6.11,52.2,32.6,25.9,47.82,Unsafe,AGRONOMIC_MULTIFACTOR_REFERENCE
PIT-031-S38,PIT-031,FARM-06,Sorghum (Jowar),60,5.85,51.1,36.2,26.7,48.91,Unsafe,AGRONOMIC_MULTIFACTOR_REFERENCE
PIT-031-S39,PIT-031,FARM-06,Sorghum (Jowar),20,6.05,52.1,34.2,26.7,47.94,Unsafe,AGRONOMIC_MULTIFACTOR_REFERENCE
PIT-031-S40,PIT-031,FARM-06,Sorghum (Jowar),60,5.88,52.2,35.1,26.4,47.78,Unsafe,AGRONOMIC_MULTIFACTOR_REFERENCE
PIT-032-S01,PIT-032,FARM-06,Lucerne Mix,60,5.65,47.5,34.3,23.2,52.46,Unsafe,AGRONOMIC_MULTIFACTOR_REFERENCE
PIT-032-S02,PIT-032,FARM-06,Lucerne Mix,40,5.64,49.0,35.0,22.6,51.03,Unsafe,AGRONOMIC_MULTIFACTOR_REFERENCE
PIT-032-S03,PIT-032,FARM-06,Lucerne Mix,80,5.62,52.0,34.8,24.6,47.99,Unsafe,AGRONOMIC_MULTIFACTOR_REFERENCE
PIT-032-S04,PIT-032,FARM-06,Lucerne Mix,80,5.54,45.6,31.0,22.2,54.36,Unsafe,AGRONOMIC_MULTIFACTOR_REFERENCE
PIT-032-S05,PIT-032,FARM-06,Lucerne Mix,40,5.88,49.6,32.3,23.6,50.39,Unsafe,AGRONOMIC_MULTIFACTOR_REFERENCE
PIT-032-S06,PIT-032,FARM-06,Lucerne Mix,40,5.58,51.0,34.5,23.6,49.01,Unsafe,AGRONOMIC_MULTIFACTOR_REFERENCE
PIT-032-S07,PIT-032,FARM-06,Lucerne Mix,20,5.82,52.3,34.8,23.2,47.66,Unsafe,AGRONOMIC_MULTIFACTOR_REFERENCE
PIT-032-S08,PIT-032,FARM-06,Lucerne Mix,80,5.68,53.7,32.7,21.7,46.3,Unsafe,AGRONOMIC_MULTIFACTOR_REFERENCE
PIT-032-S09,PIT-032,FARM-06,Lucerne Mix,20,5.74,50.4,34.3,22.8,49.58,Unsafe,AGRONOMIC_MULTIFACTOR_REFERENCE
PIT-032-S10,PIT-032,FARM-06,Lucerne Mix,60,5.77,55.0,33.8,24.0,45.0,Unsafe,AGRONOMIC_MULTIFACTOR_REFERENCE
PIT-032-S11,PIT-032,FARM-06,Lucerne Mix,40,5.67,48.6,32.7,21.9,51.42,Unsafe,AGRONOMIC_MULTIFACTOR_REFERENCE
PIT-032-S12,PIT-032,FARM-06,Lucerne Mix,20,5.84,47.1,36.3,24.2,52.9,Unsafe,AGRONOMIC_MULTIFACTOR_REFERENCE
PIT-032-S13,PIT-032,FARM-06,Lucerne Mix,40,5.63,49.1,36.6,24.6,50.86,Unsafe,AGRONOMIC_MULTIFACTOR_REFERENCE
PIT-032-S14,PIT-032,FARM-06,Lucerne Mix,20,5.75,49.0,34.4,23.4,51.03,Unsafe,AGRONOMIC_MULTIFACTOR_REFERENCE
PIT-032-S15,PIT-032,FARM-06,Lucerne Mix,60,5.44,53.1,34.6,23.5,46.93,Unsafe,AGRONOMIC_MULTIFACTOR_REFERENCE
PIT-032-S16,PIT-032,FARM-06,Lucerne Mix,60,5.68,48.1,32.2,23.2,51.93,Unsafe,AGRONOMIC_MULTIFACTOR_REFERENCE
PIT-032-S17,PIT-032,FARM-06,Lucerne Mix,80,5.93,47.2,32.4,22.5,52.82,Unsafe,AGRONOMIC_MULTIFACTOR_REFERENCE
PIT-032-S18,PIT-032,FARM-06,Lucerne Mix,80,5.81,49.4,34.1,22.3,50.58,Unsafe,AGRONOMIC_MULTIFACTOR_REFERENCE
PIT-032-S19,PIT-032,FARM-06,Lucerne Mix,60,5.78,50.4,37.3,23.9,49.63,Unsafe,AGRONOMIC_MULTIFACTOR_REFERENCE
PIT-032-S20,PIT-032,FARM-06,Lucerne Mix,20,6.01,48.2,36.6,24.6,51.84,Unsafe,AGRONOMIC_MULTIFACTOR_REFERENCE
PIT-032-S21,PIT-032,FARM-06,Lucerne Mix,40,5.78,46.4,33.4,23.2,53.65,Unsafe,AGRONOMIC_MULTIFACTOR_REFERENCE
PIT-032-S22,PIT-032,FARM-06,Lucerne Mix,60,5.79,51.3,32.4,21.7,48.67,Unsafe,AGRONOMIC_MULTIFACTOR_REFERENCE
PIT-032-S23,PIT-032,FARM-06,Lucerne Mix,60,5.82,49.1,35.0,23.9,50.94,Unsafe,AGRONOMIC_MULTIFACTOR_REFERENCE
PIT-032-S24,PIT-032,FARM-06,Lucerne Mix,20,5.79,48.9,32.7,22.4,51.09,Unsafe,AGRONOMIC_MULTIFACTOR_REFERENCE
PIT-032-S25,PIT-032,FARM-06,Lucerne Mix,60,5.77,49.4,33.5,23.2,50.57,Unsafe,AGRONOMIC_MULTIFACTOR_REFERENCE
PIT-032-S26,PIT-032,FARM-06,Lucerne Mix,60,5.65,51.3,32.3,23.1,48.72,Unsafe,AGRONOMIC_MULTIFACTOR_REFERENCE
PIT-032-S27,PIT-032,FARM-06,Lucerne Mix,20,5.84,49.0,36.7,23.4,50.97,Unsafe,AGRONOMIC_MULTIFACTOR_REFERENCE
PIT-032-S28,PIT-032,FARM-06,Lucerne Mix,60,5.69,49.9,32.9,22.4,50.08,Unsafe,AGRONOMIC_MULTIFACTOR_REFERENCE
PIT-032-S29,PIT-032,FARM-06,Lucerne Mix,80,5.73,46.6,33.9,23.5,53.4,Unsafe,AGRONOMIC_MULTIFACTOR_REFERENCE
PIT-032-S30,PIT-032,FARM-06,Lucerne Mix,80,5.66,51.3,35.6,23.6,48.74,Unsafe,AGRONOMIC_MULTIFACTOR_REFERENCE
PIT-032-S31,PIT-032,FARM-06,Lucerne Mix,80,5.54,49.6,32.6,23.4,50.36,Unsafe,AGRONOMIC_MULTIFACTOR_REFERENCE
PIT-032-S32,PIT-032,FARM-06,Lucerne Mix,80,5.77,53.6,34.2,23.3,46.42,Unsafe,AGRONOMIC_MULTIFACTOR_REFERENCE
PIT-032-S33,PIT-032,FARM-06,Lucerne Mix,60,5.7,48.1,31.8,21.9,51.89,Unsafe,AGRONOMIC_MULTIFACTOR_REFERENCE
PIT-032-S34,PIT-032,FARM-06,Lucerne Mix,40,5.55,52.5,34.0,23.2,47.53,Unsafe,AGRONOMIC_MULTIFACTOR_REFERENCE
PIT-032-S35,PIT-032,FARM-06,Lucerne Mix,80,5.77,47.4,33.1,22.7,52.62,Unsafe,AGRONOMIC_MULTIFACTOR_REFERENCE
PIT-032-S36,PIT-032,FARM-06,Lucerne Mix,80,5.78,50.3,34.0,23.5,49.7,Unsafe,AGRONOMIC_MULTIFACTOR_REFERENCE
PIT-032-S37,PIT-032,FARM-06,Lucerne Mix,60,5.74,49.8,33.3,22.5,50.24,Unsafe,AGRONOMIC_MULTIFACTOR_REFERENCE
PIT-032-S38,PIT-032,FARM-06,Lucerne Mix,60,5.56,49.5,36.5,22.9,50.46,Unsafe,AGRONOMIC_MULTIFACTOR_REFERENCE
PIT-032-S39,PIT-032,FARM-06,Lucerne Mix,20,5.74,46.9,35.3,23.2,53.13,Unsafe,AGRONOMIC_MULTIFACTOR_REFERENCE
PIT-032-S40,PIT-032,FARM-06,Lucerne Mix,80,5.86,48.3,33.3,22.1,51.66,Unsafe,AGRONOMIC_MULTIFACTOR_REFERENCE
PIT-033-S01,PIT-033,FARM-06,Corn Silage,20,3.88,64.7,28.6,27.2,35.26,Safe,AGRONOMIC_MULTIFACTOR_REFERENCE
PIT-033-S02,PIT-033,FARM-06,Corn Silage,60,4.07,64.3,27.9,27.2,35.71,Safe,AGRONOMIC_MULTIFACTOR_REFERENCE
PIT-033-S03,PIT-033,FARM-06,Corn Silage,60,4.01,65.7,29.4,27.8,34.3,Safe,AGRONOMIC_MULTIFACTOR_REFERENCE
PIT-033-S04,PIT-033,FARM-06,Corn Silage,60,4.04,66.3,26.9,26.2,33.66,Safe,AGRONOMIC_MULTIFACTOR_REFERENCE
PIT-033-S05,PIT-033,FARM-06,Corn Silage,80,4.02,66.8,26.4,26.9,33.17,Safe,AGRONOMIC_MULTIFACTOR_REFERENCE
PIT-033-S06,PIT-033,FARM-06,Corn Silage,80,3.89,66.5,28.1,28.3,33.51,Safe,AGRONOMIC_MULTIFACTOR_REFERENCE
PIT-033-S07,PIT-033,FARM-06,Corn Silage,40,4.13,65.7,28.2,27.4,34.25,Safe,AGRONOMIC_MULTIFACTOR_REFERENCE
PIT-033-S08,PIT-033,FARM-06,Corn Silage,80,4.05,66.1,28.6,29.3,33.89,Safe,AGRONOMIC_MULTIFACTOR_REFERENCE
PIT-033-S09,PIT-033,FARM-06,Corn Silage,60,4.05,64.6,27.4,26.8,35.43,Safe,AGRONOMIC_MULTIFACTOR_REFERENCE
PIT-033-S10,PIT-033,FARM-06,Corn Silage,80,3.98,70.8,26.3,27.3,29.22,Safe,AGRONOMIC_MULTIFACTOR_REFERENCE
PIT-033-S11,PIT-033,FARM-06,Corn Silage,20,4.08,61.8,28.8,27.4,38.21,Safe,AGRONOMIC_MULTIFACTOR_REFERENCE
PIT-033-S12,PIT-033,FARM-06,Corn Silage,60,4.08,67.3,27.5,27.1,32.72,Safe,AGRONOMIC_MULTIFACTOR_REFERENCE
PIT-033-S13,PIT-033,FARM-06,Corn Silage,80,3.87,63.5,26.5,27.7,36.51,Safe,AGRONOMIC_MULTIFACTOR_REFERENCE
PIT-033-S14,PIT-033,FARM-06,Corn Silage,60,3.94,63.7,30.5,27.9,36.27,Safe,AGRONOMIC_MULTIFACTOR_REFERENCE
PIT-033-S15,PIT-033,FARM-06,Corn Silage,20,3.89,62.2,28.8,27.4,37.81,Safe,AGRONOMIC_MULTIFACTOR_REFERENCE
PIT-033-S16,PIT-033,FARM-06,Corn Silage,20,4.08,64.7,29.1,27.3,35.28,Safe,AGRONOMIC_MULTIFACTOR_REFERENCE
PIT-033-S17,PIT-033,FARM-06,Corn Silage,80,4.08,62.0,27.6,27.2,38.0,Safe,AGRONOMIC_MULTIFACTOR_REFERENCE
PIT-033-S18,PIT-033,FARM-06,Corn Silage,60,3.88,68.6,27.5,26.9,31.36,Safe,AGRONOMIC_MULTIFACTOR_REFERENCE
PIT-033-S19,PIT-033,FARM-06,Corn Silage,40,4.09,64.5,26.6,26.0,35.54,Safe,AGRONOMIC_MULTIFACTOR_REFERENCE
PIT-033-S20,PIT-033,FARM-06,Corn Silage,20,4.17,64.9,29.2,26.8,35.08,Safe,AGRONOMIC_MULTIFACTOR_REFERENCE
PIT-033-S21,PIT-033,FARM-06,Corn Silage,40,3.98,64.6,29.5,27.6,35.4,Safe,AGRONOMIC_MULTIFACTOR_REFERENCE
PIT-033-S22,PIT-033,FARM-06,Corn Silage,80,4.24,67.0,28.1,28.4,32.99,Safe,AGRONOMIC_MULTIFACTOR_REFERENCE
PIT-033-S23,PIT-033,FARM-06,Corn Silage,20,3.93,65.6,27.8,27.5,34.36,Safe,AGRONOMIC_MULTIFACTOR_REFERENCE
PIT-033-S24,PIT-033,FARM-06,Corn Silage,40,4.0,66.2,29.3,27.7,33.76,Safe,AGRONOMIC_MULTIFACTOR_REFERENCE
PIT-033-S25,PIT-033,FARM-06,Corn Silage,20,4.08,64.6,27.2,27.0,35.39,Safe,AGRONOMIC_MULTIFACTOR_REFERENCE
PIT-033-S26,PIT-033,FARM-06,Corn Silage,40,4.23,65.5,27.3,27.3,34.45,Safe,AGRONOMIC_MULTIFACTOR_REFERENCE
PIT-033-S27,PIT-033,FARM-06,Corn Silage,60,4.34,63.6,28.2,27.1,36.41,Safe,AGRONOMIC_MULTIFACTOR_REFERENCE
PIT-033-S28,PIT-033,FARM-06,Corn Silage,60,4.06,67.2,30.1,28.9,32.75,Safe,AGRONOMIC_MULTIFACTOR_REFERENCE
PIT-033-S29,PIT-033,FARM-06,Corn Silage,80,3.83,65.1,30.2,27.7,34.94,Safe,AGRONOMIC_MULTIFACTOR_REFERENCE
PIT-033-S30,PIT-033,FARM-06,Corn Silage,20,3.88,67.7,30.0,27.6,32.31,Safe,AGRONOMIC_MULTIFACTOR_REFERENCE
PIT-033-S31,PIT-033,FARM-06,Corn Silage,40,4.01,64.0,29.8,28.1,35.99,Safe,AGRONOMIC_MULTIFACTOR_REFERENCE
PIT-033-S32,PIT-033,FARM-06,Corn Silage,80,4.08,65.5,25.5,27.0,34.5,Safe,AGRONOMIC_MULTIFACTOR_REFERENCE
PIT-033-S33,PIT-033,FARM-06,Corn Silage,60,4.09,66.3,26.7,26.7,33.71,Safe,AGRONOMIC_MULTIFACTOR_REFERENCE
PIT-033-S34,PIT-033,FARM-06,Corn Silage,60,3.93,62.9,26.2,26.8,37.15,Safe,AGRONOMIC_MULTIFACTOR_REFERENCE
PIT-033-S35,PIT-033,FARM-06,Corn Silage,80,3.91,64.2,28.6,26.2,35.81,Safe,AGRONOMIC_MULTIFACTOR_REFERENCE
PIT-033-S36,PIT-033,FARM-06,Corn Silage,20,4.2,64.1,29.6,27.7,35.88,Safe,AGRONOMIC_MULTIFACTOR_REFERENCE
PIT-033-S37,PIT-033,FARM-06,Corn Silage,40,4.16,64.0,28.8,28.3,35.95,Safe,AGRONOMIC_MULTIFACTOR_REFERENCE
PIT-033-S38,PIT-033,FARM-06,Corn Silage,60,3.83,66.8,32.0,28.5,33.17,Safe,AGRONOMIC_MULTIFACTOR_REFERENCE
PIT-033-S39,PIT-033,FARM-06,Corn Silage,80,3.81,66.8,28.2,27.1,33.22,Safe,AGRONOMIC_MULTIFACTOR_REFERENCE
PIT-033-S40,PIT-033,FARM-06,Corn Silage,60,3.81,63.2,27.6,26.8,36.75,Safe,AGRONOMIC_MULTIFACTOR_REFERENCE
PIT-034-S01,PIT-034,FARM-06,Hybrid Napier Grass,20,4.4,71.9,35.6,28.0,28.11,Unsafe,AGRONOMIC_MULTIFACTOR_REFERENCE
PIT-034-S02,PIT-034,FARM-06,Hybrid Napier Grass,60,4.61,71.5,33.8,26.2,28.54,Unsafe,AGRONOMIC_MULTIFACTOR_REFERENCE
PIT-034-S03,PIT-034,FARM-06,Hybrid Napier Grass,60,4.35,72.3,35.1,28.4,27.65,Unsafe,AGRONOMIC_MULTIFACTOR_REFERENCE
PIT-034-S04,PIT-034,FARM-06,Hybrid Napier Grass,80,4.21,69.1,33.8,28.2,30.95,Caution,AGRONOMIC_MULTIFACTOR_REFERENCE
PIT-034-S05,PIT-034,FARM-06,Hybrid Napier Grass,40,4.46,72.1,34.6,27.7,27.93,Unsafe,AGRONOMIC_MULTIFACTOR_REFERENCE
PIT-034-S06,PIT-034,FARM-06,Hybrid Napier Grass,60,4.39,70.1,34.6,27.9,29.86,Caution,AGRONOMIC_MULTIFACTOR_REFERENCE
PIT-034-S07,PIT-034,FARM-06,Hybrid Napier Grass,80,4.36,72.7,31.9,27.1,27.35,Unsafe,AGRONOMIC_MULTIFACTOR_REFERENCE
PIT-034-S08,PIT-034,FARM-06,Hybrid Napier Grass,40,4.36,68.9,34.9,27.0,31.05,Unsafe,AGRONOMIC_MULTIFACTOR_REFERENCE
PIT-034-S09,PIT-034,FARM-06,Hybrid Napier Grass,20,4.38,71.0,33.3,26.7,28.95,Caution,AGRONOMIC_MULTIFACTOR_REFERENCE
PIT-034-S10,PIT-034,FARM-06,Hybrid Napier Grass,40,4.27,70.3,34.2,27.0,29.69,Unsafe,AGRONOMIC_MULTIFACTOR_REFERENCE
PIT-034-S11,PIT-034,FARM-06,Hybrid Napier Grass,20,4.51,68.5,35.2,28.0,31.45,Unsafe,AGRONOMIC_MULTIFACTOR_REFERENCE
PIT-034-S12,PIT-034,FARM-06,Hybrid Napier Grass,80,4.41,70.7,32.7,26.8,29.31,Caution,AGRONOMIC_MULTIFACTOR_REFERENCE
PIT-034-S13,PIT-034,FARM-06,Hybrid Napier Grass,40,4.51,67.6,33.0,26.7,32.44,Caution,AGRONOMIC_MULTIFACTOR_REFERENCE
PIT-034-S14,PIT-034,FARM-06,Hybrid Napier Grass,80,4.42,72.9,31.8,26.6,27.15,Unsafe,AGRONOMIC_MULTIFACTOR_REFERENCE
PIT-034-S15,PIT-034,FARM-06,Hybrid Napier Grass,20,4.42,69.3,34.7,26.9,30.74,Unsafe,AGRONOMIC_MULTIFACTOR_REFERENCE
PIT-034-S16,PIT-034,FARM-06,Hybrid Napier Grass,60,4.29,71.5,31.3,25.8,28.52,Caution,AGRONOMIC_MULTIFACTOR_REFERENCE
PIT-034-S17,PIT-034,FARM-06,Hybrid Napier Grass,60,4.38,73.7,30.7,27.0,26.28,Unsafe,AGRONOMIC_MULTIFACTOR_REFERENCE
PIT-034-S18,PIT-034,FARM-06,Hybrid Napier Grass,20,4.24,70.8,35.0,27.7,29.23,Caution,AGRONOMIC_MULTIFACTOR_REFERENCE
PIT-034-S19,PIT-034,FARM-06,Hybrid Napier Grass,60,4.44,72.8,33.9,26.7,27.2,Unsafe,AGRONOMIC_MULTIFACTOR_REFERENCE
PIT-034-S20,PIT-034,FARM-06,Hybrid Napier Grass,60,4.22,69.1,31.6,25.7,30.92,Caution,AGRONOMIC_MULTIFACTOR_REFERENCE
PIT-034-S21,PIT-034,FARM-06,Hybrid Napier Grass,40,4.44,70.9,32.7,27.2,29.09,Caution,AGRONOMIC_MULTIFACTOR_REFERENCE
PIT-034-S22,PIT-034,FARM-06,Hybrid Napier Grass,40,4.43,68.0,34.5,28.3,31.99,Caution,AGRONOMIC_MULTIFACTOR_REFERENCE
PIT-034-S23,PIT-034,FARM-06,Hybrid Napier Grass,60,4.36,73.6,31.1,26.2,26.43,Unsafe,AGRONOMIC_MULTIFACTOR_REFERENCE
PIT-034-S24,PIT-034,FARM-06,Hybrid Napier Grass,40,4.32,70.6,34.9,27.5,29.42,Unsafe,AGRONOMIC_MULTIFACTOR_REFERENCE
PIT-034-S25,PIT-034,FARM-06,Hybrid Napier Grass,20,4.79,66.7,34.0,27.7,33.34,Caution,AGRONOMIC_MULTIFACTOR_REFERENCE
PIT-034-S26,PIT-034,FARM-06,Hybrid Napier Grass,40,4.38,69.6,34.8,26.5,30.41,Unsafe,AGRONOMIC_MULTIFACTOR_REFERENCE
PIT-034-S27,PIT-034,FARM-06,Hybrid Napier Grass,40,4.55,70.7,33.1,28.3,29.25,Caution,AGRONOMIC_MULTIFACTOR_REFERENCE
PIT-034-S28,PIT-034,FARM-06,Hybrid Napier Grass,40,4.29,66.8,33.3,26.6,33.21,Caution,AGRONOMIC_MULTIFACTOR_REFERENCE
PIT-034-S29,PIT-034,FARM-06,Hybrid Napier Grass,80,4.4,71.0,32.7,26.0,29.02,Caution,AGRONOMIC_MULTIFACTOR_REFERENCE
PIT-034-S30,PIT-034,FARM-06,Hybrid Napier Grass,20,4.51,72.0,32.9,25.7,27.97,Unsafe,AGRONOMIC_MULTIFACTOR_REFERENCE
PIT-034-S31,PIT-034,FARM-06,Hybrid Napier Grass,60,4.28,70.0,33.8,27.6,30.01,Caution,AGRONOMIC_MULTIFACTOR_REFERENCE
PIT-034-S32,PIT-034,FARM-06,Hybrid Napier Grass,60,4.32,70.7,33.4,26.0,29.28,Unsafe,AGRONOMIC_MULTIFACTOR_REFERENCE
PIT-034-S33,PIT-034,FARM-06,Hybrid Napier Grass,80,4.37,72.7,31.9,26.8,27.28,Unsafe,AGRONOMIC_MULTIFACTOR_REFERENCE
PIT-034-S34,PIT-034,FARM-06,Hybrid Napier Grass,40,4.36,72.3,33.9,26.6,27.72,Unsafe,AGRONOMIC_MULTIFACTOR_REFERENCE
PIT-034-S35,PIT-034,FARM-06,Hybrid Napier Grass,20,4.43,67.2,32.4,26.7,32.85,Caution,AGRONOMIC_MULTIFACTOR_REFERENCE
PIT-034-S36,PIT-034,FARM-06,Hybrid Napier Grass,20,4.48,68.6,34.8,27.9,31.44,Caution,AGRONOMIC_MULTIFACTOR_REFERENCE
PIT-034-S37,PIT-034,FARM-06,Hybrid Napier Grass,60,4.4,71.9,34.1,27.9,28.11,Caution,AGRONOMIC_MULTIFACTOR_REFERENCE
PIT-034-S38,PIT-034,FARM-06,Hybrid Napier Grass,80,4.3,67.5,31.7,26.6,32.49,Caution,AGRONOMIC_MULTIFACTOR_REFERENCE
PIT-034-S39,PIT-034,FARM-06,Hybrid Napier Grass,80,4.4,70.1,32.8,27.7,29.91,Caution,AGRONOMIC_MULTIFACTOR_REFERENCE
PIT-034-S40,PIT-034,FARM-06,Hybrid Napier Grass,80,4.38,72.8,33.1,27.5,27.16,Unsafe,AGRONOMIC_MULTIFACTOR_REFERENCE
PIT-035-S01,PIT-035,FARM-06,Sorghum (Jowar),60,6.41,72.5,38.4,25.8,27.48,Unsafe,AGRONOMIC_MULTIFACTOR_REFERENCE
PIT-035-S02,PIT-035,FARM-06,Sorghum (Jowar),40,6.6,73.3,41.0,25.4,26.74,Unsafe,AGRONOMIC_MULTIFACTOR_REFERENCE
PIT-035-S03,PIT-035,FARM-06,Sorghum (Jowar),40,6.55,71.1,39.9,26.1,28.87,Unsafe,AGRONOMIC_MULTIFACTOR_REFERENCE
PIT-035-S04,PIT-035,FARM-06,Sorghum (Jowar),40,6.71,71.7,42.4,27.3,28.33,Unsafe,AGRONOMIC_MULTIFACTOR_REFERENCE
PIT-035-S05,PIT-035,FARM-06,Sorghum (Jowar),80,6.37,73.2,38.2,25.7,26.84,Unsafe,AGRONOMIC_MULTIFACTOR_REFERENCE
PIT-035-S06,PIT-035,FARM-06,Sorghum (Jowar),20,6.53,74.9,40.5,27.4,25.15,Unsafe,AGRONOMIC_MULTIFACTOR_REFERENCE
PIT-035-S07,PIT-035,FARM-06,Sorghum (Jowar),20,6.3,73.6,41.0,26.7,26.37,Unsafe,AGRONOMIC_MULTIFACTOR_REFERENCE
PIT-035-S08,PIT-035,FARM-06,Sorghum (Jowar),40,6.47,73.9,41.7,27.7,26.11,Unsafe,AGRONOMIC_MULTIFACTOR_REFERENCE
PIT-035-S09,PIT-035,FARM-06,Sorghum (Jowar),60,6.43,72.8,41.4,26.4,27.24,Unsafe,AGRONOMIC_MULTIFACTOR_REFERENCE
PIT-035-S10,PIT-035,FARM-06,Sorghum (Jowar),40,6.49,73.6,40.9,26.1,26.37,Unsafe,AGRONOMIC_MULTIFACTOR_REFERENCE
PIT-035-S11,PIT-035,FARM-06,Sorghum (Jowar),40,6.74,74.5,40.2,26.6,25.53,Unsafe,AGRONOMIC_MULTIFACTOR_REFERENCE
PIT-035-S12,PIT-035,FARM-06,Sorghum (Jowar),60,6.19,75.0,40.3,26.6,24.99,Unsafe,AGRONOMIC_MULTIFACTOR_REFERENCE
PIT-035-S13,PIT-035,FARM-06,Sorghum (Jowar),40,6.42,73.0,40.9,26.2,27.03,Unsafe,AGRONOMIC_MULTIFACTOR_REFERENCE
PIT-035-S14,PIT-035,FARM-06,Sorghum (Jowar),60,6.43,77.4,38.6,26.8,22.59,Unsafe,AGRONOMIC_MULTIFACTOR_REFERENCE
PIT-035-S15,PIT-035,FARM-06,Sorghum (Jowar),60,6.46,72.5,39.7,24.7,27.51,Unsafe,AGRONOMIC_MULTIFACTOR_REFERENCE
PIT-035-S16,PIT-035,FARM-06,Sorghum (Jowar),20,6.62,74.6,39.1,26.6,25.38,Unsafe,AGRONOMIC_MULTIFACTOR_REFERENCE
PIT-035-S17,PIT-035,FARM-06,Sorghum (Jowar),60,6.42,75.2,36.1,25.7,24.82,Unsafe,AGRONOMIC_MULTIFACTOR_REFERENCE
PIT-035-S18,PIT-035,FARM-06,Sorghum (Jowar),40,6.48,73.4,41.0,26.6,26.59,Unsafe,AGRONOMIC_MULTIFACTOR_REFERENCE
PIT-035-S19,PIT-035,FARM-06,Sorghum (Jowar),60,6.56,74.1,39.0,27.5,25.87,Unsafe,AGRONOMIC_MULTIFACTOR_REFERENCE
PIT-035-S20,PIT-035,FARM-06,Sorghum (Jowar),40,6.57,74.8,37.5,25.5,25.21,Unsafe,AGRONOMIC_MULTIFACTOR_REFERENCE
PIT-035-S21,PIT-035,FARM-06,Sorghum (Jowar),60,6.39,72.5,39.6,27.1,27.53,Unsafe,AGRONOMIC_MULTIFACTOR_REFERENCE
PIT-035-S22,PIT-035,FARM-06,Sorghum (Jowar),20,6.44,72.6,41.4,27.4,27.44,Unsafe,AGRONOMIC_MULTIFACTOR_REFERENCE
PIT-035-S23,PIT-035,FARM-06,Sorghum (Jowar),40,6.49,73.5,40.3,27.5,26.53,Unsafe,AGRONOMIC_MULTIFACTOR_REFERENCE
PIT-035-S24,PIT-035,FARM-06,Sorghum (Jowar),40,6.67,74.0,42.7,26.4,25.96,Unsafe,AGRONOMIC_MULTIFACTOR_REFERENCE
PIT-035-S25,PIT-035,FARM-06,Sorghum (Jowar),40,6.38,73.0,40.2,25.5,26.97,Unsafe,AGRONOMIC_MULTIFACTOR_REFERENCE
PIT-035-S26,PIT-035,FARM-06,Sorghum (Jowar),60,6.68,76.7,40.5,27.5,23.33,Unsafe,AGRONOMIC_MULTIFACTOR_REFERENCE
PIT-035-S27,PIT-035,FARM-06,Sorghum (Jowar),20,6.49,70.7,42.6,28.1,29.34,Unsafe,AGRONOMIC_MULTIFACTOR_REFERENCE
PIT-035-S28,PIT-035,FARM-06,Sorghum (Jowar),20,6.48,76.1,40.2,25.7,23.95,Unsafe,AGRONOMIC_MULTIFACTOR_REFERENCE
PIT-035-S29,PIT-035,FARM-06,Sorghum (Jowar),20,6.52,74.8,38.9,26.4,25.19,Unsafe,AGRONOMIC_MULTIFACTOR_REFERENCE
PIT-035-S30,PIT-035,FARM-06,Sorghum (Jowar),20,6.55,75.6,41.3,26.5,24.45,Unsafe,AGRONOMIC_MULTIFACTOR_REFERENCE
PIT-035-S31,PIT-035,FARM-06,Sorghum (Jowar),60,6.35,73.6,40.0,26.0,26.38,Unsafe,AGRONOMIC_MULTIFACTOR_REFERENCE
PIT-035-S32,PIT-035,FARM-06,Sorghum (Jowar),40,6.51,74.9,41.7,27.4,25.09,Unsafe,AGRONOMIC_MULTIFACTOR_REFERENCE
PIT-035-S33,PIT-035,FARM-06,Sorghum (Jowar),80,6.48,71.9,38.7,26.5,28.13,Unsafe,AGRONOMIC_MULTIFACTOR_REFERENCE
PIT-035-S34,PIT-035,FARM-06,Sorghum (Jowar),20,6.5,73.0,37.6,25.7,27.01,Unsafe,AGRONOMIC_MULTIFACTOR_REFERENCE
PIT-035-S35,PIT-035,FARM-06,Sorghum (Jowar),80,6.37,74.0,38.2,25.4,25.99,Unsafe,AGRONOMIC_MULTIFACTOR_REFERENCE
PIT-035-S36,PIT-035,FARM-06,Sorghum (Jowar),60,6.71,75.5,41.4,27.8,24.49,Unsafe,AGRONOMIC_MULTIFACTOR_REFERENCE
PIT-035-S37,PIT-035,FARM-06,Sorghum (Jowar),60,6.62,72.4,36.2,26.0,27.64,Unsafe,AGRONOMIC_MULTIFACTOR_REFERENCE
PIT-035-S38,PIT-035,FARM-06,Sorghum (Jowar),80,6.59,76.4,38.6,26.1,23.56,Unsafe,AGRONOMIC_MULTIFACTOR_REFERENCE
PIT-035-S39,PIT-035,FARM-06,Sorghum (Jowar),40,6.42,74.4,39.1,27.4,25.65,Unsafe,AGRONOMIC_MULTIFACTOR_REFERENCE
PIT-035-S40,PIT-035,FARM-06,Sorghum (Jowar),80,6.5,73.2,39.9,26.6,26.83,Unsafe,AGRONOMIC_MULTIFACTOR_REFERENCE
PIT-036-S01,PIT-036,FARM-06,Lucerne Mix,40,3.82,61.1,28.6,26.2,38.86,Safe,AGRONOMIC_MULTIFACTOR_REFERENCE
PIT-036-S02,PIT-036,FARM-06,Lucerne Mix,60,3.86,61.7,25.9,25.4,38.27,Safe,AGRONOMIC_MULTIFACTOR_REFERENCE
PIT-036-S03,PIT-036,FARM-06,Lucerne Mix,40,3.95,61.4,30.2,26.9,38.6,Safe,AGRONOMIC_MULTIFACTOR_REFERENCE
PIT-036-S04,PIT-036,FARM-06,Lucerne Mix,60,3.94,61.5,24.1,26.0,38.5,Safe,AGRONOMIC_MULTIFACTOR_REFERENCE
PIT-036-S05,PIT-036,FARM-06,Lucerne Mix,60,3.79,60.7,27.5,26.7,39.26,Safe,AGRONOMIC_MULTIFACTOR_REFERENCE
PIT-036-S06,PIT-036,FARM-06,Lucerne Mix,60,3.78,58.1,27.1,25.6,41.87,Safe,AGRONOMIC_MULTIFACTOR_REFERENCE
PIT-036-S07,PIT-036,FARM-06,Lucerne Mix,80,3.99,61.2,28.2,26.7,38.85,Safe,AGRONOMIC_MULTIFACTOR_REFERENCE
PIT-036-S08,PIT-036,FARM-06,Lucerne Mix,40,3.75,62.0,28.1,25.8,38.01,Safe,AGRONOMIC_MULTIFACTOR_REFERENCE
PIT-036-S09,PIT-036,FARM-06,Lucerne Mix,60,3.83,61.9,27.5,25.8,38.13,Safe,AGRONOMIC_MULTIFACTOR_REFERENCE
PIT-036-S10,PIT-036,FARM-06,Lucerne Mix,20,4.12,59.5,28.1,26.1,40.48,Safe,AGRONOMIC_MULTIFACTOR_REFERENCE
PIT-036-S11,PIT-036,FARM-06,Lucerne Mix,60,3.91,60.3,26.5,24.1,39.68,Safe,AGRONOMIC_MULTIFACTOR_REFERENCE
PIT-036-S12,PIT-036,FARM-06,Lucerne Mix,40,3.94,58.2,29.0,25.9,41.81,Caution,AGRONOMIC_MULTIFACTOR_REFERENCE
PIT-036-S13,PIT-036,FARM-06,Lucerne Mix,80,3.96,63.0,26.9,26.3,36.98,Safe,AGRONOMIC_MULTIFACTOR_REFERENCE
PIT-036-S14,PIT-036,FARM-06,Lucerne Mix,20,3.86,63.4,26.5,25.7,36.64,Safe,AGRONOMIC_MULTIFACTOR_REFERENCE
PIT-036-S15,PIT-036,FARM-06,Lucerne Mix,60,3.94,61.2,27.7,27.5,38.75,Safe,AGRONOMIC_MULTIFACTOR_REFERENCE
PIT-036-S16,PIT-036,FARM-06,Lucerne Mix,80,3.78,59.7,25.3,26.4,40.33,Safe,AGRONOMIC_MULTIFACTOR_REFERENCE
PIT-036-S17,PIT-036,FARM-06,Lucerne Mix,40,3.79,58.7,29.1,27.0,41.26,Safe,AGRONOMIC_MULTIFACTOR_REFERENCE
PIT-036-S18,PIT-036,FARM-06,Lucerne Mix,40,3.64,63.7,29.8,28.4,36.27,Safe,AGRONOMIC_MULTIFACTOR_REFERENCE
PIT-036-S19,PIT-036,FARM-06,Lucerne Mix,20,3.8,66.4,27.1,25.3,33.59,Safe,AGRONOMIC_MULTIFACTOR_REFERENCE
PIT-036-S20,PIT-036,FARM-06,Lucerne Mix,20,3.9,63.8,27.9,26.7,36.25,Safe,AGRONOMIC_MULTIFACTOR_REFERENCE
PIT-036-S21,PIT-036,FARM-06,Lucerne Mix,60,3.7,60.7,26.6,25.6,39.29,Safe,AGRONOMIC_MULTIFACTOR_REFERENCE
PIT-036-S22,PIT-036,FARM-06,Lucerne Mix,80,3.72,58.6,27.4,27.4,41.36,Safe,AGRONOMIC_MULTIFACTOR_REFERENCE
PIT-036-S23,PIT-036,FARM-06,Lucerne Mix,80,3.63,61.0,25.1,26.5,38.97,Safe,AGRONOMIC_MULTIFACTOR_REFERENCE
PIT-036-S24,PIT-036,FARM-06,Lucerne Mix,40,3.88,59.4,29.7,27.8,40.56,Safe,AGRONOMIC_MULTIFACTOR_REFERENCE
PIT-036-S25,PIT-036,FARM-06,Lucerne Mix,40,3.8,60.0,28.3,26.3,40.01,Safe,AGRONOMIC_MULTIFACTOR_REFERENCE
PIT-036-S26,PIT-036,FARM-06,Lucerne Mix,60,3.81,60.9,26.7,26.4,39.06,Safe,AGRONOMIC_MULTIFACTOR_REFERENCE
PIT-036-S27,PIT-036,FARM-06,Lucerne Mix,60,3.77,57.6,28.4,27.2,42.42,Safe,AGRONOMIC_MULTIFACTOR_REFERENCE
PIT-036-S28,PIT-036,FARM-06,Lucerne Mix,40,3.75,64.7,26.6,26.5,35.25,Safe,AGRONOMIC_MULTIFACTOR_REFERENCE
PIT-036-S29,PIT-036,FARM-06,Lucerne Mix,40,3.95,62.0,27.6,26.7,37.95,Safe,AGRONOMIC_MULTIFACTOR_REFERENCE
PIT-036-S30,PIT-036,FARM-06,Lucerne Mix,80,3.84,60.9,25.3,26.8,39.14,Safe,AGRONOMIC_MULTIFACTOR_REFERENCE
PIT-036-S31,PIT-036,FARM-06,Lucerne Mix,80,3.73,64.4,25.6,25.8,35.57,Safe,AGRONOMIC_MULTIFACTOR_REFERENCE
PIT-036-S32,PIT-036,FARM-06,Lucerne Mix,80,3.73,59.1,24.9,24.6,40.86,Safe,AGRONOMIC_MULTIFACTOR_REFERENCE
PIT-036-S33,PIT-036,FARM-06,Lucerne Mix,60,3.83,61.2,27.3,26.3,38.76,Safe,AGRONOMIC_MULTIFACTOR_REFERENCE
PIT-036-S34,PIT-036,FARM-06,Lucerne Mix,80,3.91,61.0,26.2,25.9,39.01,Safe,AGRONOMIC_MULTIFACTOR_REFERENCE
PIT-036-S35,PIT-036,FARM-06,Lucerne Mix,20,3.94,63.9,27.7,25.9,36.13,Safe,AGRONOMIC_MULTIFACTOR_REFERENCE
PIT-036-S36,PIT-036,FARM-06,Lucerne Mix,20,3.91,59.5,26.5,26.4,40.46,Safe,AGRONOMIC_MULTIFACTOR_REFERENCE
PIT-036-S37,PIT-036,FARM-06,Lucerne Mix,80,3.57,62.0,26.8,26.1,38.01,Safe,AGRONOMIC_MULTIFACTOR_REFERENCE
PIT-036-S38,PIT-036,FARM-06,Lucerne Mix,80,3.78,59.6,25.5,26.4,40.43,Safe,AGRONOMIC_MULTIFACTOR_REFERENCE
PIT-036-S39,PIT-036,FARM-06,Lucerne Mix,40,4.01,58.9,26.4,26.2,41.11,Safe,AGRONOMIC_MULTIFACTOR_REFERENCE
PIT-036-S40,PIT-036,FARM-06,Lucerne Mix,40,3.91,60.7,28.2,26.0,39.27,Safe,AGRONOMIC_MULTIFACTOR_REFERENCE
PIT-037-S01,PIT-037,FARM-07,Corn Silage,20,4.4,71.2,26.8,24.1,28.78,Caution,AGRONOMIC_MULTIFACTOR_REFERENCE
PIT-037-S02,PIT-037,FARM-07,Corn Silage,80,4.32,69.7,28.3,25.4,30.28,Caution,AGRONOMIC_MULTIFACTOR_REFERENCE
PIT-037-S03,PIT-037,FARM-07,Corn Silage,40,4.39,67.4,30.0,26.4,32.63,Caution,AGRONOMIC_MULTIFACTOR_REFERENCE
PIT-037-S04,PIT-037,FARM-07,Corn Silage,60,4.42,68.8,27.1,25.1,31.21,Caution,AGRONOMIC_MULTIFACTOR_REFERENCE
PIT-037-S05,PIT-037,FARM-07,Corn Silage,60,4.39,69.7,29.1,24.9,30.35,Caution,AGRONOMIC_MULTIFACTOR_REFERENCE
PIT-037-S06,PIT-037,FARM-07,Corn Silage,80,4.16,69.1,30.6,25.2,30.94,Caution,AGRONOMIC_MULTIFACTOR_REFERENCE
PIT-037-S07,PIT-037,FARM-07,Corn Silage,60,4.32,71.4,30.3,24.8,28.64,Caution,AGRONOMIC_MULTIFACTOR_REFERENCE
PIT-037-S08,PIT-037,FARM-07,Corn Silage,20,4.19,70.5,25.0,23.6,29.54,Safe,AGRONOMIC_MULTIFACTOR_REFERENCE
PIT-037-S09,PIT-037,FARM-07,Corn Silage,80,4.35,70.5,27.5,24.6,29.46,Caution,AGRONOMIC_MULTIFACTOR_REFERENCE
PIT-037-S10,PIT-037,FARM-07,Corn Silage,20,4.77,69.8,28.8,25.3,30.17,Caution,AGRONOMIC_MULTIFACTOR_REFERENCE
PIT-037-S11,PIT-037,FARM-07,Corn Silage,40,4.4,69.9,30.4,24.5,30.14,Caution,AGRONOMIC_MULTIFACTOR_REFERENCE
PIT-037-S12,PIT-037,FARM-07,Corn Silage,60,4.48,70.5,26.0,23.0,29.46,Caution,AGRONOMIC_MULTIFACTOR_REFERENCE
PIT-037-S13,PIT-037,FARM-07,Corn Silage,60,4.66,69.9,30.8,25.7,30.12,Caution,AGRONOMIC_MULTIFACTOR_REFERENCE
PIT-037-S14,PIT-037,FARM-07,Corn Silage,20,4.43,68.8,27.9,22.9,31.22,Caution,AGRONOMIC_MULTIFACTOR_REFERENCE
PIT-037-S15,PIT-037,FARM-07,Corn Silage,80,4.21,70.6,26.6,23.9,29.39,Safe,AGRONOMIC_MULTIFACTOR_REFERENCE
PIT-037-S16,PIT-037,FARM-07,Corn Silage,80,4.31,70.8,28.3,24.0,29.22,Caution,AGRONOMIC_MULTIFACTOR_REFERENCE
PIT-037-S17,PIT-037,FARM-07,Corn Silage,60,4.27,67.3,28.2,24.8,32.72,Caution,AGRONOMIC_MULTIFACTOR_REFERENCE
PIT-037-S18,PIT-037,FARM-07,Corn Silage,20,4.42,72.7,28.8,24.7,27.26,Unsafe,AGRONOMIC_MULTIFACTOR_REFERENCE
PIT-037-S19,PIT-037,FARM-07,Corn Silage,40,4.24,71.8,28.4,25.0,28.23,Caution,AGRONOMIC_MULTIFACTOR_REFERENCE
PIT-037-S20,PIT-037,FARM-07,Corn Silage,20,4.17,72.9,27.4,23.9,27.11,Caution,AGRONOMIC_MULTIFACTOR_REFERENCE
PIT-037-S21,PIT-037,FARM-07,Corn Silage,80,4.35,68.1,24.4,23.7,31.86,Caution,AGRONOMIC_MULTIFACTOR_REFERENCE
PIT-037-S22,PIT-037,FARM-07,Corn Silage,60,4.43,69.3,29.5,27.2,30.69,Caution,AGRONOMIC_MULTIFACTOR_REFERENCE
PIT-037-S23,PIT-037,FARM-07,Corn Silage,60,4.23,69.3,28.0,25.1,30.73,Safe,AGRONOMIC_MULTIFACTOR_REFERENCE
PIT-037-S24,PIT-037,FARM-07,Corn Silage,60,4.41,68.5,25.2,23.8,31.47,Caution,AGRONOMIC_MULTIFACTOR_REFERENCE
PIT-037-S25,PIT-037,FARM-07,Corn Silage,40,4.1,69.4,27.7,24.6,30.64,Caution,AGRONOMIC_MULTIFACTOR_REFERENCE
PIT-037-S26,PIT-037,FARM-07,Corn Silage,40,4.52,72.5,26.4,24.6,27.5,Caution,AGRONOMIC_MULTIFACTOR_REFERENCE
PIT-037-S27,PIT-037,FARM-07,Corn Silage,80,4.24,69.2,26.6,24.3,30.79,Safe,AGRONOMIC_MULTIFACTOR_REFERENCE
PIT-037-S28,PIT-037,FARM-07,Corn Silage,20,4.32,69.6,28.8,24.3,30.4,Caution,AGRONOMIC_MULTIFACTOR_REFERENCE
PIT-037-S29,PIT-037,FARM-07,Corn Silage,20,4.44,68.7,29.0,25.9,31.35,Caution,AGRONOMIC_MULTIFACTOR_REFERENCE
PIT-037-S30,PIT-037,FARM-07,Corn Silage,20,4.21,71.0,28.8,24.2,29.02,Caution,AGRONOMIC_MULTIFACTOR_REFERENCE
PIT-037-S31,PIT-037,FARM-07,Corn Silage,40,4.08,72.8,27.6,25.4,27.2,Caution,AGRONOMIC_MULTIFACTOR_REFERENCE
PIT-037-S32,PIT-037,FARM-07,Corn Silage,60,4.16,73.3,26.8,24.3,26.7,Caution,AGRONOMIC_MULTIFACTOR_REFERENCE
PIT-037-S33,PIT-037,FARM-07,Corn Silage,80,4.04,69.7,28.5,24.7,30.34,Caution,AGRONOMIC_MULTIFACTOR_REFERENCE
PIT-037-S34,PIT-037,FARM-07,Corn Silage,80,4.14,67.6,29.4,25.2,32.44,Safe,AGRONOMIC_MULTIFACTOR_REFERENCE
PIT-037-S35,PIT-037,FARM-07,Corn Silage,40,4.18,72.2,29.9,24.9,27.76,Caution,AGRONOMIC_MULTIFACTOR_REFERENCE
PIT-037-S36,PIT-037,FARM-07,Corn Silage,40,4.36,65.8,29.7,24.7,34.25,Caution,AGRONOMIC_MULTIFACTOR_REFERENCE
PIT-037-S37,PIT-037,FARM-07,Corn Silage,60,4.23,69.6,25.0,24.7,30.41,Safe,AGRONOMIC_MULTIFACTOR_REFERENCE
PIT-037-S38,PIT-037,FARM-07,Corn Silage,60,4.54,68.7,28.6,25.3,31.33,Caution,AGRONOMIC_MULTIFACTOR_REFERENCE
PIT-037-S39,PIT-037,FARM-07,Corn Silage,40,4.52,71.0,27.5,24.7,28.98,Caution,AGRONOMIC_MULTIFACTOR_REFERENCE
PIT-037-S40,PIT-037,FARM-07,Corn Silage,80,4.41,66.9,27.2,25.4,33.08,Safe,AGRONOMIC_MULTIFACTOR_REFERENCE
PIT-038-S01,PIT-038,FARM-07,Hybrid Napier Grass,20,6.55,47.6,40.8,29.6,52.36,Unsafe,AGRONOMIC_MULTIFACTOR_REFERENCE
PIT-038-S02,PIT-038,FARM-07,Hybrid Napier Grass,60,6.13,45.8,40.2,29.6,54.19,Unsafe,AGRONOMIC_MULTIFACTOR_REFERENCE
PIT-038-S03,PIT-038,FARM-07,Hybrid Napier Grass,60,6.48,48.1,37.8,28.3,51.92,Unsafe,AGRONOMIC_MULTIFACTOR_REFERENCE
PIT-038-S04,PIT-038,FARM-07,Hybrid Napier Grass,20,6.41,43.2,42.1,30.4,56.81,Unsafe,AGRONOMIC_MULTIFACTOR_REFERENCE
PIT-038-S05,PIT-038,FARM-07,Hybrid Napier Grass,80,6.46,44.5,42.5,30.1,55.49,Unsafe,AGRONOMIC_MULTIFACTOR_REFERENCE
PIT-038-S06,PIT-038,FARM-07,Hybrid Napier Grass,60,6.18,48.7,37.7,29.1,51.26,Unsafe,AGRONOMIC_MULTIFACTOR_REFERENCE
PIT-038-S07,PIT-038,FARM-07,Hybrid Napier Grass,20,6.46,48.9,41.0,28.6,51.14,Unsafe,AGRONOMIC_MULTIFACTOR_REFERENCE
PIT-038-S08,PIT-038,FARM-07,Hybrid Napier Grass,80,6.11,44.7,39.2,29.2,55.34,Unsafe,AGRONOMIC_MULTIFACTOR_REFERENCE
PIT-038-S09,PIT-038,FARM-07,Hybrid Napier Grass,60,6.25,48.8,40.8,29.5,51.19,Unsafe,AGRONOMIC_MULTIFACTOR_REFERENCE
PIT-038-S10,PIT-038,FARM-07,Hybrid Napier Grass,40,6.36,48.4,41.7,28.7,51.56,Unsafe,AGRONOMIC_MULTIFACTOR_REFERENCE
PIT-038-S11,PIT-038,FARM-07,Hybrid Napier Grass,20,6.3,51.1,38.8,29.1,48.86,Unsafe,AGRONOMIC_MULTIFACTOR_REFERENCE
PIT-038-S12,PIT-038,FARM-07,Hybrid Napier Grass,80,6.47,47.6,41.1,29.8,52.42,Unsafe,AGRONOMIC_MULTIFACTOR_REFERENCE
PIT-038-S13,PIT-038,FARM-07,Hybrid Napier Grass,40,6.41,46.3,40.6,29.9,53.71,Unsafe,AGRONOMIC_MULTIFACTOR_REFERENCE
PIT-038-S14,PIT-038,FARM-07,Hybrid Napier Grass,80,6.39,43.5,38.7,29.4,56.52,Unsafe,AGRONOMIC_MULTIFACTOR_REFERENCE
PIT-038-S15,PIT-038,FARM-07,Hybrid Napier Grass,40,6.57,48.5,40.6,29.3,51.52,Unsafe,AGRONOMIC_MULTIFACTOR_REFERENCE
PIT-038-S16,PIT-038,FARM-07,Hybrid Napier Grass,40,6.25,50.3,41.9,30.7,49.72,Unsafe,AGRONOMIC_MULTIFACTOR_REFERENCE
PIT-038-S17,PIT-038,FARM-07,Hybrid Napier Grass,20,6.59,46.3,39.6,28.4,53.67,Unsafe,AGRONOMIC_MULTIFACTOR_REFERENCE
PIT-038-S18,PIT-038,FARM-07,Hybrid Napier Grass,20,6.45,46.6,41.0,29.5,53.35,Unsafe,AGRONOMIC_MULTIFACTOR_REFERENCE
PIT-038-S19,PIT-038,FARM-07,Hybrid Napier Grass,40,6.25,48.3,40.7,29.8,51.71,Unsafe,AGRONOMIC_MULTIFACTOR_REFERENCE
PIT-038-S20,PIT-038,FARM-07,Hybrid Napier Grass,20,6.54,45.2,39.3,29.5,54.84,Unsafe,AGRONOMIC_MULTIFACTOR_REFERENCE
PIT-038-S21,PIT-038,FARM-07,Hybrid Napier Grass,80,6.18,46.2,37.7,28.3,53.78,Unsafe,AGRONOMIC_MULTIFACTOR_REFERENCE
PIT-038-S22,PIT-038,FARM-07,Hybrid Napier Grass,60,6.31,48.9,37.4,28.8,51.14,Unsafe,AGRONOMIC_MULTIFACTOR_REFERENCE
PIT-038-S23,PIT-038,FARM-07,Hybrid Napier Grass,80,6.45,45.8,39.5,29.0,54.15,Unsafe,AGRONOMIC_MULTIFACTOR_REFERENCE
PIT-038-S24,PIT-038,FARM-07,Hybrid Napier Grass,40,6.39,49.3,39.3,29.5,50.68,Unsafe,AGRONOMIC_MULTIFACTOR_REFERENCE
PIT-038-S25,PIT-038,FARM-07,Hybrid Napier Grass,80,6.57,47.7,40.0,29.0,52.3,Unsafe,AGRONOMIC_MULTIFACTOR_REFERENCE
PIT-038-S26,PIT-038,FARM-07,Hybrid Napier Grass,40,6.4,48.1,41.5,31.1,51.93,Unsafe,AGRONOMIC_MULTIFACTOR_REFERENCE
PIT-038-S27,PIT-038,FARM-07,Hybrid Napier Grass,80,6.27,47.6,38.2,29.9,52.44,Unsafe,AGRONOMIC_MULTIFACTOR_REFERENCE
PIT-038-S28,PIT-038,FARM-07,Hybrid Napier Grass,80,6.07,46.3,37.3,27.8,53.7,Unsafe,AGRONOMIC_MULTIFACTOR_REFERENCE
PIT-038-S29,PIT-038,FARM-07,Hybrid Napier Grass,20,6.46,45.8,39.2,27.9,54.25,Unsafe,AGRONOMIC_MULTIFACTOR_REFERENCE
PIT-038-S30,PIT-038,FARM-07,Hybrid Napier Grass,40,6.47,44.3,41.4,29.7,55.7,Unsafe,AGRONOMIC_MULTIFACTOR_REFERENCE
PIT-038-S31,PIT-038,FARM-07,Hybrid Napier Grass,40,6.48,49.5,41.2,30.8,50.45,Unsafe,AGRONOMIC_MULTIFACTOR_REFERENCE
PIT-038-S32,PIT-038,FARM-07,Hybrid Napier Grass,60,6.35,46.6,41.1,29.1,53.39,Unsafe,AGRONOMIC_MULTIFACTOR_REFERENCE
PIT-038-S33,PIT-038,FARM-07,Hybrid Napier Grass,80,6.15,45.8,41.3,30.2,54.2,Unsafe,AGRONOMIC_MULTIFACTOR_REFERENCE
PIT-038-S34,PIT-038,FARM-07,Hybrid Napier Grass,80,6.27,48.9,41.0,29.4,51.11,Unsafe,AGRONOMIC_MULTIFACTOR_REFERENCE
PIT-038-S35,PIT-038,FARM-07,Hybrid Napier Grass,60,6.35,49.2,42.2,31.2,50.8,Unsafe,AGRONOMIC_MULTIFACTOR_REFERENCE
PIT-038-S36,PIT-038,FARM-07,Hybrid Napier Grass,40,6.38,48.7,42.2,28.8,51.34,Unsafe,AGRONOMIC_MULTIFACTOR_REFERENCE
PIT-038-S37,PIT-038,FARM-07,Hybrid Napier Grass,80,6.33,46.9,39.6,28.4,53.14,Unsafe,AGRONOMIC_MULTIFACTOR_REFERENCE
PIT-038-S38,PIT-038,FARM-07,Hybrid Napier Grass,60,6.44,46.5,38.2,29.5,53.54,Unsafe,AGRONOMIC_MULTIFACTOR_REFERENCE
PIT-038-S39,PIT-038,FARM-07,Hybrid Napier Grass,60,6.36,48.2,40.0,30.5,51.83,Unsafe,AGRONOMIC_MULTIFACTOR_REFERENCE
PIT-038-S40,PIT-038,FARM-07,Hybrid Napier Grass,60,6.19,45.7,39.8,28.0,54.26,Unsafe,AGRONOMIC_MULTIFACTOR_REFERENCE
PIT-039-S01,PIT-039,FARM-07,Sorghum (Jowar),60,4.58,57.1,38.9,32.4,42.94,Caution,AGRONOMIC_MULTIFACTOR_REFERENCE
PIT-039-S02,PIT-039,FARM-07,Sorghum (Jowar),40,4.42,55.9,36.2,31.2,44.11,Caution,AGRONOMIC_MULTIFACTOR_REFERENCE
PIT-039-S03,PIT-039,FARM-07,Sorghum (Jowar),80,4.4,56.4,38.1,32.0,43.59,Caution,AGRONOMIC_MULTIFACTOR_REFERENCE
PIT-039-S04,PIT-039,FARM-07,Sorghum (Jowar),60,4.38,54.9,38.6,31.5,45.08,Unsafe,AGRONOMIC_MULTIFACTOR_REFERENCE
PIT-039-S05,PIT-039,FARM-07,Sorghum (Jowar),80,4.23,56.6,36.8,31.6,43.36,Caution,AGRONOMIC_MULTIFACTOR_REFERENCE
PIT-039-S06,PIT-039,FARM-07,Sorghum (Jowar),60,4.33,56.9,37.2,30.5,43.1,Caution,AGRONOMIC_MULTIFACTOR_REFERENCE
PIT-039-S07,PIT-039,FARM-07,Sorghum (Jowar),60,4.29,58.4,38.7,33.3,41.6,Caution,AGRONOMIC_MULTIFACTOR_REFERENCE
PIT-039-S08,PIT-039,FARM-07,Sorghum (Jowar),60,4.46,55.2,37.2,32.2,44.82,Caution,AGRONOMIC_MULTIFACTOR_REFERENCE
PIT-039-S09,PIT-039,FARM-07,Sorghum (Jowar),20,4.51,54.9,37.3,31.2,45.09,Caution,AGRONOMIC_MULTIFACTOR_REFERENCE
PIT-039-S10,PIT-039,FARM-07,Sorghum (Jowar),80,4.47,55.0,37.4,31.9,45.02,Caution,AGRONOMIC_MULTIFACTOR_REFERENCE
PIT-039-S11,PIT-039,FARM-07,Sorghum (Jowar),80,4.35,56.8,37.0,30.8,43.25,Caution,AGRONOMIC_MULTIFACTOR_REFERENCE
PIT-039-S12,PIT-039,FARM-07,Sorghum (Jowar),60,4.58,55.1,40.3,32.4,44.91,Unsafe,AGRONOMIC_MULTIFACTOR_REFERENCE
PIT-039-S13,PIT-039,FARM-07,Sorghum (Jowar),40,4.33,53.9,37.8,31.7,46.13,Unsafe,AGRONOMIC_MULTIFACTOR_REFERENCE
PIT-039-S14,PIT-039,FARM-07,Sorghum (Jowar),60,4.62,56.5,35.9,30.8,43.45,Caution,AGRONOMIC_MULTIFACTOR_REFERENCE
PIT-039-S15,PIT-039,FARM-07,Sorghum (Jowar),20,4.59,55.5,39.6,31.4,44.54,Unsafe,AGRONOMIC_MULTIFACTOR_REFERENCE
PIT-039-S16,PIT-039,FARM-07,Sorghum (Jowar),60,4.34,56.4,38.5,31.4,43.6,Unsafe,AGRONOMIC_MULTIFACTOR_REFERENCE
PIT-039-S17,PIT-039,FARM-07,Sorghum (Jowar),20,4.53,56.1,38.2,31.5,43.91,Caution,AGRONOMIC_MULTIFACTOR_REFERENCE
PIT-039-S18,PIT-039,FARM-07,Sorghum (Jowar),60,4.22,56.9,38.3,32.9,43.05,Caution,AGRONOMIC_MULTIFACTOR_REFERENCE
PIT-039-S19,PIT-039,FARM-07,Sorghum (Jowar),80,4.27,54.9,38.4,32.0,45.08,Caution,AGRONOMIC_MULTIFACTOR_REFERENCE
PIT-039-S20,PIT-039,FARM-07,Sorghum (Jowar),60,4.38,54.8,36.1,31.5,45.17,Caution,AGRONOMIC_MULTIFACTOR_REFERENCE
PIT-039-S21,PIT-039,FARM-07,Sorghum (Jowar),80,4.38,58.1,34.7,30.4,41.95,Caution,AGRONOMIC_MULTIFACTOR_REFERENCE
PIT-039-S22,PIT-039,FARM-07,Sorghum (Jowar),40,4.62,55.4,38.9,32.3,44.62,Caution,AGRONOMIC_MULTIFACTOR_REFERENCE
PIT-039-S23,PIT-039,FARM-07,Sorghum (Jowar),40,4.41,57.3,37.6,30.7,42.72,Caution,AGRONOMIC_MULTIFACTOR_REFERENCE
PIT-039-S24,PIT-039,FARM-07,Sorghum (Jowar),60,4.35,54.1,37.7,31.7,45.89,Caution,AGRONOMIC_MULTIFACTOR_REFERENCE
PIT-039-S25,PIT-039,FARM-07,Sorghum (Jowar),60,4.38,54.3,40.0,32.7,45.69,Unsafe,AGRONOMIC_MULTIFACTOR_REFERENCE
PIT-039-S26,PIT-039,FARM-07,Sorghum (Jowar),40,4.54,55.9,38.9,30.0,44.06,Unsafe,AGRONOMIC_MULTIFACTOR_REFERENCE
PIT-039-S27,PIT-039,FARM-07,Sorghum (Jowar),20,4.45,55.1,40.2,31.7,44.86,Unsafe,AGRONOMIC_MULTIFACTOR_REFERENCE
PIT-039-S28,PIT-039,FARM-07,Sorghum (Jowar),40,4.42,58.8,37.8,32.3,41.21,Caution,AGRONOMIC_MULTIFACTOR_REFERENCE
PIT-039-S29,PIT-039,FARM-07,Sorghum (Jowar),40,4.35,58.2,35.8,29.2,41.79,Caution,AGRONOMIC_MULTIFACTOR_REFERENCE
PIT-039-S30,PIT-039,FARM-07,Sorghum (Jowar),20,4.29,55.6,37.9,31.2,44.37,Caution,AGRONOMIC_MULTIFACTOR_REFERENCE
PIT-039-S31,PIT-039,FARM-07,Sorghum (Jowar),40,4.36,54.5,42.0,33.2,45.49,Unsafe,AGRONOMIC_MULTIFACTOR_REFERENCE
PIT-039-S32,PIT-039,FARM-07,Sorghum (Jowar),40,4.29,59.3,38.0,31.1,40.67,Caution,AGRONOMIC_MULTIFACTOR_REFERENCE
PIT-039-S33,PIT-039,FARM-07,Sorghum (Jowar),20,4.45,55.3,39.5,32.2,44.7,Unsafe,AGRONOMIC_MULTIFACTOR_REFERENCE
PIT-039-S34,PIT-039,FARM-07,Sorghum (Jowar),20,4.4,54.1,36.0,30.7,45.86,Caution,AGRONOMIC_MULTIFACTOR_REFERENCE
PIT-039-S35,PIT-039,FARM-07,Sorghum (Jowar),80,4.37,54.3,38.7,31.2,45.67,Unsafe,AGRONOMIC_MULTIFACTOR_REFERENCE
PIT-039-S36,PIT-039,FARM-07,Sorghum (Jowar),60,4.54,56.4,39.8,31.3,43.57,Unsafe,AGRONOMIC_MULTIFACTOR_REFERENCE
PIT-039-S37,PIT-039,FARM-07,Sorghum (Jowar),80,4.43,55.9,36.7,30.3,44.1,Caution,AGRONOMIC_MULTIFACTOR_REFERENCE
PIT-039-S38,PIT-039,FARM-07,Sorghum (Jowar),20,4.56,55.3,38.4,31.6,44.65,Caution,AGRONOMIC_MULTIFACTOR_REFERENCE
PIT-039-S39,PIT-039,FARM-07,Sorghum (Jowar),40,4.4,52.0,39.1,31.2,47.99,Unsafe,AGRONOMIC_MULTIFACTOR_REFERENCE
PIT-039-S40,PIT-039,FARM-07,Sorghum (Jowar),20,4.38,56.6,38.4,30.8,43.42,Unsafe,AGRONOMIC_MULTIFACTOR_REFERENCE
PIT-040-S01,PIT-040,FARM-07,Lucerne Mix,60,6.71,47.9,38.5,27.8,52.12,Unsafe,AGRONOMIC_MULTIFACTOR_REFERENCE
PIT-040-S02,PIT-040,FARM-07,Lucerne Mix,60,6.66,50.5,37.5,27.2,49.53,Unsafe,AGRONOMIC_MULTIFACTOR_REFERENCE
PIT-040-S03,PIT-040,FARM-07,Lucerne Mix,60,6.53,51.4,35.5,26.3,48.62,Unsafe,AGRONOMIC_MULTIFACTOR_REFERENCE
PIT-040-S04,PIT-040,FARM-07,Lucerne Mix,20,7.11,50.1,34.4,26.5,49.89,Unsafe,AGRONOMIC_MULTIFACTOR_REFERENCE
PIT-040-S05,PIT-040,FARM-07,Lucerne Mix,20,6.96,47.1,36.0,26.0,52.85,Unsafe,AGRONOMIC_MULTIFACTOR_REFERENCE
PIT-040-S06,PIT-040,FARM-07,Lucerne Mix,40,6.93,51.0,37.0,26.6,49.04,Unsafe,AGRONOMIC_MULTIFACTOR_REFERENCE
PIT-040-S07,PIT-040,FARM-07,Lucerne Mix,20,6.72,49.8,38.3,26.8,50.18,Unsafe,AGRONOMIC_MULTIFACTOR_REFERENCE
PIT-040-S08,PIT-040,FARM-07,Lucerne Mix,40,6.88,50.5,37.3,26.5,49.54,Unsafe,AGRONOMIC_MULTIFACTOR_REFERENCE
PIT-040-S09,PIT-040,FARM-07,Lucerne Mix,80,6.69,47.6,35.7,26.5,52.38,Unsafe,AGRONOMIC_MULTIFACTOR_REFERENCE
PIT-040-S10,PIT-040,FARM-07,Lucerne Mix,40,6.87,49.2,35.9,25.8,50.76,Unsafe,AGRONOMIC_MULTIFACTOR_REFERENCE
PIT-040-S11,PIT-040,FARM-07,Lucerne Mix,20,6.81,49.9,39.0,27.5,50.1,Unsafe,AGRONOMIC_MULTIFACTOR_REFERENCE
PIT-040-S12,PIT-040,FARM-07,Lucerne Mix,80,6.63,48.5,35.9,25.9,51.54,Unsafe,AGRONOMIC_MULTIFACTOR_REFERENCE
PIT-040-S13,PIT-040,FARM-07,Lucerne Mix,80,6.88,49.0,37.4,26.6,51.0,Unsafe,AGRONOMIC_MULTIFACTOR_REFERENCE
PIT-040-S14,PIT-040,FARM-07,Lucerne Mix,40,6.82,50.4,36.6,25.8,49.64,Unsafe,AGRONOMIC_MULTIFACTOR_REFERENCE
PIT-040-S15,PIT-040,FARM-07,Lucerne Mix,60,6.62,47.5,35.4,26.5,52.47,Unsafe,AGRONOMIC_MULTIFACTOR_REFERENCE
PIT-040-S16,PIT-040,FARM-07,Lucerne Mix,20,6.77,47.0,39.2,27.5,53.02,Unsafe,AGRONOMIC_MULTIFACTOR_REFERENCE
PIT-040-S17,PIT-040,FARM-07,Lucerne Mix,20,6.56,51.3,37.5,26.1,48.67,Unsafe,AGRONOMIC_MULTIFACTOR_REFERENCE
PIT-040-S18,PIT-040,FARM-07,Lucerne Mix,60,6.73,49.6,37.6,26.6,50.38,Unsafe,AGRONOMIC_MULTIFACTOR_REFERENCE
PIT-040-S19,PIT-040,FARM-07,Lucerne Mix,20,6.64,50.7,38.8,27.7,49.34,Unsafe,AGRONOMIC_MULTIFACTOR_REFERENCE
PIT-040-S20,PIT-040,FARM-07,Lucerne Mix,60,7.01,48.6,37.0,27.5,51.38,Unsafe,AGRONOMIC_MULTIFACTOR_REFERENCE
PIT-040-S21,PIT-040,FARM-07,Lucerne Mix,60,6.88,49.6,37.5,26.5,50.44,Unsafe,AGRONOMIC_MULTIFACTOR_REFERENCE
PIT-040-S22,PIT-040,FARM-07,Lucerne Mix,80,6.64,47.0,36.2,26.4,52.97,Unsafe,AGRONOMIC_MULTIFACTOR_REFERENCE
PIT-040-S23,PIT-040,FARM-07,Lucerne Mix,80,6.87,49.8,35.5,27.8,50.23,Unsafe,AGRONOMIC_MULTIFACTOR_REFERENCE
PIT-040-S24,PIT-040,FARM-07,Lucerne Mix,40,6.71,49.1,36.8,26.7,50.95,Unsafe,AGRONOMIC_MULTIFACTOR_REFERENCE
PIT-040-S25,PIT-040,FARM-07,Lucerne Mix,80,6.79,48.8,36.0,26.9,51.23,Unsafe,AGRONOMIC_MULTIFACTOR_REFERENCE
PIT-040-S26,PIT-040,FARM-07,Lucerne Mix,60,6.62,49.4,36.1,26.7,50.63,Unsafe,AGRONOMIC_MULTIFACTOR_REFERENCE
PIT-040-S27,PIT-040,FARM-07,Lucerne Mix,40,6.77,49.7,37.8,26.4,50.29,Unsafe,AGRONOMIC_MULTIFACTOR_REFERENCE
PIT-040-S28,PIT-040,FARM-07,Lucerne Mix,20,6.65,48.3,38.3,29.0,51.73,Unsafe,AGRONOMIC_MULTIFACTOR_REFERENCE
PIT-040-S29,PIT-040,FARM-07,Lucerne Mix,60,6.57,50.9,34.4,25.1,49.11,Unsafe,AGRONOMIC_MULTIFACTOR_REFERENCE
PIT-040-S30,PIT-040,FARM-07,Lucerne Mix,40,7.02,46.8,33.5,25.2,53.21,Unsafe,AGRONOMIC_MULTIFACTOR_REFERENCE
PIT-040-S31,PIT-040,FARM-07,Lucerne Mix,80,6.81,51.6,36.3,26.4,48.41,Unsafe,AGRONOMIC_MULTIFACTOR_REFERENCE
PIT-040-S32,PIT-040,FARM-07,Lucerne Mix,60,6.9,52.8,33.6,26.6,47.21,Unsafe,AGRONOMIC_MULTIFACTOR_REFERENCE
PIT-040-S33,PIT-040,FARM-07,Lucerne Mix,40,6.67,48.8,36.4,26.6,51.2,Unsafe,AGRONOMIC_MULTIFACTOR_REFERENCE
PIT-040-S34,PIT-040,FARM-07,Lucerne Mix,20,6.93,51.9,38.2,26.6,48.14,Unsafe,AGRONOMIC_MULTIFACTOR_REFERENCE
PIT-040-S35,PIT-040,FARM-07,Lucerne Mix,60,6.78,49.7,37.2,27.5,50.31,Unsafe,AGRONOMIC_MULTIFACTOR_REFERENCE
PIT-040-S36,PIT-040,FARM-07,Lucerne Mix,60,6.98,47.0,35.8,26.4,53.02,Unsafe,AGRONOMIC_MULTIFACTOR_REFERENCE
PIT-040-S37,PIT-040,FARM-07,Lucerne Mix,40,6.82,51.9,35.2,26.8,48.15,Unsafe,AGRONOMIC_MULTIFACTOR_REFERENCE
PIT-040-S38,PIT-040,FARM-07,Lucerne Mix,40,6.86,50.9,35.2,25.2,49.07,Unsafe,AGRONOMIC_MULTIFACTOR_REFERENCE
PIT-040-S39,PIT-040,FARM-07,Lucerne Mix,80,6.51,48.4,36.1,26.1,51.63,Unsafe,AGRONOMIC_MULTIFACTOR_REFERENCE
PIT-040-S40,PIT-040,FARM-07,Lucerne Mix,80,6.72,47.3,35.1,27.5,52.74,Unsafe,AGRONOMIC_MULTIFACTOR_REFERENCE
PIT-041-S01,PIT-041,FARM-07,Corn Silage,20,4.45,56.7,34.0,26.5,43.29,Unsafe,AGRONOMIC_MULTIFACTOR_REFERENCE
PIT-041-S02,PIT-041,FARM-07,Corn Silage,60,4.42,60.6,33.3,26.7,39.42,Caution,AGRONOMIC_MULTIFACTOR_REFERENCE
PIT-041-S03,PIT-041,FARM-07,Corn Silage,80,4.27,58.5,32.8,27.1,41.5,Caution,AGRONOMIC_MULTIFACTOR_REFERENCE
PIT-041-S04,PIT-041,FARM-07,Corn Silage,40,4.17,58.8,32.9,27.1,41.23,Caution,AGRONOMIC_MULTIFACTOR_REFERENCE
PIT-041-S05,PIT-041,FARM-07,Corn Silage,80,4.17,60.8,32.7,27.2,39.17,Safe,AGRONOMIC_MULTIFACTOR_REFERENCE
PIT-041-S06,PIT-041,FARM-07,Corn Silage,60,4.22,56.7,34.2,27.8,43.3,Caution,AGRONOMIC_MULTIFACTOR_REFERENCE
PIT-041-S07,PIT-041,FARM-07,Corn Silage,60,4.29,59.1,34.0,26.1,40.91,Unsafe,AGRONOMIC_MULTIFACTOR_REFERENCE
PIT-041-S08,PIT-041,FARM-07,Corn Silage,60,4.52,57.3,29.6,26.3,42.66,Caution,AGRONOMIC_MULTIFACTOR_REFERENCE
PIT-041-S09,PIT-041,FARM-07,Corn Silage,20,4.24,55.8,33.5,26.9,44.23,Caution,AGRONOMIC_MULTIFACTOR_REFERENCE
PIT-041-S10,PIT-041,FARM-07,Corn Silage,60,4.19,57.7,34.0,27.2,42.33,Caution,AGRONOMIC_MULTIFACTOR_REFERENCE
PIT-041-S11,PIT-041,FARM-07,Corn Silage,60,4.13,57.9,32.9,25.7,42.05,Caution,AGRONOMIC_MULTIFACTOR_REFERENCE
PIT-041-S12,PIT-041,FARM-07,Corn Silage,40,4.48,56.6,32.3,26.2,43.44,Caution,AGRONOMIC_MULTIFACTOR_REFERENCE
PIT-041-S13,PIT-041,FARM-07,Corn Silage,20,4.14,58.8,34.6,26.6,41.22,Caution,AGRONOMIC_MULTIFACTOR_REFERENCE
PIT-041-S14,PIT-041,FARM-07,Corn Silage,20,4.28,57.1,31.5,25.6,42.94,Caution,AGRONOMIC_MULTIFACTOR_REFERENCE
PIT-041-S15,PIT-041,FARM-07,Corn Silage,80,4.18,60.0,32.2,26.2,40.03,Caution,AGRONOMIC_MULTIFACTOR_REFERENCE
PIT-041-S16,PIT-041,FARM-07,Corn Silage,60,4.31,55.9,33.5,26.6,44.11,Caution,AGRONOMIC_MULTIFACTOR_REFERENCE
PIT-041-S17,PIT-041,FARM-07,Corn Silage,40,4.24,59.6,32.2,26.1,40.37,Caution,AGRONOMIC_MULTIFACTOR_REFERENCE
PIT-041-S18,PIT-041,FARM-07,Corn Silage,80,4.39,57.0,32.3,26.8,43.02,Caution,AGRONOMIC_MULTIFACTOR_REFERENCE
PIT-041-S19,PIT-041,FARM-07,Corn Silage,60,4.37,53.9,32.2,25.3,46.11,Unsafe,AGRONOMIC_MULTIFACTOR_REFERENCE
PIT-041-S20,PIT-041,FARM-07,Corn Silage,20,4.54,56.5,33.9,26.6,43.46,Unsafe,AGRONOMIC_MULTIFACTOR_REFERENCE
PIT-041-S21,PIT-041,FARM-07,Corn Silage,60,4.44,54.5,31.9,26.1,45.47,Caution,AGRONOMIC_MULTIFACTOR_REFERENCE
PIT-041-S22,PIT-041,FARM-07,Corn Silage,60,4.44,62.7,31.3,26.6,37.33,Caution,AGRONOMIC_MULTIFACTOR_REFERENCE
PIT-041-S23,PIT-041,FARM-07,Corn Silage,40,4.43,60.6,32.5,26.9,39.45,Caution,AGRONOMIC_MULTIFACTOR_REFERENCE
PIT-041-S24,PIT-041,FARM-07,Corn Silage,40,4.5,59.4,33.0,26.0,40.63,Unsafe,AGRONOMIC_MULTIFACTOR_REFERENCE
PIT-041-S25,PIT-041,FARM-07,Corn Silage,40,4.5,60.3,32.9,26.7,39.7,Caution,AGRONOMIC_MULTIFACTOR_REFERENCE
PIT-041-S26,PIT-041,FARM-07,Corn Silage,80,4.47,56.0,31.4,27.1,44.0,Caution,AGRONOMIC_MULTIFACTOR_REFERENCE
PIT-041-S27,PIT-041,FARM-07,Corn Silage,40,4.51,57.7,34.9,27.8,42.29,Unsafe,AGRONOMIC_MULTIFACTOR_REFERENCE
PIT-041-S28,PIT-041,FARM-07,Corn Silage,80,4.18,60.7,34.8,28.0,39.26,Safe,AGRONOMIC_MULTIFACTOR_REFERENCE
PIT-041-S29,PIT-041,FARM-07,Corn Silage,60,4.26,57.6,32.3,26.9,42.37,Caution,AGRONOMIC_MULTIFACTOR_REFERENCE
PIT-041-S30,PIT-041,FARM-07,Corn Silage,80,4.53,58.4,30.8,24.6,41.56,Caution,AGRONOMIC_MULTIFACTOR_REFERENCE
PIT-041-S31,PIT-041,FARM-07,Corn Silage,80,4.28,58.0,33.2,26.5,41.96,Caution,AGRONOMIC_MULTIFACTOR_REFERENCE
PIT-041-S32,PIT-041,FARM-07,Corn Silage,40,4.52,58.7,33.1,26.5,41.31,Caution,AGRONOMIC_MULTIFACTOR_REFERENCE
PIT-041-S33,PIT-041,FARM-07,Corn Silage,40,4.39,56.7,34.4,27.2,43.27,Unsafe,AGRONOMIC_MULTIFACTOR_REFERENCE
PIT-041-S34,PIT-041,FARM-07,Corn Silage,20,4.6,60.4,34.1,26.2,39.56,Caution,AGRONOMIC_MULTIFACTOR_REFERENCE
PIT-041-S35,PIT-041,FARM-07,Corn Silage,80,4.21,59.4,31.0,26.4,40.57,Caution,AGRONOMIC_MULTIFACTOR_REFERENCE
PIT-041-S36,PIT-041,FARM-07,Corn Silage,60,4.39,53.4,31.4,25.4,46.64,Unsafe,AGRONOMIC_MULTIFACTOR_REFERENCE
PIT-041-S37,PIT-041,FARM-07,Corn Silage,20,4.42,57.5,31.6,25.5,42.49,Caution,AGRONOMIC_MULTIFACTOR_REFERENCE
PIT-041-S38,PIT-041,FARM-07,Corn Silage,20,4.46,59.2,35.0,26.8,40.78,Unsafe,AGRONOMIC_MULTIFACTOR_REFERENCE
PIT-041-S39,PIT-041,FARM-07,Corn Silage,20,4.46,56.8,32.0,26.6,43.17,Caution,AGRONOMIC_MULTIFACTOR_REFERENCE
PIT-041-S40,PIT-041,FARM-07,Corn Silage,40,4.37,60.2,35.5,27.3,39.82,Caution,AGRONOMIC_MULTIFACTOR_REFERENCE
PIT-042-S01,PIT-042,FARM-07,Hybrid Napier Grass,80,4.31,59.2,35.4,28.6,40.76,Caution,AGRONOMIC_MULTIFACTOR_REFERENCE
PIT-042-S02,PIT-042,FARM-07,Hybrid Napier Grass,20,4.44,58.1,36.1,30.0,41.91,Caution,AGRONOMIC_MULTIFACTOR_REFERENCE
PIT-042-S03,PIT-042,FARM-07,Hybrid Napier Grass,80,4.38,59.1,32.4,28.7,40.87,Caution,AGRONOMIC_MULTIFACTOR_REFERENCE
PIT-042-S04,PIT-042,FARM-07,Hybrid Napier Grass,20,4.7,56.0,36.6,28.9,44.03,Unsafe,AGRONOMIC_MULTIFACTOR_REFERENCE
PIT-042-S05,PIT-042,FARM-07,Hybrid Napier Grass,80,4.28,55.0,32.2,29.0,45.0,Caution,AGRONOMIC_MULTIFACTOR_REFERENCE
PIT-042-S06,PIT-042,FARM-07,Hybrid Napier Grass,40,4.38,57.3,32.8,28.6,42.75,Caution,AGRONOMIC_MULTIFACTOR_REFERENCE
PIT-042-S07,PIT-042,FARM-07,Hybrid Napier Grass,80,4.54,57.0,34.8,29.9,43.0,Caution,AGRONOMIC_MULTIFACTOR_REFERENCE
PIT-042-S08,PIT-042,FARM-07,Hybrid Napier Grass,80,4.24,57.3,32.5,28.6,42.7,Caution,AGRONOMIC_MULTIFACTOR_REFERENCE
PIT-042-S09,PIT-042,FARM-07,Hybrid Napier Grass,20,4.62,55.7,35.1,27.3,44.31,Unsafe,AGRONOMIC_MULTIFACTOR_REFERENCE
PIT-042-S10,PIT-042,FARM-07,Hybrid Napier Grass,80,4.29,55.7,34.5,27.4,44.28,Unsafe,AGRONOMIC_MULTIFACTOR_REFERENCE
PIT-042-S11,PIT-042,FARM-07,Hybrid Napier Grass,60,4.23,56.9,35.5,29.5,43.08,Caution,AGRONOMIC_MULTIFACTOR_REFERENCE
PIT-042-S12,PIT-042,FARM-07,Hybrid Napier Grass,20,4.43,53.7,34.7,28.2,46.25,Unsafe,AGRONOMIC_MULTIFACTOR_REFERENCE
PIT-042-S13,PIT-042,FARM-07,Hybrid Napier Grass,80,4.26,57.2,35.6,29.3,42.82,Caution,AGRONOMIC_MULTIFACTOR_REFERENCE
PIT-042-S14,PIT-042,FARM-07,Hybrid Napier Grass,60,4.23,60.8,35.0,29.4,39.23,Safe,AGRONOMIC_MULTIFACTOR_REFERENCE
PIT-042-S15,PIT-042,FARM-07,Hybrid Napier Grass,20,4.57,61.1,33.8,27.7,38.93,Caution,AGRONOMIC_MULTIFACTOR_REFERENCE
PIT-042-S16,PIT-042,FARM-07,Hybrid Napier Grass,40,4.12,57.2,35.0,29.1,42.84,Caution,AGRONOMIC_MULTIFACTOR_REFERENCE
PIT-042-S17,PIT-042,FARM-07,Hybrid Napier Grass,20,4.36,53.1,37.1,29.1,46.88,Unsafe,AGRONOMIC_MULTIFACTOR_REFERENCE
PIT-042-S18,PIT-042,FARM-07,Hybrid Napier Grass,20,4.37,57.6,34.4,27.5,42.4,Caution,AGRONOMIC_MULTIFACTOR_REFERENCE
PIT-042-S19,PIT-042,FARM-07,Hybrid Napier Grass,80,4.3,55.4,32.9,28.2,44.56,Caution,AGRONOMIC_MULTIFACTOR_REFERENCE
PIT-042-S20,PIT-042,FARM-07,Hybrid Napier Grass,60,4.43,54.5,34.0,28.5,45.55,Caution,AGRONOMIC_MULTIFACTOR_REFERENCE
PIT-042-S21,PIT-042,FARM-07,Hybrid Napier Grass,20,4.31,60.0,33.7,28.1,39.95,Caution,AGRONOMIC_MULTIFACTOR_REFERENCE
PIT-042-S22,PIT-042,FARM-07,Hybrid Napier Grass,20,4.32,60.0,34.6,29.2,39.95,Caution,AGRONOMIC_MULTIFACTOR_REFERENCE
PIT-042-S23,PIT-042,FARM-07,Hybrid Napier Grass,20,4.57,57.2,35.0,29.0,42.83,Caution,AGRONOMIC_MULTIFACTOR_REFERENCE
PIT-042-S24,PIT-042,FARM-07,Hybrid Napier Grass,80,4.26,57.4,35.5,28.4,42.58,Unsafe,AGRONOMIC_MULTIFACTOR_REFERENCE
PIT-042-S25,PIT-042,FARM-07,Hybrid Napier Grass,20,4.29,59.6,35.4,28.7,40.42,Caution,AGRONOMIC_MULTIFACTOR_REFERENCE
PIT-042-S26,PIT-042,FARM-07,Hybrid Napier Grass,60,4.48,55.7,32.1,29.5,44.32,Caution,AGRONOMIC_MULTIFACTOR_REFERENCE
PIT-042-S27,PIT-042,FARM-07,Hybrid Napier Grass,80,4.26,55.1,32.7,27.8,44.85,Caution,AGRONOMIC_MULTIFACTOR_REFERENCE
PIT-042-S28,PIT-042,FARM-07,Hybrid Napier Grass,40,4.46,58.1,34.2,29.0,41.92,Caution,AGRONOMIC_MULTIFACTOR_REFERENCE
PIT-042-S29,PIT-042,FARM-07,Hybrid Napier Grass,40,4.45,57.0,36.4,29.6,42.96,Caution,AGRONOMIC_MULTIFACTOR_REFERENCE
PIT-042-S30,PIT-042,FARM-07,Hybrid Napier Grass,80,4.35,55.2,32.8,28.3,44.8,Caution,AGRONOMIC_MULTIFACTOR_REFERENCE
PIT-042-S31,PIT-042,FARM-07,Hybrid Napier Grass,60,4.34,57.3,34.9,29.4,42.71,Caution,AGRONOMIC_MULTIFACTOR_REFERENCE
PIT-042-S32,PIT-042,FARM-07,Hybrid Napier Grass,80,4.35,57.1,32.5,28.4,42.93,Caution,AGRONOMIC_MULTIFACTOR_REFERENCE
PIT-042-S33,PIT-042,FARM-07,Hybrid Napier Grass,80,4.14,55.6,33.6,29.2,44.44,Caution,AGRONOMIC_MULTIFACTOR_REFERENCE
PIT-042-S34,PIT-042,FARM-07,Hybrid Napier Grass,80,4.32,57.7,33.2,29.2,42.35,Caution,AGRONOMIC_MULTIFACTOR_REFERENCE
PIT-042-S35,PIT-042,FARM-07,Hybrid Napier Grass,80,4.47,58.8,32.1,27.9,41.16,Caution,AGRONOMIC_MULTIFACTOR_REFERENCE
PIT-042-S36,PIT-042,FARM-07,Hybrid Napier Grass,20,4.58,56.5,31.8,27.0,43.45,Caution,AGRONOMIC_MULTIFACTOR_REFERENCE
PIT-042-S37,PIT-042,FARM-07,Hybrid Napier Grass,40,4.38,54.7,34.5,28.5,45.28,Caution,AGRONOMIC_MULTIFACTOR_REFERENCE
PIT-042-S38,PIT-042,FARM-07,Hybrid Napier Grass,60,4.56,56.3,36.8,29.7,43.71,Unsafe,AGRONOMIC_MULTIFACTOR_REFERENCE
PIT-042-S39,PIT-042,FARM-07,Hybrid Napier Grass,20,4.61,57.3,34.1,27.2,42.67,Caution,AGRONOMIC_MULTIFACTOR_REFERENCE
PIT-042-S40,PIT-042,FARM-07,Hybrid Napier Grass,40,4.54,56.7,37.1,30.2,43.33,Caution,AGRONOMIC_MULTIFACTOR_REFERENCE
PIT-043-S01,PIT-043,FARM-08,Sorghum (Jowar),80,5.81,76.1,42.1,29.8,23.9,Unsafe,AGRONOMIC_MULTIFACTOR_REFERENCE
PIT-043-S02,PIT-043,FARM-08,Sorghum (Jowar),80,5.68,76.3,43.7,28.9,23.7,Unsafe,AGRONOMIC_MULTIFACTOR_REFERENCE
PIT-043-S03,PIT-043,FARM-08,Sorghum (Jowar),80,5.61,77.4,45.0,30.9,22.64,Unsafe,AGRONOMIC_MULTIFACTOR_REFERENCE
PIT-043-S04,PIT-043,FARM-08,Sorghum (Jowar),40,5.82,72.9,46.5,30.1,27.08,Unsafe,AGRONOMIC_MULTIFACTOR_REFERENCE
PIT-043-S05,PIT-043,FARM-08,Sorghum (Jowar),40,5.9,74.7,46.6,31.9,25.26,Unsafe,AGRONOMIC_MULTIFACTOR_REFERENCE
PIT-043-S06,PIT-043,FARM-08,Sorghum (Jowar),80,5.53,73.4,41.7,28.3,26.56,Unsafe,AGRONOMIC_MULTIFACTOR_REFERENCE
PIT-043-S07,PIT-043,FARM-08,Sorghum (Jowar),60,5.65,72.5,44.8,28.8,27.51,Unsafe,AGRONOMIC_MULTIFACTOR_REFERENCE
PIT-043-S08,PIT-043,FARM-08,Sorghum (Jowar),40,5.74,73.8,45.3,30.3,26.18,Unsafe,AGRONOMIC_MULTIFACTOR_REFERENCE
PIT-043-S09,PIT-043,FARM-08,Sorghum (Jowar),60,5.74,74.8,40.8,28.0,25.2,Unsafe,AGRONOMIC_MULTIFACTOR_REFERENCE
PIT-043-S10,PIT-043,FARM-08,Sorghum (Jowar),40,5.84,75.0,47.2,31.2,24.97,Unsafe,AGRONOMIC_MULTIFACTOR_REFERENCE
PIT-043-S11,PIT-043,FARM-08,Sorghum (Jowar),20,5.93,73.8,47.9,29.8,26.21,Unsafe,AGRONOMIC_MULTIFACTOR_REFERENCE
PIT-043-S12,PIT-043,FARM-08,Sorghum (Jowar),20,5.57,74.9,47.8,31.3,25.11,Unsafe,AGRONOMIC_MULTIFACTOR_REFERENCE
PIT-043-S13,PIT-043,FARM-08,Sorghum (Jowar),80,5.94,73.0,44.6,29.5,26.99,Unsafe,AGRONOMIC_MULTIFACTOR_REFERENCE
PIT-043-S14,PIT-043,FARM-08,Sorghum (Jowar),20,5.56,72.0,45.8,28.7,27.96,Unsafe,AGRONOMIC_MULTIFACTOR_REFERENCE
PIT-043-S15,PIT-043,FARM-08,Sorghum (Jowar),40,5.9,74.7,45.9,30.2,25.27,Unsafe,AGRONOMIC_MULTIFACTOR_REFERENCE
PIT-043-S16,PIT-043,FARM-08,Sorghum (Jowar),40,5.94,74.2,45.2,29.6,25.84,Unsafe,AGRONOMIC_MULTIFACTOR_REFERENCE
PIT-043-S17,PIT-043,FARM-08,Sorghum (Jowar),20,5.91,73.4,45.3,30.3,26.61,Unsafe,AGRONOMIC_MULTIFACTOR_REFERENCE
PIT-043-S18,PIT-043,FARM-08,Sorghum (Jowar),20,5.7,75.4,45.2,29.5,24.62,Unsafe,AGRONOMIC_MULTIFACTOR_REFERENCE
PIT-043-S19,PIT-043,FARM-08,Sorghum (Jowar),20,5.94,73.1,47.2,29.4,26.95,Unsafe,AGRONOMIC_MULTIFACTOR_REFERENCE
PIT-043-S20,PIT-043,FARM-08,Sorghum (Jowar),80,5.92,77.0,45.7,29.3,23.02,Unsafe,AGRONOMIC_MULTIFACTOR_REFERENCE
PIT-043-S21,PIT-043,FARM-08,Sorghum (Jowar),20,5.71,72.5,45.8,27.7,27.49,Unsafe,AGRONOMIC_MULTIFACTOR_REFERENCE
PIT-043-S22,PIT-043,FARM-08,Sorghum (Jowar),40,5.69,73.9,45.4,28.8,26.08,Unsafe,AGRONOMIC_MULTIFACTOR_REFERENCE
PIT-043-S23,PIT-043,FARM-08,Sorghum (Jowar),20,5.78,71.8,44.6,29.9,28.2,Unsafe,AGRONOMIC_MULTIFACTOR_REFERENCE
PIT-043-S24,PIT-043,FARM-08,Sorghum (Jowar),80,5.64,70.4,43.7,28.4,29.65,Unsafe,AGRONOMIC_MULTIFACTOR_REFERENCE
PIT-043-S25,PIT-043,FARM-08,Sorghum (Jowar),80,5.5,71.5,44.0,29.6,28.52,Unsafe,AGRONOMIC_MULTIFACTOR_REFERENCE
PIT-043-S26,PIT-043,FARM-08,Sorghum (Jowar),40,6.04,77.4,45.3,28.9,22.55,Unsafe,AGRONOMIC_MULTIFACTOR_REFERENCE
PIT-043-S27,PIT-043,FARM-08,Sorghum (Jowar),40,5.89,73.1,44.2,28.4,26.93,Unsafe,AGRONOMIC_MULTIFACTOR_REFERENCE
PIT-043-S28,PIT-043,FARM-08,Sorghum (Jowar),20,5.81,73.4,45.3,29.9,26.64,Unsafe,AGRONOMIC_MULTIFACTOR_REFERENCE
PIT-043-S29,PIT-043,FARM-08,Sorghum (Jowar),40,5.66,74.3,44.4,29.9,25.66,Unsafe,AGRONOMIC_MULTIFACTOR_REFERENCE
PIT-043-S30,PIT-043,FARM-08,Sorghum (Jowar),60,5.88,71.0,44.3,29.1,29.04,Unsafe,AGRONOMIC_MULTIFACTOR_REFERENCE
PIT-043-S31,PIT-043,FARM-08,Sorghum (Jowar),40,5.72,73.1,46.0,31.1,26.87,Unsafe,AGRONOMIC_MULTIFACTOR_REFERENCE
PIT-043-S32,PIT-043,FARM-08,Sorghum (Jowar),60,6.06,74.9,45.6,29.6,25.07,Unsafe,AGRONOMIC_MULTIFACTOR_REFERENCE
PIT-043-S33,PIT-043,FARM-08,Sorghum (Jowar),60,6.07,72.4,43.3,28.7,27.64,Unsafe,AGRONOMIC_MULTIFACTOR_REFERENCE
PIT-043-S34,PIT-043,FARM-08,Sorghum (Jowar),40,5.8,71.0,47.3,29.6,28.96,Unsafe,AGRONOMIC_MULTIFACTOR_REFERENCE
PIT-043-S35,PIT-043,FARM-08,Sorghum (Jowar),60,5.79,73.6,45.5,29.1,26.38,Unsafe,AGRONOMIC_MULTIFACTOR_REFERENCE
PIT-043-S36,PIT-043,FARM-08,Sorghum (Jowar),40,5.7,77.5,47.2,31.1,22.53,Unsafe,AGRONOMIC_MULTIFACTOR_REFERENCE
PIT-043-S37,PIT-043,FARM-08,Sorghum (Jowar),40,5.8,76.0,45.4,30.4,24.0,Unsafe,AGRONOMIC_MULTIFACTOR_REFERENCE
PIT-043-S38,PIT-043,FARM-08,Sorghum (Jowar),80,5.68,71.8,45.7,29.9,28.23,Unsafe,AGRONOMIC_MULTIFACTOR_REFERENCE
PIT-043-S39,PIT-043,FARM-08,Sorghum (Jowar),60,5.61,73.3,42.9,28.5,26.67,Unsafe,AGRONOMIC_MULTIFACTOR_REFERENCE
PIT-043-S40,PIT-043,FARM-08,Sorghum (Jowar),60,5.83,72.8,43.0,29.3,27.17,Unsafe,AGRONOMIC_MULTIFACTOR_REFERENCE
PIT-044-S01,PIT-044,FARM-08,Lucerne Mix,80,4.1,65.8,31.1,30.5,34.24,Safe,AGRONOMIC_MULTIFACTOR_REFERENCE
PIT-044-S02,PIT-044,FARM-08,Lucerne Mix,80,4.09,64.4,32.7,29.9,35.63,Safe,AGRONOMIC_MULTIFACTOR_REFERENCE
PIT-044-S03,PIT-044,FARM-08,Lucerne Mix,20,4.09,65.7,37.8,31.9,34.34,Safe,AGRONOMIC_MULTIFACTOR_REFERENCE
PIT-044-S04,PIT-044,FARM-08,Lucerne Mix,60,3.95,66.6,31.1,30.5,33.35,Safe,AGRONOMIC_MULTIFACTOR_REFERENCE
PIT-044-S05,PIT-044,FARM-08,Lucerne Mix,80,3.99,63.8,30.2,31.1,36.19,Safe,AGRONOMIC_MULTIFACTOR_REFERENCE
PIT-044-S06,PIT-044,FARM-08,Lucerne Mix,60,4.22,65.9,32.1,31.5,34.06,Safe,AGRONOMIC_MULTIFACTOR_REFERENCE
PIT-044-S07,PIT-044,FARM-08,Lucerne Mix,80,4.03,66.4,30.6,30.2,33.64,Safe,AGRONOMIC_MULTIFACTOR_REFERENCE
PIT-044-S08,PIT-044,FARM-08,Lucerne Mix,80,3.97,64.2,31.7,29.4,35.76,Safe,AGRONOMIC_MULTIFACTOR_REFERENCE
PIT-044-S09,PIT-044,FARM-08,Lucerne Mix,40,4.05,67.9,32.1,32.0,32.07,Safe,AGRONOMIC_MULTIFACTOR_REFERENCE
PIT-044-S10,PIT-044,FARM-08,Lucerne Mix,60,3.97,70.4,33.6,32.5,29.55,Safe,AGRONOMIC_MULTIFACTOR_REFERENCE
PIT-044-S11,PIT-044,FARM-08,Lucerne Mix,80,4.1,64.7,31.4,31.5,35.3,Safe,AGRONOMIC_MULTIFACTOR_REFERENCE
PIT-044-S12,PIT-044,FARM-08,Lucerne Mix,40,3.89,63.5,31.5,31.1,36.54,Safe,AGRONOMIC_MULTIFACTOR_REFERENCE
PIT-044-S13,PIT-044,FARM-08,Lucerne Mix,80,4.06,63.9,32.2,30.5,36.1,Safe,AGRONOMIC_MULTIFACTOR_REFERENCE
PIT-044-S14,PIT-044,FARM-08,Lucerne Mix,40,4.16,65.8,33.9,31.8,34.18,Safe,AGRONOMIC_MULTIFACTOR_REFERENCE
PIT-044-S15,PIT-044,FARM-08,Lucerne Mix,40,4.31,65.0,30.9,30.8,34.99,Safe,AGRONOMIC_MULTIFACTOR_REFERENCE
PIT-044-S16,PIT-044,FARM-08,Lucerne Mix,60,4.05,67.6,34.4,32.2,32.42,Safe,AGRONOMIC_MULTIFACTOR_REFERENCE
PIT-044-S17,PIT-044,FARM-08,Lucerne Mix,40,3.92,67.8,32.2,29.6,32.21,Safe,AGRONOMIC_MULTIFACTOR_REFERENCE
PIT-044-S18,PIT-044,FARM-08,Lucerne Mix,80,4.03,67.1,32.1,30.0,32.9,Safe,AGRONOMIC_MULTIFACTOR_REFERENCE
PIT-044-S19,PIT-044,FARM-08,Lucerne Mix,20,3.99,64.6,30.4,30.3,35.36,Safe,AGRONOMIC_MULTIFACTOR_REFERENCE
PIT-044-S20,PIT-044,FARM-08,Lucerne Mix,80,4.08,69.1,34.1,33.2,30.91,Safe,AGRONOMIC_MULTIFACTOR_REFERENCE
PIT-044-S21,PIT-044,FARM-08,Lucerne Mix,80,4.21,66.3,31.9,31.5,33.74,Safe,AGRONOMIC_MULTIFACTOR_REFERENCE
PIT-044-S22,PIT-044,FARM-08,Lucerne Mix,40,4.16,66.8,32.1,30.7,33.19,Safe,AGRONOMIC_MULTIFACTOR_REFERENCE
PIT-044-S23,PIT-044,FARM-08,Lucerne Mix,80,4.07,67.3,31.0,30.3,32.67,Safe,AGRONOMIC_MULTIFACTOR_REFERENCE
PIT-044-S24,PIT-044,FARM-08,Lucerne Mix,40,4.36,67.9,33.8,32.2,32.07,Safe,AGRONOMIC_MULTIFACTOR_REFERENCE
PIT-044-S25,PIT-044,FARM-08,Lucerne Mix,60,4.14,67.6,31.4,32.4,32.36,Safe,AGRONOMIC_MULTIFACTOR_REFERENCE
PIT-044-S26,PIT-044,FARM-08,Lucerne Mix,40,3.98,68.2,31.7,30.9,31.8,Safe,AGRONOMIC_MULTIFACTOR_REFERENCE
PIT-044-S27,PIT-044,FARM-08,Lucerne Mix,60,3.95,64.8,33.5,30.0,35.16,Safe,AGRONOMIC_MULTIFACTOR_REFERENCE
PIT-044-S28,PIT-044,FARM-08,Lucerne Mix,20,4.16,65.7,34.6,31.6,34.27,Safe,AGRONOMIC_MULTIFACTOR_REFERENCE
PIT-044-S29,PIT-044,FARM-08,Lucerne Mix,80,4.19,67.8,31.0,30.6,32.23,Safe,AGRONOMIC_MULTIFACTOR_REFERENCE
PIT-044-S30,PIT-044,FARM-08,Lucerne Mix,60,4.2,64.9,32.7,31.1,35.11,Safe,AGRONOMIC_MULTIFACTOR_REFERENCE
PIT-044-S31,PIT-044,FARM-08,Lucerne Mix,20,4.26,62.6,33.4,31.7,37.36,Safe,AGRONOMIC_MULTIFACTOR_REFERENCE
PIT-044-S32,PIT-044,FARM-08,Lucerne Mix,40,4.22,67.2,35.5,32.4,32.76,Safe,AGRONOMIC_MULTIFACTOR_REFERENCE
PIT-044-S33,PIT-044,FARM-08,Lucerne Mix,20,4.32,68.4,33.3,31.3,31.56,Caution,AGRONOMIC_MULTIFACTOR_REFERENCE
PIT-044-S34,PIT-044,FARM-08,Lucerne Mix,60,4.21,67.2,32.5,30.9,32.84,Safe,AGRONOMIC_MULTIFACTOR_REFERENCE
PIT-044-S35,PIT-044,FARM-08,Lucerne Mix,80,4.07,64.3,33.0,32.1,35.7,Safe,AGRONOMIC_MULTIFACTOR_REFERENCE
PIT-044-S36,PIT-044,FARM-08,Lucerne Mix,20,4.41,62.9,32.7,30.7,37.09,Safe,AGRONOMIC_MULTIFACTOR_REFERENCE
PIT-044-S37,PIT-044,FARM-08,Lucerne Mix,20,4.3,66.6,32.1,31.4,33.44,Safe,AGRONOMIC_MULTIFACTOR_REFERENCE
PIT-044-S38,PIT-044,FARM-08,Lucerne Mix,40,3.99,66.4,31.0,30.0,33.58,Safe,AGRONOMIC_MULTIFACTOR_REFERENCE
PIT-044-S39,PIT-044,FARM-08,Lucerne Mix,40,4.19,64.1,35.3,32.4,35.93,Safe,AGRONOMIC_MULTIFACTOR_REFERENCE
PIT-044-S40,PIT-044,FARM-08,Lucerne Mix,80,3.88,64.2,29.2,29.3,35.84,Safe,AGRONOMIC_MULTIFACTOR_REFERENCE
PIT-045-S01,PIT-045,FARM-08,Corn Silage,40,4.21,61.9,30.6,31.5,38.08,Safe,AGRONOMIC_MULTIFACTOR_REFERENCE
PIT-045-S02,PIT-045,FARM-08,Corn Silage,20,4.25,61.7,32.3,31.1,38.33,Safe,AGRONOMIC_MULTIFACTOR_REFERENCE
PIT-045-S03,PIT-045,FARM-08,Corn Silage,80,3.91,60.6,32.4,31.9,39.41,Safe,AGRONOMIC_MULTIFACTOR_REFERENCE
PIT-045-S04,PIT-045,FARM-08,Corn Silage,40,4.25,63.3,30.2,31.2,36.75,Safe,AGRONOMIC_MULTIFACTOR_REFERENCE
PIT-045-S05,PIT-045,FARM-08,Corn Silage,40,4.09,62.6,34.3,32.7,37.38,Safe,AGRONOMIC_MULTIFACTOR_REFERENCE
PIT-045-S06,PIT-045,FARM-08,Corn Silage,80,4.24,63.7,30.7,30.5,36.26,Safe,AGRONOMIC_MULTIFACTOR_REFERENCE
PIT-045-S07,PIT-045,FARM-08,Corn Silage,40,4.15,61.0,31.4,30.8,39.02,Safe,AGRONOMIC_MULTIFACTOR_REFERENCE
PIT-045-S08,PIT-045,FARM-08,Corn Silage,60,4.28,58.9,31.5,32.1,41.08,Caution,AGRONOMIC_MULTIFACTOR_REFERENCE
PIT-045-S09,PIT-045,FARM-08,Corn Silage,60,3.92,64.8,33.5,31.7,35.21,Safe,AGRONOMIC_MULTIFACTOR_REFERENCE
PIT-045-S10,PIT-045,FARM-08,Corn Silage,80,4.16,66.4,31.4,31.5,33.62,Safe,AGRONOMIC_MULTIFACTOR_REFERENCE
PIT-045-S11,PIT-045,FARM-08,Corn Silage,80,4.1,64.9,29.8,30.5,35.09,Safe,AGRONOMIC_MULTIFACTOR_REFERENCE
PIT-045-S12,PIT-045,FARM-08,Corn Silage,60,4.05,58.9,29.6,31.2,41.12,Safe,AGRONOMIC_MULTIFACTOR_REFERENCE
PIT-045-S13,PIT-045,FARM-08,Corn Silage,60,4.1,64.2,33.0,30.7,35.77,Safe,AGRONOMIC_MULTIFACTOR_REFERENCE
PIT-045-S14,PIT-045,FARM-08,Corn Silage,60,3.91,64.8,30.2,31.6,35.19,Safe,AGRONOMIC_MULTIFACTOR_REFERENCE
PIT-045-S15,PIT-045,FARM-08,Corn Silage,60,4.41,62.6,29.3,30.4,37.45,Safe,AGRONOMIC_MULTIFACTOR_REFERENCE
PIT-045-S16,PIT-045,FARM-08,Corn Silage,80,4.03,62.4,30.9,31.2,37.56,Safe,AGRONOMIC_MULTIFACTOR_REFERENCE
PIT-045-S17,PIT-045,FARM-08,Corn Silage,80,4.14,62.0,29.4,29.5,38.03,Safe,AGRONOMIC_MULTIFACTOR_REFERENCE
PIT-045-S18,PIT-045,FARM-08,Corn Silage,20,3.87,63.3,31.7,30.3,36.7,Safe,AGRONOMIC_MULTIFACTOR_REFERENCE
PIT-045-S19,PIT-045,FARM-08,Corn Silage,80,4.22,61.0,31.5,31.9,39.04,Safe,AGRONOMIC_MULTIFACTOR_REFERENCE
PIT-045-S20,PIT-045,FARM-08,Corn Silage,60,4.3,62.0,31.6,30.4,37.99,Safe,AGRONOMIC_MULTIFACTOR_REFERENCE
PIT-045-S21,PIT-045,FARM-08,Corn Silage,40,4.07,61.2,31.5,30.7,38.85,Safe,AGRONOMIC_MULTIFACTOR_REFERENCE
PIT-045-S22,PIT-045,FARM-08,Corn Silage,60,4.25,59.2,32.3,31.1,40.81,Caution,AGRONOMIC_MULTIFACTOR_REFERENCE
PIT-045-S23,PIT-045,FARM-08,Corn Silage,60,4.11,65.0,31.3,31.0,34.97,Safe,AGRONOMIC_MULTIFACTOR_REFERENCE
PIT-045-S24,PIT-045,FARM-08,Corn Silage,80,4.13,62.8,31.4,30.8,37.15,Safe,AGRONOMIC_MULTIFACTOR_REFERENCE
PIT-045-S25,PIT-045,FARM-08,Corn Silage,20,4.07,61.6,33.4,30.7,38.43,Safe,AGRONOMIC_MULTIFACTOR_REFERENCE
PIT-045-S26,PIT-045,FARM-08,Corn Silage,40,3.73,63.4,30.1,31.1,36.62,Safe,AGRONOMIC_MULTIFACTOR_REFERENCE
PIT-045-S27,PIT-045,FARM-08,Corn Silage,40,4.16,63.5,29.5,31.6,36.48,Safe,AGRONOMIC_MULTIFACTOR_REFERENCE
PIT-045-S28,PIT-045,FARM-08,Corn Silage,20,4.31,61.3,33.7,31.6,38.66,Safe,AGRONOMIC_MULTIFACTOR_REFERENCE
PIT-045-S29,PIT-045,FARM-08,Corn Silage,60,3.98,63.9,29.0,30.8,36.14,Safe,AGRONOMIC_MULTIFACTOR_REFERENCE
PIT-045-S30,PIT-045,FARM-08,Corn Silage,80,4.2,61.3,30.0,30.4,38.73,Safe,AGRONOMIC_MULTIFACTOR_REFERENCE
PIT-045-S31,PIT-045,FARM-08,Corn Silage,60,4.12,62.6,30.5,31.5,37.44,Safe,AGRONOMIC_MULTIFACTOR_REFERENCE
PIT-045-S32,PIT-045,FARM-08,Corn Silage,40,4.03,62.5,33.3,32.6,37.54,Safe,AGRONOMIC_MULTIFACTOR_REFERENCE
PIT-045-S33,PIT-045,FARM-08,Corn Silage,40,4.25,62.7,31.3,30.7,37.26,Safe,AGRONOMIC_MULTIFACTOR_REFERENCE
PIT-045-S34,PIT-045,FARM-08,Corn Silage,60,4.07,63.8,33.0,32.2,36.25,Safe,AGRONOMIC_MULTIFACTOR_REFERENCE
PIT-045-S35,PIT-045,FARM-08,Corn Silage,40,4.26,60.9,30.8,30.8,39.07,Safe,AGRONOMIC_MULTIFACTOR_REFERENCE
PIT-045-S36,PIT-045,FARM-08,Corn Silage,80,4.1,62.0,30.7,31.7,37.98,Safe,AGRONOMIC_MULTIFACTOR_REFERENCE
PIT-045-S37,PIT-045,FARM-08,Corn Silage,40,4.12,63.9,32.6,29.4,36.1,Safe,AGRONOMIC_MULTIFACTOR_REFERENCE
PIT-045-S38,PIT-045,FARM-08,Corn Silage,80,4.03,59.0,31.3,31.2,40.98,Safe,AGRONOMIC_MULTIFACTOR_REFERENCE
PIT-045-S39,PIT-045,FARM-08,Corn Silage,60,4.08,64.5,32.5,31.7,35.55,Safe,AGRONOMIC_MULTIFACTOR_REFERENCE
PIT-045-S40,PIT-045,FARM-08,Corn Silage,60,4.14,62.5,31.3,32.5,37.52,Safe,AGRONOMIC_MULTIFACTOR_REFERENCE
PIT-046-S01,PIT-046,FARM-08,Hybrid Napier Grass,40,5.97,50.3,37.9,24.3,49.71,Unsafe,AGRONOMIC_MULTIFACTOR_REFERENCE
PIT-046-S02,PIT-046,FARM-08,Hybrid Napier Grass,40,5.75,50.5,40.0,23.9,49.54,Unsafe,AGRONOMIC_MULTIFACTOR_REFERENCE
PIT-046-S03,PIT-046,FARM-08,Hybrid Napier Grass,80,5.74,52.3,38.8,25.6,47.74,Unsafe,AGRONOMIC_MULTIFACTOR_REFERENCE
PIT-046-S04,PIT-046,FARM-08,Hybrid Napier Grass,40,5.8,49.4,38.8,23.7,50.56,Unsafe,AGRONOMIC_MULTIFACTOR_REFERENCE
PIT-046-S05,PIT-046,FARM-08,Hybrid Napier Grass,20,5.92,53.0,35.7,22.8,47.02,Unsafe,AGRONOMIC_MULTIFACTOR_REFERENCE
PIT-046-S06,PIT-046,FARM-08,Hybrid Napier Grass,20,6.12,46.1,41.8,23.5,53.92,Unsafe,AGRONOMIC_MULTIFACTOR_REFERENCE
PIT-046-S07,PIT-046,FARM-08,Hybrid Napier Grass,20,5.98,48.2,38.4,23.6,51.84,Unsafe,AGRONOMIC_MULTIFACTOR_REFERENCE
PIT-046-S08,PIT-046,FARM-08,Hybrid Napier Grass,20,6.01,51.4,39.6,22.9,48.63,Unsafe,AGRONOMIC_MULTIFACTOR_REFERENCE
PIT-046-S09,PIT-046,FARM-08,Hybrid Napier Grass,20,6.02,51.5,39.5,23.2,48.51,Unsafe,AGRONOMIC_MULTIFACTOR_REFERENCE
PIT-046-S10,PIT-046,FARM-08,Hybrid Napier Grass,80,5.87,50.7,35.5,22.9,49.32,Unsafe,AGRONOMIC_MULTIFACTOR_REFERENCE
PIT-046-S11,PIT-046,FARM-08,Hybrid Napier Grass,40,6.04,49.4,36.8,23.0,50.62,Unsafe,AGRONOMIC_MULTIFACTOR_REFERENCE
PIT-046-S12,PIT-046,FARM-08,Hybrid Napier Grass,40,6.04,49.0,38.1,23.6,50.96,Unsafe,AGRONOMIC_MULTIFACTOR_REFERENCE
PIT-046-S13,PIT-046,FARM-08,Hybrid Napier Grass,20,5.76,47.5,38.0,24.0,52.47,Unsafe,AGRONOMIC_MULTIFACTOR_REFERENCE
PIT-046-S14,PIT-046,FARM-08,Hybrid Napier Grass,40,6.08,51.9,40.7,24.3,48.08,Unsafe,AGRONOMIC_MULTIFACTOR_REFERENCE
PIT-046-S15,PIT-046,FARM-08,Hybrid Napier Grass,20,5.98,51.3,40.8,23.2,48.65,Unsafe,AGRONOMIC_MULTIFACTOR_REFERENCE
PIT-046-S16,PIT-046,FARM-08,Hybrid Napier Grass,40,6.19,50.2,39.9,24.0,49.8,Unsafe,AGRONOMIC_MULTIFACTOR_REFERENCE
PIT-046-S17,PIT-046,FARM-08,Hybrid Napier Grass,80,5.88,49.0,38.1,24.4,51.0,Unsafe,AGRONOMIC_MULTIFACTOR_REFERENCE
PIT-046-S18,PIT-046,FARM-08,Hybrid Napier Grass,60,5.95,48.7,36.6,22.3,51.32,Unsafe,AGRONOMIC_MULTIFACTOR_REFERENCE
PIT-046-S19,PIT-046,FARM-08,Hybrid Napier Grass,20,6.09,49.8,38.9,24.8,50.23,Unsafe,AGRONOMIC_MULTIFACTOR_REFERENCE
PIT-046-S20,PIT-046,FARM-08,Hybrid Napier Grass,80,5.77,50.1,38.1,23.6,49.94,Unsafe,AGRONOMIC_MULTIFACTOR_REFERENCE
PIT-046-S21,PIT-046,FARM-08,Hybrid Napier Grass,80,5.8,52.6,38.9,25.3,47.36,Unsafe,AGRONOMIC_MULTIFACTOR_REFERENCE
PIT-046-S22,PIT-046,FARM-08,Hybrid Napier Grass,20,6.14,48.3,40.6,24.5,51.72,Unsafe,AGRONOMIC_MULTIFACTOR_REFERENCE
PIT-046-S23,PIT-046,FARM-08,Hybrid Napier Grass,20,6.09,50.1,35.5,21.3,49.85,Unsafe,AGRONOMIC_MULTIFACTOR_REFERENCE
PIT-046-S24,PIT-046,FARM-08,Hybrid Napier Grass,80,5.82,48.4,37.0,23.8,51.58,Unsafe,AGRONOMIC_MULTIFACTOR_REFERENCE
PIT-046-S25,PIT-046,FARM-08,Hybrid Napier Grass,20,5.89,48.3,39.2,23.1,51.73,Unsafe,AGRONOMIC_MULTIFACTOR_REFERENCE
PIT-046-S26,PIT-046,FARM-08,Hybrid Napier Grass,20,5.91,49.3,38.6,23.3,50.75,Unsafe,AGRONOMIC_MULTIFACTOR_REFERENCE
PIT-046-S27,PIT-046,FARM-08,Hybrid Napier Grass,60,5.98,44.7,40.1,24.5,55.3,Unsafe,AGRONOMIC_MULTIFACTOR_REFERENCE
PIT-046-S28,PIT-046,FARM-08,Hybrid Napier Grass,60,5.8,48.4,36.6,23.3,51.57,Unsafe,AGRONOMIC_MULTIFACTOR_REFERENCE
PIT-046-S29,PIT-046,FARM-08,Hybrid Napier Grass,20,6.01,46.7,39.3,22.8,53.33,Unsafe,AGRONOMIC_MULTIFACTOR_REFERENCE
PIT-046-S30,PIT-046,FARM-08,Hybrid Napier Grass,80,5.78,52.4,35.6,24.0,47.58,Unsafe,AGRONOMIC_MULTIFACTOR_REFERENCE
PIT-046-S31,PIT-046,FARM-08,Hybrid Napier Grass,40,6.03,50.0,38.0,23.3,50.03,Unsafe,AGRONOMIC_MULTIFACTOR_REFERENCE
PIT-046-S32,PIT-046,FARM-08,Hybrid Napier Grass,20,6.04,51.5,39.9,24.6,48.55,Unsafe,AGRONOMIC_MULTIFACTOR_REFERENCE
PIT-046-S33,PIT-046,FARM-08,Hybrid Napier Grass,20,5.82,49.3,41.7,26.0,50.68,Unsafe,AGRONOMIC_MULTIFACTOR_REFERENCE
PIT-046-S34,PIT-046,FARM-08,Hybrid Napier Grass,40,6.24,52.7,38.7,23.9,47.31,Unsafe,AGRONOMIC_MULTIFACTOR_REFERENCE
PIT-046-S35,PIT-046,FARM-08,Hybrid Napier Grass,40,5.95,47.0,39.5,23.7,52.95,Unsafe,AGRONOMIC_MULTIFACTOR_REFERENCE
PIT-046-S36,PIT-046,FARM-08,Hybrid Napier Grass,40,5.88,50.9,37.8,24.4,49.08,Unsafe,AGRONOMIC_MULTIFACTOR_REFERENCE
PIT-046-S37,PIT-046,FARM-08,Hybrid Napier Grass,60,5.87,48.3,35.7,23.0,51.66,Unsafe,AGRONOMIC_MULTIFACTOR_REFERENCE
PIT-046-S38,PIT-046,FARM-08,Hybrid Napier Grass,60,5.82,52.7,37.2,22.9,47.27,Unsafe,AGRONOMIC_MULTIFACTOR_REFERENCE
PIT-046-S39,PIT-046,FARM-08,Hybrid Napier Grass,60,5.87,52.3,39.7,24.7,47.7,Unsafe,AGRONOMIC_MULTIFACTOR_REFERENCE
PIT-046-S40,PIT-046,FARM-08,Hybrid Napier Grass,80,5.93,49.8,38.5,22.7,50.24,Unsafe,AGRONOMIC_MULTIFACTOR_REFERENCE
PIT-047-S01,PIT-047,FARM-08,Sorghum (Jowar),60,4.02,64.7,26.0,25.3,35.28,Safe,AGRONOMIC_MULTIFACTOR_REFERENCE
PIT-047-S02,PIT-047,FARM-08,Sorghum (Jowar),20,4.29,64.9,27.4,25.8,35.1,Safe,AGRONOMIC_MULTIFACTOR_REFERENCE
PIT-047-S03,PIT-047,FARM-08,Sorghum (Jowar),20,4.01,62.6,26.7,24.6,37.39,Safe,AGRONOMIC_MULTIFACTOR_REFERENCE
PIT-047-S04,PIT-047,FARM-08,Sorghum (Jowar),20,4.12,60.1,29.1,24.8,39.91,Safe,AGRONOMIC_MULTIFACTOR_REFERENCE
PIT-047-S05,PIT-047,FARM-08,Sorghum (Jowar),80,4.13,64.6,26.2,24.9,35.38,Safe,AGRONOMIC_MULTIFACTOR_REFERENCE
PIT-047-S06,PIT-047,FARM-08,Sorghum (Jowar),80,4.19,64.2,24.2,24.2,35.76,Safe,AGRONOMIC_MULTIFACTOR_REFERENCE
PIT-047-S07,PIT-047,FARM-08,Sorghum (Jowar),80,4.05,64.1,25.4,24.2,35.91,Safe,AGRONOMIC_MULTIFACTOR_REFERENCE
PIT-047-S08,PIT-047,FARM-08,Sorghum (Jowar),80,4.13,65.0,26.4,25.5,34.98,Safe,AGRONOMIC_MULTIFACTOR_REFERENCE
PIT-047-S09,PIT-047,FARM-08,Sorghum (Jowar),20,4.01,62.9,24.5,24.5,37.1,Safe,AGRONOMIC_MULTIFACTOR_REFERENCE
PIT-047-S10,PIT-047,FARM-08,Sorghum (Jowar),20,4.33,63.8,28.3,24.7,36.22,Caution,AGRONOMIC_MULTIFACTOR_REFERENCE
PIT-047-S11,PIT-047,FARM-08,Sorghum (Jowar),40,4.06,64.6,25.8,24.3,35.44,Safe,AGRONOMIC_MULTIFACTOR_REFERENCE
PIT-047-S12,PIT-047,FARM-08,Sorghum (Jowar),20,4.07,66.5,27.0,24.1,33.48,Safe,AGRONOMIC_MULTIFACTOR_REFERENCE
PIT-047-S13,PIT-047,FARM-08,Sorghum (Jowar),80,3.85,65.6,26.3,25.3,34.35,Safe,AGRONOMIC_MULTIFACTOR_REFERENCE
PIT-047-S14,PIT-047,FARM-08,Sorghum (Jowar),80,4.05,64.2,25.2,26.3,35.76,Safe,AGRONOMIC_MULTIFACTOR_REFERENCE
PIT-047-S15,PIT-047,FARM-08,Sorghum (Jowar),60,4.2,61.9,25.4,24.4,38.12,Safe,AGRONOMIC_MULTIFACTOR_REFERENCE
PIT-047-S16,PIT-047,FARM-08,Sorghum (Jowar),20,4.12,63.5,26.7,23.5,36.49,Safe,AGRONOMIC_MULTIFACTOR_REFERENCE
PIT-047-S17,PIT-047,FARM-08,Sorghum (Jowar),20,3.95,64.5,25.0,24.2,35.5,Safe,AGRONOMIC_MULTIFACTOR_REFERENCE
PIT-047-S18,PIT-047,FARM-08,Sorghum (Jowar),40,4.16,60.7,24.6,24.5,39.28,Safe,AGRONOMIC_MULTIFACTOR_REFERENCE
PIT-047-S19,PIT-047,FARM-08,Sorghum (Jowar),40,4.19,61.9,26.1,24.1,38.14,Safe,AGRONOMIC_MULTIFACTOR_REFERENCE
PIT-047-S20,PIT-047,FARM-08,Sorghum (Jowar),80,3.98,63.4,24.8,23.2,36.58,Safe,AGRONOMIC_MULTIFACTOR_REFERENCE
PIT-047-S21,PIT-047,FARM-08,Sorghum (Jowar),60,4.32,68.6,26.7,24.5,31.45,Caution,AGRONOMIC_MULTIFACTOR_REFERENCE
PIT-047-S22,PIT-047,FARM-08,Sorghum (Jowar),20,3.95,66.2,26.6,25.1,33.77,Safe,AGRONOMIC_MULTIFACTOR_REFERENCE
PIT-047-S23,PIT-047,FARM-08,Sorghum (Jowar),20,4.32,63.1,26.7,24.1,36.93,Safe,AGRONOMIC_MULTIFACTOR_REFERENCE
PIT-047-S24,PIT-047,FARM-08,Sorghum (Jowar),60,3.98,65.4,23.7,23.6,34.64,Safe,AGRONOMIC_MULTIFACTOR_REFERENCE
PIT-047-S25,PIT-047,FARM-08,Sorghum (Jowar),20,4.06,64.9,24.5,23.9,35.11,Safe,AGRONOMIC_MULTIFACTOR_REFERENCE
PIT-047-S26,PIT-047,FARM-08,Sorghum (Jowar),40,4.06,63.5,23.9,23.5,36.53,Safe,AGRONOMIC_MULTIFACTOR_REFERENCE
PIT-047-S27,PIT-047,FARM-08,Sorghum (Jowar),60,4.36,62.0,25.1,24.2,38.02,Safe,AGRONOMIC_MULTIFACTOR_REFERENCE
PIT-047-S28,PIT-047,FARM-08,Sorghum (Jowar),20,4.12,64.6,26.9,25.2,35.36,Safe,AGRONOMIC_MULTIFACTOR_REFERENCE
PIT-047-S29,PIT-047,FARM-08,Sorghum (Jowar),40,3.99,65.8,27.9,24.4,34.18,Safe,AGRONOMIC_MULTIFACTOR_REFERENCE
PIT-047-S30,PIT-047,FARM-08,Sorghum (Jowar),40,3.87,63.9,27.3,26.0,36.12,Safe,AGRONOMIC_MULTIFACTOR_REFERENCE
PIT-047-S31,PIT-047,FARM-08,Sorghum (Jowar),80,4.05,64.1,24.5,24.0,35.94,Safe,AGRONOMIC_MULTIFACTOR_REFERENCE
PIT-047-S32,PIT-047,FARM-08,Sorghum (Jowar),20,4.13,62.4,28.0,25.4,37.6,Safe,AGRONOMIC_MULTIFACTOR_REFERENCE
PIT-047-S33,PIT-047,FARM-08,Sorghum (Jowar),60,4.14,65.0,24.7,24.2,35.02,Safe,AGRONOMIC_MULTIFACTOR_REFERENCE
PIT-047-S34,PIT-047,FARM-08,Sorghum (Jowar),40,4.06,63.5,24.7,23.6,36.47,Safe,AGRONOMIC_MULTIFACTOR_REFERENCE
PIT-047-S35,PIT-047,FARM-08,Sorghum (Jowar),40,4.07,67.3,23.7,22.2,32.65,Safe,AGRONOMIC_MULTIFACTOR_REFERENCE
PIT-047-S36,PIT-047,FARM-08,Sorghum (Jowar),80,4.28,63.7,26.0,25.0,36.26,Safe,AGRONOMIC_MULTIFACTOR_REFERENCE
PIT-047-S37,PIT-047,FARM-08,Sorghum (Jowar),60,4.03,59.5,25.0,24.6,40.51,Safe,AGRONOMIC_MULTIFACTOR_REFERENCE
PIT-047-S38,PIT-047,FARM-08,Sorghum (Jowar),80,3.98,62.6,29.4,25.8,37.37,Safe,AGRONOMIC_MULTIFACTOR_REFERENCE
PIT-047-S39,PIT-047,FARM-08,Sorghum (Jowar),40,4.16,62.7,25.7,23.5,37.31,Safe,AGRONOMIC_MULTIFACTOR_REFERENCE
PIT-047-S40,PIT-047,FARM-08,Sorghum (Jowar),20,4.38,63.1,25.4,22.5,36.92,Safe,AGRONOMIC_MULTIFACTOR_REFERENCE
PIT-048-S01,PIT-048,FARM-08,Lucerne Mix,80,4.8,52.9,31.4,25.5,47.14,Unsafe,AGRONOMIC_MULTIFACTOR_REFERENCE
PIT-048-S02,PIT-048,FARM-08,Lucerne Mix,60,4.7,54.3,31.5,26.2,45.71,Caution,AGRONOMIC_MULTIFACTOR_REFERENCE
PIT-048-S03,PIT-048,FARM-08,Lucerne Mix,20,4.59,52.0,33.6,26.4,47.97,Unsafe,AGRONOMIC_MULTIFACTOR_REFERENCE
PIT-048-S04,PIT-048,FARM-08,Lucerne Mix,60,4.72,54.9,29.5,25.0,45.08,Caution,AGRONOMIC_MULTIFACTOR_REFERENCE
PIT-048-S05,PIT-048,FARM-08,Lucerne Mix,80,4.63,51.9,29.8,24.8,48.1,Unsafe,AGRONOMIC_MULTIFACTOR_REFERENCE
PIT-048-S06,PIT-048,FARM-08,Lucerne Mix,80,4.75,55.6,32.8,26.0,44.36,Caution,AGRONOMIC_MULTIFACTOR_REFERENCE
PIT-048-S07,PIT-048,FARM-08,Lucerne Mix,40,4.87,56.6,30.4,25.4,43.44,Unsafe,AGRONOMIC_MULTIFACTOR_REFERENCE
PIT-048-S08,PIT-048,FARM-08,Lucerne Mix,60,4.8,58.7,33.5,25.7,41.26,Unsafe,AGRONOMIC_MULTIFACTOR_REFERENCE
PIT-048-S09,PIT-048,FARM-08,Lucerne Mix,80,4.5,53.6,31.7,26.1,46.36,Unsafe,AGRONOMIC_MULTIFACTOR_REFERENCE
PIT-048-S10,PIT-048,FARM-08,Lucerne Mix,80,4.84,55.7,29.8,24.7,44.31,Unsafe,AGRONOMIC_MULTIFACTOR_REFERENCE
PIT-048-S11,PIT-048,FARM-08,Lucerne Mix,40,4.56,53.7,33.3,26.2,46.32,Unsafe,AGRONOMIC_MULTIFACTOR_REFERENCE
PIT-048-S12,PIT-048,FARM-08,Lucerne Mix,80,4.72,52.6,29.1,25.1,47.38,Unsafe,AGRONOMIC_MULTIFACTOR_REFERENCE
PIT-048-S13,PIT-048,FARM-08,Lucerne Mix,20,4.91,54.7,31.1,24.5,45.34,Unsafe,AGRONOMIC_MULTIFACTOR_REFERENCE
PIT-048-S14,PIT-048,FARM-08,Lucerne Mix,60,4.63,58.4,29.0,24.8,41.61,Caution,AGRONOMIC_MULTIFACTOR_REFERENCE
PIT-048-S15,PIT-048,FARM-08,Lucerne Mix,40,4.48,55.7,29.5,25.0,44.34,Caution,AGRONOMIC_MULTIFACTOR_REFERENCE
PIT-048-S16,PIT-048,FARM-08,Lucerne Mix,20,4.91,56.9,33.4,25.4,43.08,Unsafe,AGRONOMIC_MULTIFACTOR_REFERENCE
PIT-048-S17,PIT-048,FARM-08,Lucerne Mix,20,4.85,54.2,32.0,24.6,45.77,Unsafe,AGRONOMIC_MULTIFACTOR_REFERENCE
PIT-048-S18,PIT-048,FARM-08,Lucerne Mix,60,4.76,56.0,31.1,24.7,43.98,Caution,AGRONOMIC_MULTIFACTOR_REFERENCE
PIT-048-S19,PIT-048,FARM-08,Lucerne Mix,40,4.65,55.5,31.9,26.6,44.47,Caution,AGRONOMIC_MULTIFACTOR_REFERENCE
PIT-048-S20,PIT-048,FARM-08,Lucerne Mix,80,4.49,53.8,31.8,26.2,46.18,Unsafe,AGRONOMIC_MULTIFACTOR_REFERENCE
PIT-048-S21,PIT-048,FARM-08,Lucerne Mix,40,4.72,54.8,31.0,25.8,45.2,Caution,AGRONOMIC_MULTIFACTOR_REFERENCE
PIT-048-S22,PIT-048,FARM-08,Lucerne Mix,80,4.72,54.4,29.3,24.7,45.6,Caution,AGRONOMIC_MULTIFACTOR_REFERENCE
PIT-048-S23,PIT-048,FARM-08,Lucerne Mix,60,4.66,55.6,27.2,25.6,44.37,Caution,AGRONOMIC_MULTIFACTOR_REFERENCE
PIT-048-S24,PIT-048,FARM-08,Lucerne Mix,60,4.61,55.0,31.1,26.6,44.99,Caution,AGRONOMIC_MULTIFACTOR_REFERENCE
PIT-048-S25,PIT-048,FARM-08,Lucerne Mix,20,4.79,58.4,31.3,24.4,41.59,Caution,AGRONOMIC_MULTIFACTOR_REFERENCE
PIT-048-S26,PIT-048,FARM-08,Lucerne Mix,20,4.67,54.8,30.5,24.8,45.19,Caution,AGRONOMIC_MULTIFACTOR_REFERENCE
PIT-048-S27,PIT-048,FARM-08,Lucerne Mix,20,5.1,57.2,33.3,26.3,42.77,Unsafe,AGRONOMIC_MULTIFACTOR_REFERENCE
PIT-048-S28,PIT-048,FARM-08,Lucerne Mix,60,4.52,56.4,31.0,26.3,43.57,Caution,AGRONOMIC_MULTIFACTOR_REFERENCE
PIT-048-S29,PIT-048,FARM-08,Lucerne Mix,80,4.8,57.0,31.7,26.9,43.02,Caution,AGRONOMIC_MULTIFACTOR_REFERENCE
PIT-048-S30,PIT-048,FARM-08,Lucerne Mix,60,4.58,55.1,30.3,26.6,44.94,Caution,AGRONOMIC_MULTIFACTOR_REFERENCE
PIT-048-S31,PIT-048,FARM-08,Lucerne Mix,60,4.46,55.9,30.8,25.1,44.12,Caution,AGRONOMIC_MULTIFACTOR_REFERENCE
PIT-048-S32,PIT-048,FARM-08,Lucerne Mix,20,4.88,54.7,32.7,23.9,45.28,Unsafe,AGRONOMIC_MULTIFACTOR_REFERENCE
PIT-048-S33,PIT-048,FARM-08,Lucerne Mix,40,4.62,53.8,32.0,26.3,46.19,Unsafe,AGRONOMIC_MULTIFACTOR_REFERENCE
PIT-048-S34,PIT-048,FARM-08,Lucerne Mix,20,4.76,56.6,32.4,26.3,43.42,Caution,AGRONOMIC_MULTIFACTOR_REFERENCE
PIT-048-S35,PIT-048,FARM-08,Lucerne Mix,40,4.92,51.9,31.2,26.0,48.13,Unsafe,AGRONOMIC_MULTIFACTOR_REFERENCE
PIT-048-S36,PIT-048,FARM-08,Lucerne Mix,80,4.84,56.0,30.9,24.9,44.03,Unsafe,AGRONOMIC_MULTIFACTOR_REFERENCE
PIT-048-S37,PIT-048,FARM-08,Lucerne Mix,80,4.79,56.9,29.4,24.6,43.13,Caution,AGRONOMIC_MULTIFACTOR_REFERENCE
PIT-048-S38,PIT-048,FARM-08,Lucerne Mix,80,4.68,55.6,29.1,26.0,44.36,Caution,AGRONOMIC_MULTIFACTOR_REFERENCE
PIT-048-S39,PIT-048,FARM-08,Lucerne Mix,20,4.81,55.2,30.4,24.7,44.81,Unsafe,AGRONOMIC_MULTIFACTOR_REFERENCE
PIT-048-S40,PIT-048,FARM-08,Lucerne Mix,20,4.74,49.2,30.4,24.8,50.77,Unsafe,AGRONOMIC_MULTIFACTOR_REFERENCE
PIT-049-S01,PIT-049,FARM-09,Corn Silage,20,4.1,62.8,33.7,29.7,37.17,Safe,AGRONOMIC_MULTIFACTOR_REFERENCE
PIT-049-S02,PIT-049,FARM-09,Corn Silage,60,4.09,65.9,31.6,29.4,34.09,Safe,AGRONOMIC_MULTIFACTOR_REFERENCE
PIT-049-S03,PIT-049,FARM-09,Corn Silage,80,3.91,63.9,30.7,30.2,36.07,Safe,AGRONOMIC_MULTIFACTOR_REFERENCE
PIT-049-S04,PIT-049,FARM-09,Corn Silage,80,4.12,64.0,33.1,30.3,36.01,Safe,AGRONOMIC_MULTIFACTOR_REFERENCE
PIT-049-S05,PIT-049,FARM-09,Corn Silage,20,4.16,61.7,33.5,30.2,38.25,Safe,AGRONOMIC_MULTIFACTOR_REFERENCE
PIT-049-S06,PIT-049,FARM-09,Corn Silage,40,4.11,62.3,32.4,29.3,37.72,Safe,AGRONOMIC_MULTIFACTOR_REFERENCE
PIT-049-S07,PIT-049,FARM-09,Corn Silage,40,3.91,63.7,33.0,31.1,36.26,Safe,AGRONOMIC_MULTIFACTOR_REFERENCE
PIT-049-S08,PIT-049,FARM-09,Corn Silage,80,3.86,62.7,29.8,30.1,37.3,Safe,AGRONOMIC_MULTIFACTOR_REFERENCE
PIT-049-S09,PIT-049,FARM-09,Corn Silage,40,3.97,64.9,33.6,30.9,35.12,Safe,AGRONOMIC_MULTIFACTOR_REFERENCE
PIT-049-S10,PIT-049,FARM-09,Corn Silage,40,3.92,66.4,30.2,29.6,33.6,Safe,AGRONOMIC_MULTIFACTOR_REFERENCE
PIT-049-S11,PIT-049,FARM-09,Corn Silage,60,3.95,66.9,31.6,30.0,33.13,Safe,AGRONOMIC_MULTIFACTOR_REFERENCE
PIT-049-S12,PIT-049,FARM-09,Corn Silage,60,4.17,61.7,28.6,28.8,38.29,Safe,AGRONOMIC_MULTIFACTOR_REFERENCE
PIT-049-S13,PIT-049,FARM-09,Corn Silage,60,4.02,64.6,32.9,31.1,35.42,Safe,AGRONOMIC_MULTIFACTOR_REFERENCE
PIT-049-S14,PIT-049,FARM-09,Corn Silage,80,3.89,64.3,29.3,29.9,35.71,Safe,AGRONOMIC_MULTIFACTOR_REFERENCE
PIT-049-S15,PIT-049,FARM-09,Corn Silage,40,4.33,65.2,32.7,30.0,34.78,Safe,AGRONOMIC_MULTIFACTOR_REFERENCE
PIT-049-S16,PIT-049,FARM-09,Corn Silage,20,4.12,64.0,32.4,29.3,35.97,Safe,AGRONOMIC_MULTIFACTOR_REFERENCE
PIT-049-S17,PIT-049,FARM-09,Corn Silage,40,4.05,62.8,33.3,31.0,37.17,Safe,AGRONOMIC_MULTIFACTOR_REFERENCE
PIT-049-S18,PIT-049,FARM-09,Corn Silage,80,4.03,66.8,31.4,29.9,33.21,Safe,AGRONOMIC_MULTIFACTOR_REFERENCE
PIT-049-S19,PIT-049,FARM-09,Corn Silage,60,4.07,63.0,31.6,29.9,37.02,Safe,AGRONOMIC_MULTIFACTOR_REFERENCE
PIT-049-S20,PIT-049,FARM-09,Corn Silage,80,3.83,68.5,28.5,28.7,31.55,Safe,AGRONOMIC_MULTIFACTOR_REFERENCE
PIT-049-S21,PIT-049,FARM-09,Corn Silage,60,4.13,65.6,31.3,29.0,34.43,Safe,AGRONOMIC_MULTIFACTOR_REFERENCE
PIT-049-S22,PIT-049,FARM-09,Corn Silage,80,4.12,64.2,31.2,31.9,35.77,Safe,AGRONOMIC_MULTIFACTOR_REFERENCE
PIT-049-S23,PIT-049,FARM-09,Corn Silage,20,4.12,66.4,32.7,30.6,33.62,Safe,AGRONOMIC_MULTIFACTOR_REFERENCE
PIT-049-S24,PIT-049,FARM-09,Corn Silage,60,3.94,65.1,32.7,30.5,34.92,Safe,AGRONOMIC_MULTIFACTOR_REFERENCE
PIT-049-S25,PIT-049,FARM-09,Corn Silage,60,4.1,62.4,30.2,29.7,37.55,Safe,AGRONOMIC_MULTIFACTOR_REFERENCE
PIT-049-S26,PIT-049,FARM-09,Corn Silage,40,3.96,66.1,34.8,29.9,33.89,Safe,AGRONOMIC_MULTIFACTOR_REFERENCE
PIT-049-S27,PIT-049,FARM-09,Corn Silage,80,3.97,64.4,30.4,29.9,35.61,Safe,AGRONOMIC_MULTIFACTOR_REFERENCE
PIT-049-S28,PIT-049,FARM-09,Corn Silage,40,4.0,66.3,31.0,29.9,33.69,Safe,AGRONOMIC_MULTIFACTOR_REFERENCE
PIT-049-S29,PIT-049,FARM-09,Corn Silage,80,3.83,63.5,32.4,29.9,36.53,Safe,AGRONOMIC_MULTIFACTOR_REFERENCE
PIT-049-S30,PIT-049,FARM-09,Corn Silage,20,3.87,63.7,30.3,30.0,36.29,Safe,AGRONOMIC_MULTIFACTOR_REFERENCE
PIT-049-S31,PIT-049,FARM-09,Corn Silage,40,3.9,63.1,31.4,29.2,36.94,Safe,AGRONOMIC_MULTIFACTOR_REFERENCE
PIT-049-S32,PIT-049,FARM-09,Corn Silage,60,3.95,63.3,33.7,30.2,36.72,Safe,AGRONOMIC_MULTIFACTOR_REFERENCE
PIT-049-S33,PIT-049,FARM-09,Corn Silage,20,4.23,60.8,32.5,30.3,39.18,Safe,AGRONOMIC_MULTIFACTOR_REFERENCE
PIT-049-S34,PIT-049,FARM-09,Corn Silage,80,3.96,63.6,31.3,29.9,36.43,Safe,AGRONOMIC_MULTIFACTOR_REFERENCE
PIT-049-S35,PIT-049,FARM-09,Corn Silage,60,3.9,62.7,31.3,29.5,37.33,Safe,AGRONOMIC_MULTIFACTOR_REFERENCE
PIT-049-S36,PIT-049,FARM-09,Corn Silage,80,4.01,65.8,30.9,29.4,34.18,Safe,AGRONOMIC_MULTIFACTOR_REFERENCE
PIT-049-S37,PIT-049,FARM-09,Corn Silage,60,4.09,66.4,31.1,29.8,33.62,Safe,AGRONOMIC_MULTIFACTOR_REFERENCE
PIT-049-S38,PIT-049,FARM-09,Corn Silage,80,3.97,62.2,31.7,29.7,37.79,Safe,AGRONOMIC_MULTIFACTOR_REFERENCE
PIT-049-S39,PIT-049,FARM-09,Corn Silage,60,4.05,63.8,30.7,30.0,36.2,Safe,AGRONOMIC_MULTIFACTOR_REFERENCE
PIT-049-S40,PIT-049,FARM-09,Corn Silage,80,4.03,64.1,30.4,29.6,35.86,Safe,AGRONOMIC_MULTIFACTOR_REFERENCE
PIT-050-S01,PIT-050,FARM-09,Hybrid Napier Grass,80,6.5,45.1,41.0,28.6,54.85,Unsafe,AGRONOMIC_MULTIFACTOR_REFERENCE
PIT-050-S02,PIT-050,FARM-09,Hybrid Napier Grass,60,6.73,48.6,40.7,27.3,51.41,Unsafe,AGRONOMIC_MULTIFACTOR_REFERENCE
PIT-050-S03,PIT-050,FARM-09,Hybrid Napier Grass,40,6.49,45.4,43.0,29.6,54.64,Unsafe,AGRONOMIC_MULTIFACTOR_REFERENCE
PIT-050-S04,PIT-050,FARM-09,Hybrid Napier Grass,80,6.55,46.9,39.2,27.2,53.07,Unsafe,AGRONOMIC_MULTIFACTOR_REFERENCE
PIT-050-S05,PIT-050,FARM-09,Hybrid Napier Grass,60,6.39,44.4,39.7,25.8,55.64,Unsafe,AGRONOMIC_MULTIFACTOR_REFERENCE
PIT-050-S06,PIT-050,FARM-09,Hybrid Napier Grass,60,6.78,46.2,39.5,26.9,53.78,Unsafe,AGRONOMIC_MULTIFACTOR_REFERENCE
PIT-050-S07,PIT-050,FARM-09,Hybrid Napier Grass,80,6.45,44.1,42.5,28.7,55.88,Unsafe,AGRONOMIC_MULTIFACTOR_REFERENCE
PIT-050-S08,PIT-050,FARM-09,Hybrid Napier Grass,40,6.43,47.3,45.1,29.3,52.74,Unsafe,AGRONOMIC_MULTIFACTOR_REFERENCE
PIT-050-S09,PIT-050,FARM-09,Hybrid Napier Grass,60,6.88,44.3,43.2,30.3,55.67,Unsafe,AGRONOMIC_MULTIFACTOR_REFERENCE
PIT-050-S10,PIT-050,FARM-09,Hybrid Napier Grass,80,6.44,46.5,40.9,27.6,53.46,Unsafe,AGRONOMIC_MULTIFACTOR_REFERENCE
PIT-050-S11,PIT-050,FARM-09,Hybrid Napier Grass,60,6.38,45.5,42.3,29.1,54.48,Unsafe,AGRONOMIC_MULTIFACTOR_REFERENCE
PIT-050-S12,PIT-050,FARM-09,Hybrid Napier Grass,80,6.53,46.8,40.1,29.0,53.19,Unsafe,AGRONOMIC_MULTIFACTOR_REFERENCE
PIT-050-S13,PIT-050,FARM-09,Hybrid Napier Grass,60,6.61,45.5,42.6,28.2,54.53,Unsafe,AGRONOMIC_MULTIFACTOR_REFERENCE
PIT-050-S14,PIT-050,FARM-09,Hybrid Napier Grass,20,6.45,44.1,40.0,26.5,55.87,Unsafe,AGRONOMIC_MULTIFACTOR_REFERENCE
PIT-050-S15,PIT-050,FARM-09,Hybrid Napier Grass,40,6.73,45.7,40.1,27.0,54.26,Unsafe,AGRONOMIC_MULTIFACTOR_REFERENCE
PIT-050-S16,PIT-050,FARM-09,Hybrid Napier Grass,40,6.39,43.9,40.8,28.3,56.07,Unsafe,AGRONOMIC_MULTIFACTOR_REFERENCE
PIT-050-S17,PIT-050,FARM-09,Hybrid Napier Grass,20,6.73,45.8,41.9,28.1,54.18,Unsafe,AGRONOMIC_MULTIFACTOR_REFERENCE
PIT-050-S18,PIT-050,FARM-09,Hybrid Napier Grass,80,6.6,47.4,41.8,28.3,52.64,Unsafe,AGRONOMIC_MULTIFACTOR_REFERENCE
PIT-050-S19,PIT-050,FARM-09,Hybrid Napier Grass,40,6.54,46.9,41.5,27.8,53.07,Unsafe,AGRONOMIC_MULTIFACTOR_REFERENCE
PIT-050-S20,PIT-050,FARM-09,Hybrid Napier Grass,80,6.48,45.1,40.9,27.5,54.87,Unsafe,AGRONOMIC_MULTIFACTOR_REFERENCE
PIT-050-S21,PIT-050,FARM-09,Hybrid Napier Grass,60,6.7,48.1,41.8,27.0,51.94,Unsafe,AGRONOMIC_MULTIFACTOR_REFERENCE
PIT-050-S22,PIT-050,FARM-09,Hybrid Napier Grass,20,6.56,47.0,41.6,27.3,52.97,Unsafe,AGRONOMIC_MULTIFACTOR_REFERENCE
PIT-050-S23,PIT-050,FARM-09,Hybrid Napier Grass,80,6.55,43.3,42.9,28.5,56.72,Unsafe,AGRONOMIC_MULTIFACTOR_REFERENCE
PIT-050-S24,PIT-050,FARM-09,Hybrid Napier Grass,80,6.49,48.4,41.7,27.9,51.6,Unsafe,AGRONOMIC_MULTIFACTOR_REFERENCE
PIT-050-S25,PIT-050,FARM-09,Hybrid Napier Grass,40,6.3,50.3,42.6,29.2,49.69,Unsafe,AGRONOMIC_MULTIFACTOR_REFERENCE
PIT-050-S26,PIT-050,FARM-09,Hybrid Napier Grass,60,6.3,46.5,40.7,26.9,53.53,Unsafe,AGRONOMIC_MULTIFACTOR_REFERENCE
PIT-050-S27,PIT-050,FARM-09,Hybrid Napier Grass,40,6.62,44.3,43.5,28.9,55.74,Unsafe,AGRONOMIC_MULTIFACTOR_REFERENCE
PIT-050-S28,PIT-050,FARM-09,Hybrid Napier Grass,60,6.66,46.0,41.3,26.9,54.03,Unsafe,AGRONOMIC_MULTIFACTOR_REFERENCE
PIT-050-S29,PIT-050,FARM-09,Hybrid Napier Grass,40,6.54,43.5,45.1,29.1,56.55,Unsafe,AGRONOMIC_MULTIFACTOR_REFERENCE
PIT-050-S30,PIT-050,FARM-09,Hybrid Napier Grass,80,6.5,49.8,40.6,28.1,50.16,Unsafe,AGRONOMIC_MULTIFACTOR_REFERENCE
PIT-050-S31,PIT-050,FARM-09,Hybrid Napier Grass,80,6.43,48.9,41.1,27.4,51.1,Unsafe,AGRONOMIC_MULTIFACTOR_REFERENCE
PIT-050-S32,PIT-050,FARM-09,Hybrid Napier Grass,20,6.53,45.1,42.6,28.9,54.88,Unsafe,AGRONOMIC_MULTIFACTOR_REFERENCE
PIT-050-S33,PIT-050,FARM-09,Hybrid Napier Grass,80,6.46,48.0,42.9,29.3,52.01,Unsafe,AGRONOMIC_MULTIFACTOR_REFERENCE
PIT-050-S34,PIT-050,FARM-09,Hybrid Napier Grass,80,6.43,45.0,41.4,28.1,54.97,Unsafe,AGRONOMIC_MULTIFACTOR_REFERENCE
PIT-050-S35,PIT-050,FARM-09,Hybrid Napier Grass,80,6.39,47.3,39.1,28.1,52.75,Unsafe,AGRONOMIC_MULTIFACTOR_REFERENCE
PIT-050-S36,PIT-050,FARM-09,Hybrid Napier Grass,80,6.4,45.0,43.0,28.0,54.95,Unsafe,AGRONOMIC_MULTIFACTOR_REFERENCE
PIT-050-S37,PIT-050,FARM-09,Hybrid Napier Grass,20,6.63,44.4,41.9,28.2,55.56,Unsafe,AGRONOMIC_MULTIFACTOR_REFERENCE
PIT-050-S38,PIT-050,FARM-09,Hybrid Napier Grass,60,6.58,47.0,42.3,29.0,53.0,Unsafe,AGRONOMIC_MULTIFACTOR_REFERENCE
PIT-050-S39,PIT-050,FARM-09,Hybrid Napier Grass,20,6.79,47.6,44.0,27.5,52.41,Unsafe,AGRONOMIC_MULTIFACTOR_REFERENCE
PIT-050-S40,PIT-050,FARM-09,Hybrid Napier Grass,20,6.64,44.4,45.8,29.4,55.55,Unsafe,AGRONOMIC_MULTIFACTOR_REFERENCE
PIT-051-S01,PIT-051,FARM-09,Sorghum (Jowar),80,6.17,75.3,40.8,27.5,24.71,Unsafe,AGRONOMIC_MULTIFACTOR_REFERENCE
PIT-051-S02,PIT-051,FARM-09,Sorghum (Jowar),60,6.36,77.2,42.3,27.7,22.78,Unsafe,AGRONOMIC_MULTIFACTOR_REFERENCE
PIT-051-S03,PIT-051,FARM-09,Sorghum (Jowar),80,6.14,78.1,40.4,27.4,21.95,Unsafe,AGRONOMIC_MULTIFACTOR_REFERENCE
PIT-051-S04,PIT-051,FARM-09,Sorghum (Jowar),20,6.25,76.1,42.5,27.3,23.91,Unsafe,AGRONOMIC_MULTIFACTOR_REFERENCE
PIT-051-S05,PIT-051,FARM-09,Sorghum (Jowar),20,6.18,74.9,44.1,29.3,25.14,Unsafe,AGRONOMIC_MULTIFACTOR_REFERENCE
PIT-051-S06,PIT-051,FARM-09,Sorghum (Jowar),20,5.98,75.2,38.9,26.2,24.82,Unsafe,AGRONOMIC_MULTIFACTOR_REFERENCE
PIT-051-S07,PIT-051,FARM-09,Sorghum (Jowar),60,5.83,75.9,39.7,26.7,24.05,Unsafe,AGRONOMIC_MULTIFACTOR_REFERENCE
PIT-051-S08,PIT-051,FARM-09,Sorghum (Jowar),40,6.04,76.3,42.3,27.3,23.66,Unsafe,AGRONOMIC_MULTIFACTOR_REFERENCE
PIT-051-S09,PIT-051,FARM-09,Sorghum (Jowar),40,6.4,77.6,42.9,27.4,22.39,Unsafe,AGRONOMIC_MULTIFACTOR_REFERENCE
PIT-051-S10,PIT-051,FARM-09,Sorghum (Jowar),80,5.99,73.7,42.6,27.6,26.33,Unsafe,AGRONOMIC_MULTIFACTOR_REFERENCE
PIT-051-S11,PIT-051,FARM-09,Sorghum (Jowar),60,6.18,75.9,40.5,26.5,24.13,Unsafe,AGRONOMIC_MULTIFACTOR_REFERENCE
PIT-051-S12,PIT-051,FARM-09,Sorghum (Jowar),80,6.29,77.6,38.9,27.1,22.38,Unsafe,AGRONOMIC_MULTIFACTOR_REFERENCE
PIT-051-S13,PIT-051,FARM-09,Sorghum (Jowar),80,6.02,76.3,38.0,26.8,23.65,Unsafe,AGRONOMIC_MULTIFACTOR_REFERENCE
PIT-051-S14,PIT-051,FARM-09,Sorghum (Jowar),40,6.18,75.3,41.1,27.2,24.69,Unsafe,AGRONOMIC_MULTIFACTOR_REFERENCE
PIT-051-S15,PIT-051,FARM-09,Sorghum (Jowar),60,6.21,75.7,39.6,27.8,24.32,Unsafe,AGRONOMIC_MULTIFACTOR_REFERENCE
PIT-051-S16,PIT-051,FARM-09,Sorghum (Jowar),20,6.28,76.5,41.3,26.4,23.53,Unsafe,AGRONOMIC_MULTIFACTOR_REFERENCE
PIT-051-S17,PIT-051,FARM-09,Sorghum (Jowar),80,6.07,76.4,42.1,28.6,23.64,Unsafe,AGRONOMIC_MULTIFACTOR_REFERENCE
PIT-051-S18,PIT-051,FARM-09,Sorghum (Jowar),20,6.27,75.5,42.9,28.4,24.46,Unsafe,AGRONOMIC_MULTIFACTOR_REFERENCE
PIT-051-S19,PIT-051,FARM-09,Sorghum (Jowar),60,6.13,74.8,39.1,26.0,25.24,Unsafe,AGRONOMIC_MULTIFACTOR_REFERENCE
PIT-051-S20,PIT-051,FARM-09,Sorghum (Jowar),80,6.17,78.2,41.9,27.9,21.76,Unsafe,AGRONOMIC_MULTIFACTOR_REFERENCE
PIT-051-S21,PIT-051,FARM-09,Sorghum (Jowar),20,6.18,78.2,41.8,27.2,21.76,Unsafe,AGRONOMIC_MULTIFACTOR_REFERENCE
PIT-051-S22,PIT-051,FARM-09,Sorghum (Jowar),20,6.09,76.6,39.5,26.0,23.38,Unsafe,AGRONOMIC_MULTIFACTOR_REFERENCE
PIT-051-S23,PIT-051,FARM-09,Sorghum (Jowar),40,6.29,75.3,41.1,26.8,24.74,Unsafe,AGRONOMIC_MULTIFACTOR_REFERENCE
PIT-051-S24,PIT-051,FARM-09,Sorghum (Jowar),60,6.19,75.3,43.5,27.7,24.69,Unsafe,AGRONOMIC_MULTIFACTOR_REFERENCE
PIT-051-S25,PIT-051,FARM-09,Sorghum (Jowar),60,6.34,78.3,41.1,28.0,21.71,Unsafe,AGRONOMIC_MULTIFACTOR_REFERENCE
PIT-051-S26,PIT-051,FARM-09,Sorghum (Jowar),60,5.92,75.0,38.1,27.2,25.03,Unsafe,AGRONOMIC_MULTIFACTOR_REFERENCE
PIT-051-S27,PIT-051,FARM-09,Sorghum (Jowar),80,6.04,72.6,41.0,27.6,27.37,Unsafe,AGRONOMIC_MULTIFACTOR_REFERENCE
PIT-051-S28,PIT-051,FARM-09,Sorghum (Jowar),40,6.37,76.9,38.1,26.9,23.06,Unsafe,AGRONOMIC_MULTIFACTOR_REFERENCE
PIT-051-S29,PIT-051,FARM-09,Sorghum (Jowar),80,5.96,73.9,39.3,26.9,26.09,Unsafe,AGRONOMIC_MULTIFACTOR_REFERENCE
PIT-051-S30,PIT-051,FARM-09,Sorghum (Jowar),60,6.08,76.8,40.4,27.4,23.19,Unsafe,AGRONOMIC_MULTIFACTOR_REFERENCE
PIT-051-S31,PIT-051,FARM-09,Sorghum (Jowar),80,6.31,74.1,40.5,28.0,25.93,Unsafe,AGRONOMIC_MULTIFACTOR_REFERENCE
PIT-051-S32,PIT-051,FARM-09,Sorghum (Jowar),20,6.23,77.8,41.0,28.3,22.21,Unsafe,AGRONOMIC_MULTIFACTOR_REFERENCE
PIT-051-S33,PIT-051,FARM-09,Sorghum (Jowar),80,6.15,76.7,40.6,27.4,23.3,Unsafe,AGRONOMIC_MULTIFACTOR_REFERENCE
PIT-051-S34,PIT-051,FARM-09,Sorghum (Jowar),80,6.21,79.5,38.8,26.4,20.51,Unsafe,AGRONOMIC_MULTIFACTOR_REFERENCE
PIT-051-S35,PIT-051,FARM-09,Sorghum (Jowar),60,6.1,77.3,39.7,26.3,22.72,Unsafe,AGRONOMIC_MULTIFACTOR_REFERENCE
PIT-051-S36,PIT-051,FARM-09,Sorghum (Jowar),20,6.19,74.9,39.7,26.5,25.13,Unsafe,AGRONOMIC_MULTIFACTOR_REFERENCE
PIT-051-S37,PIT-051,FARM-09,Sorghum (Jowar),60,6.34,76.1,42.9,28.1,23.85,Unsafe,AGRONOMIC_MULTIFACTOR_REFERENCE
PIT-051-S38,PIT-051,FARM-09,Sorghum (Jowar),20,6.3,75.2,41.1,28.0,24.81,Unsafe,AGRONOMIC_MULTIFACTOR_REFERENCE
PIT-051-S39,PIT-051,FARM-09,Sorghum (Jowar),20,6.2,73.5,41.7,28.4,26.54,Unsafe,AGRONOMIC_MULTIFACTOR_REFERENCE
PIT-051-S40,PIT-051,FARM-09,Sorghum (Jowar),20,6.29,74.3,40.9,28.0,25.67,Unsafe,AGRONOMIC_MULTIFACTOR_REFERENCE
PIT-052-S01,PIT-052,FARM-09,Lucerne Mix,60,6.17,80.7,40.0,27.8,19.33,Unsafe,AGRONOMIC_MULTIFACTOR_REFERENCE
PIT-052-S02,PIT-052,FARM-09,Lucerne Mix,80,5.95,84.5,41.2,28.6,15.52,Unsafe,AGRONOMIC_MULTIFACTOR_REFERENCE
PIT-052-S03,PIT-052,FARM-09,Lucerne Mix,80,6.07,78.9,40.0,26.7,21.11,Unsafe,AGRONOMIC_MULTIFACTOR_REFERENCE
PIT-052-S04,PIT-052,FARM-09,Lucerne Mix,40,6.25,77.7,40.7,26.8,22.32,Unsafe,AGRONOMIC_MULTIFACTOR_REFERENCE
PIT-052-S05,PIT-052,FARM-09,Lucerne Mix,80,6.35,81.8,39.3,27.8,18.15,Unsafe,AGRONOMIC_MULTIFACTOR_REFERENCE
PIT-052-S06,PIT-052,FARM-09,Lucerne Mix,40,5.83,79.6,40.0,27.2,20.37,Unsafe,AGRONOMIC_MULTIFACTOR_REFERENCE
PIT-052-S07,PIT-052,FARM-09,Lucerne Mix,40,6.23,76.7,40.9,27.6,23.29,Unsafe,AGRONOMIC_MULTIFACTOR_REFERENCE
PIT-052-S08,PIT-052,FARM-09,Lucerne Mix,80,6.24,80.8,39.0,27.6,19.2,Unsafe,AGRONOMIC_MULTIFACTOR_REFERENCE
PIT-052-S09,PIT-052,FARM-09,Lucerne Mix,80,6.15,79.3,40.2,27.2,20.74,Unsafe,AGRONOMIC_MULTIFACTOR_REFERENCE
PIT-052-S10,PIT-052,FARM-09,Lucerne Mix,20,6.33,82.8,42.1,28.9,17.17,Unsafe,AGRONOMIC_MULTIFACTOR_REFERENCE
PIT-052-S11,PIT-052,FARM-09,Lucerne Mix,40,5.76,81.3,38.5,26.7,18.68,Unsafe,AGRONOMIC_MULTIFACTOR_REFERENCE
PIT-052-S12,PIT-052,FARM-09,Lucerne Mix,80,6.11,78.3,37.8,27.6,21.71,Unsafe,AGRONOMIC_MULTIFACTOR_REFERENCE
PIT-052-S13,PIT-052,FARM-09,Lucerne Mix,80,6.03,79.7,40.2,27.7,20.29,Unsafe,AGRONOMIC_MULTIFACTOR_REFERENCE
PIT-052-S14,PIT-052,FARM-09,Lucerne Mix,80,6.06,77.3,38.9,26.8,22.67,Unsafe,AGRONOMIC_MULTIFACTOR_REFERENCE
PIT-052-S15,PIT-052,FARM-09,Lucerne Mix,20,6.43,75.4,38.6,27.0,24.59,Unsafe,AGRONOMIC_MULTIFACTOR_REFERENCE
PIT-052-S16,PIT-052,FARM-09,Lucerne Mix,40,6.02,80.8,40.7,27.6,19.17,Unsafe,AGRONOMIC_MULTIFACTOR_REFERENCE
PIT-052-S17,PIT-052,FARM-09,Lucerne Mix,40,6.33,78.2,41.9,26.8,21.77,Unsafe,AGRONOMIC_MULTIFACTOR_REFERENCE
PIT-052-S18,PIT-052,FARM-09,Lucerne Mix,60,6.16,80.4,37.4,27.2,19.58,Unsafe,AGRONOMIC_MULTIFACTOR_REFERENCE
PIT-052-S19,PIT-052,FARM-09,Lucerne Mix,20,6.0,78.1,41.9,28.0,21.95,Unsafe,AGRONOMIC_MULTIFACTOR_REFERENCE
PIT-052-S20,PIT-052,FARM-09,Lucerne Mix,20,6.36,77.3,40.4,28.5,22.68,Unsafe,AGRONOMIC_MULTIFACTOR_REFERENCE
PIT-052-S21,PIT-052,FARM-09,Lucerne Mix,40,6.24,79.1,41.1,27.0,20.92,Unsafe,AGRONOMIC_MULTIFACTOR_REFERENCE
PIT-052-S22,PIT-052,FARM-09,Lucerne Mix,60,6.1,76.7,39.0,27.2,23.34,Unsafe,AGRONOMIC_MULTIFACTOR_REFERENCE
PIT-052-S23,PIT-052,FARM-09,Lucerne Mix,60,6.59,80.3,37.9,26.8,19.69,Unsafe,AGRONOMIC_MULTIFACTOR_REFERENCE
PIT-052-S24,PIT-052,FARM-09,Lucerne Mix,40,5.99,77.2,41.5,27.3,22.75,Unsafe,AGRONOMIC_MULTIFACTOR_REFERENCE
PIT-052-S25,PIT-052,FARM-09,Lucerne Mix,80,6.29,79.5,39.0,26.9,20.49,Unsafe,AGRONOMIC_MULTIFACTOR_REFERENCE
PIT-052-S26,PIT-052,FARM-09,Lucerne Mix,20,6.19,82.2,40.0,27.0,17.81,Unsafe,AGRONOMIC_MULTIFACTOR_REFERENCE
PIT-052-S27,PIT-052,FARM-09,Lucerne Mix,60,5.92,78.7,38.9,27.8,21.26,Unsafe,AGRONOMIC_MULTIFACTOR_REFERENCE
PIT-052-S28,PIT-052,FARM-09,Lucerne Mix,80,6.07,80.5,39.0,26.0,19.48,Unsafe,AGRONOMIC_MULTIFACTOR_REFERENCE
PIT-052-S29,PIT-052,FARM-09,Lucerne Mix,60,6.13,78.4,38.9,26.3,21.61,Unsafe,AGRONOMIC_MULTIFACTOR_REFERENCE
PIT-052-S30,PIT-052,FARM-09,Lucerne Mix,80,6.45,80.5,39.6,26.5,19.5,Unsafe,AGRONOMIC_MULTIFACTOR_REFERENCE
PIT-052-S31,PIT-052,FARM-09,Lucerne Mix,80,6.12,81.6,36.4,27.8,18.43,Unsafe,AGRONOMIC_MULTIFACTOR_REFERENCE
PIT-052-S32,PIT-052,FARM-09,Lucerne Mix,20,6.13,80.8,39.2,27.3,19.21,Unsafe,AGRONOMIC_MULTIFACTOR_REFERENCE
PIT-052-S33,PIT-052,FARM-09,Lucerne Mix,60,6.11,75.7,41.8,27.1,24.34,Unsafe,AGRONOMIC_MULTIFACTOR_REFERENCE
PIT-052-S34,PIT-052,FARM-09,Lucerne Mix,60,6.29,83.0,41.2,27.9,16.96,Unsafe,AGRONOMIC_MULTIFACTOR_REFERENCE
PIT-052-S35,PIT-052,FARM-09,Lucerne Mix,80,6.4,79.8,40.0,27.0,20.23,Unsafe,AGRONOMIC_MULTIFACTOR_REFERENCE
PIT-052-S36,PIT-052,FARM-09,Lucerne Mix,40,6.39,78.2,39.4,26.6,21.77,Unsafe,AGRONOMIC_MULTIFACTOR_REFERENCE
PIT-052-S37,PIT-052,FARM-09,Lucerne Mix,60,6.29,80.5,40.4,26.0,19.47,Unsafe,AGRONOMIC_MULTIFACTOR_REFERENCE
PIT-052-S38,PIT-052,FARM-09,Lucerne Mix,20,6.17,78.6,42.4,26.4,21.38,Unsafe,AGRONOMIC_MULTIFACTOR_REFERENCE
PIT-052-S39,PIT-052,FARM-09,Lucerne Mix,40,6.25,77.6,41.3,27.9,22.44,Unsafe,AGRONOMIC_MULTIFACTOR_REFERENCE
PIT-052-S40,PIT-052,FARM-09,Lucerne Mix,60,6.17,80.6,38.2,26.5,19.39,Unsafe,AGRONOMIC_MULTIFACTOR_REFERENCE
PIT-053-S01,PIT-053,FARM-09,Corn Silage,80,3.62,59.6,32.8,30.4,40.38,Safe,AGRONOMIC_MULTIFACTOR_REFERENCE
PIT-053-S02,PIT-053,FARM-09,Corn Silage,40,3.93,65.0,29.9,28.8,35.0,Safe,AGRONOMIC_MULTIFACTOR_REFERENCE
PIT-053-S03,PIT-053,FARM-09,Corn Silage,80,3.87,61.8,30.6,28.8,38.22,Safe,AGRONOMIC_MULTIFACTOR_REFERENCE
PIT-053-S04,PIT-053,FARM-09,Corn Silage,80,3.88,63.3,30.8,29.8,36.71,Safe,AGRONOMIC_MULTIFACTOR_REFERENCE
PIT-053-S05,PIT-053,FARM-09,Corn Silage,40,3.8,59.6,30.2,29.1,40.43,Safe,AGRONOMIC_MULTIFACTOR_REFERENCE
PIT-053-S06,PIT-053,FARM-09,Corn Silage,80,3.87,62.0,30.1,31.0,38.02,Safe,AGRONOMIC_MULTIFACTOR_REFERENCE
PIT-053-S07,PIT-053,FARM-09,Corn Silage,40,3.68,62.6,30.3,28.6,37.39,Safe,AGRONOMIC_MULTIFACTOR_REFERENCE
PIT-053-S08,PIT-053,FARM-09,Corn Silage,40,3.99,64.3,28.5,27.7,35.68,Safe,AGRONOMIC_MULTIFACTOR_REFERENCE
PIT-053-S09,PIT-053,FARM-09,Corn Silage,80,3.91,63.4,32.3,30.7,36.61,Safe,AGRONOMIC_MULTIFACTOR_REFERENCE
PIT-053-S10,PIT-053,FARM-09,Corn Silage,60,3.88,60.4,28.8,28.5,39.6,Safe,AGRONOMIC_MULTIFACTOR_REFERENCE
PIT-053-S11,PIT-053,FARM-09,Corn Silage,40,4.0,62.5,28.8,27.9,37.53,Safe,AGRONOMIC_MULTIFACTOR_REFERENCE
PIT-053-S12,PIT-053,FARM-09,Corn Silage,40,4.03,62.6,31.2,29.4,37.36,Safe,AGRONOMIC_MULTIFACTOR_REFERENCE
PIT-053-S13,PIT-053,FARM-09,Corn Silage,60,4.09,62.4,28.6,28.6,37.57,Safe,AGRONOMIC_MULTIFACTOR_REFERENCE
PIT-053-S14,PIT-053,FARM-09,Corn Silage,80,3.89,57.6,29.1,28.8,42.39,Safe,AGRONOMIC_MULTIFACTOR_REFERENCE
PIT-053-S15,PIT-053,FARM-09,Corn Silage,20,3.79,60.3,31.6,29.6,39.66,Safe,AGRONOMIC_MULTIFACTOR_REFERENCE
PIT-053-S16,PIT-053,FARM-09,Corn Silage,60,3.9,62.6,31.3,29.0,37.44,Safe,AGRONOMIC_MULTIFACTOR_REFERENCE
PIT-053-S17,PIT-053,FARM-09,Corn Silage,20,3.97,59.4,32.4,30.2,40.62,Safe,AGRONOMIC_MULTIFACTOR_REFERENCE
PIT-053-S18,PIT-053,FARM-09,Corn Silage,80,3.79,59.8,29.7,29.3,40.25,Safe,AGRONOMIC_MULTIFACTOR_REFERENCE
PIT-053-S19,PIT-053,FARM-09,Corn Silage,40,4.11,61.4,30.6,28.3,38.62,Safe,AGRONOMIC_MULTIFACTOR_REFERENCE
PIT-053-S20,PIT-053,FARM-09,Corn Silage,40,4.03,62.3,30.8,29.5,37.69,Safe,AGRONOMIC_MULTIFACTOR_REFERENCE
PIT-053-S21,PIT-053,FARM-09,Corn Silage,80,3.89,64.1,29.8,29.4,35.9,Safe,AGRONOMIC_MULTIFACTOR_REFERENCE
PIT-053-S22,PIT-053,FARM-09,Corn Silage,80,4.02,57.8,29.3,30.6,42.25,Safe,AGRONOMIC_MULTIFACTOR_REFERENCE
PIT-053-S23,PIT-053,FARM-09,Corn Silage,80,3.79,61.9,30.5,28.8,38.07,Safe,AGRONOMIC_MULTIFACTOR_REFERENCE
PIT-053-S24,PIT-053,FARM-09,Corn Silage,80,3.73,62.5,29.4,28.5,37.52,Safe,AGRONOMIC_MULTIFACTOR_REFERENCE
PIT-053-S25,PIT-053,FARM-09,Corn Silage,80,3.85,62.2,28.5,28.5,37.83,Safe,AGRONOMIC_MULTIFACTOR_REFERENCE
PIT-053-S26,PIT-053,FARM-09,Corn Silage,80,3.9,63.7,28.1,28.5,36.29,Safe,AGRONOMIC_MULTIFACTOR_REFERENCE
PIT-053-S27,PIT-053,FARM-09,Corn Silage,80,3.93,61.9,29.2,29.6,38.05,Safe,AGRONOMIC_MULTIFACTOR_REFERENCE
PIT-053-S28,PIT-053,FARM-09,Corn Silage,40,3.71,61.0,29.6,28.3,38.95,Safe,AGRONOMIC_MULTIFACTOR_REFERENCE
PIT-053-S29,PIT-053,FARM-09,Corn Silage,20,3.87,63.3,30.6,28.7,36.66,Safe,AGRONOMIC_MULTIFACTOR_REFERENCE
PIT-053-S30,PIT-053,FARM-09,Corn Silage,20,3.97,62.4,31.2,28.9,37.64,Safe,AGRONOMIC_MULTIFACTOR_REFERENCE
PIT-053-S31,PIT-053,FARM-09,Corn Silage,40,3.83,64.5,28.7,28.7,35.47,Safe,AGRONOMIC_MULTIFACTOR_REFERENCE
PIT-053-S32,PIT-053,FARM-09,Corn Silage,60,3.91,60.5,32.9,29.5,39.53,Safe,AGRONOMIC_MULTIFACTOR_REFERENCE
PIT-053-S33,PIT-053,FARM-09,Corn Silage,20,3.86,62.6,29.8,27.5,37.39,Safe,AGRONOMIC_MULTIFACTOR_REFERENCE
PIT-053-S34,PIT-053,FARM-09,Corn Silage,60,3.78,60.9,29.8,28.1,39.12,Safe,AGRONOMIC_MULTIFACTOR_REFERENCE
PIT-053-S35,PIT-053,FARM-09,Corn Silage,40,4.04,62.0,31.4,28.2,37.95,Safe,AGRONOMIC_MULTIFACTOR_REFERENCE
PIT-053-S36,PIT-053,FARM-09,Corn Silage,60,3.8,58.1,29.1,29.3,41.88,Safe,AGRONOMIC_MULTIFACTOR_REFERENCE
PIT-053-S37,PIT-053,FARM-09,Corn Silage,40,4.04,61.3,32.3,29.4,38.68,Safe,AGRONOMIC_MULTIFACTOR_REFERENCE
PIT-053-S38,PIT-053,FARM-09,Corn Silage,80,3.72,61.0,31.1,28.9,39.01,Safe,AGRONOMIC_MULTIFACTOR_REFERENCE
PIT-053-S39,PIT-053,FARM-09,Corn Silage,80,3.78,60.9,29.3,29.3,39.06,Safe,AGRONOMIC_MULTIFACTOR_REFERENCE
PIT-053-S40,PIT-053,FARM-09,Corn Silage,20,3.97,59.2,31.0,30.7,40.79,Safe,AGRONOMIC_MULTIFACTOR_REFERENCE
PIT-054-S01,PIT-054,FARM-09,Hybrid Napier Grass,40,4.42,57.6,34.8,31.1,42.39,Caution,AGRONOMIC_MULTIFACTOR_REFERENCE
PIT-054-S02,PIT-054,FARM-09,Hybrid Napier Grass,80,4.64,59.0,33.2,29.9,40.96,Caution,AGRONOMIC_MULTIFACTOR_REFERENCE
PIT-054-S03,PIT-054,FARM-09,Hybrid Napier Grass,20,4.56,56.4,35.1,30.6,43.63,Caution,AGRONOMIC_MULTIFACTOR_REFERENCE
PIT-054-S04,PIT-054,FARM-09,Hybrid Napier Grass,40,4.44,56.7,34.7,28.8,43.33,Caution,AGRONOMIC_MULTIFACTOR_REFERENCE
PIT-054-S05,PIT-054,FARM-09,Hybrid Napier Grass,60,4.49,59.8,34.1,28.2,40.15,Caution,AGRONOMIC_MULTIFACTOR_REFERENCE
PIT-054-S06,PIT-054,FARM-09,Hybrid Napier Grass,20,4.79,56.9,36.4,31.1,43.14,Caution,AGRONOMIC_MULTIFACTOR_REFERENCE
PIT-054-S07,PIT-054,FARM-09,Hybrid Napier Grass,80,4.23,57.1,33.8,30.4,42.88,Caution,AGRONOMIC_MULTIFACTOR_REFERENCE
PIT-054-S08,PIT-054,FARM-09,Hybrid Napier Grass,60,4.36,58.7,35.0,29.6,41.26,Caution,AGRONOMIC_MULTIFACTOR_REFERENCE
PIT-054-S09,PIT-054,FARM-09,Hybrid Napier Grass,60,4.46,58.5,34.2,29.3,41.46,Caution,AGRONOMIC_MULTIFACTOR_REFERENCE
PIT-054-S10,PIT-054,FARM-09,Hybrid Napier Grass,20,4.38,60.0,35.9,29.1,40.01,Caution,AGRONOMIC_MULTIFACTOR_REFERENCE
PIT-054-S11,PIT-054,FARM-09,Hybrid Napier Grass,80,4.37,58.0,32.4,29.2,41.96,Caution,AGRONOMIC_MULTIFACTOR_REFERENCE
PIT-054-S12,PIT-054,FARM-09,Hybrid Napier Grass,20,4.28,55.8,35.1,29.3,44.23,Caution,AGRONOMIC_MULTIFACTOR_REFERENCE
PIT-054-S13,PIT-054,FARM-09,Hybrid Napier Grass,40,4.58,56.9,32.4,28.9,43.13,Caution,AGRONOMIC_MULTIFACTOR_REFERENCE
PIT-054-S14,PIT-054,FARM-09,Hybrid Napier Grass,40,4.51,60.2,36.5,30.6,39.84,Caution,AGRONOMIC_MULTIFACTOR_REFERENCE
PIT-054-S15,PIT-054,FARM-09,Hybrid Napier Grass,60,4.5,60.7,35.3,29.9,39.27,Caution,AGRONOMIC_MULTIFACTOR_REFERENCE
PIT-054-S16,PIT-054,FARM-09,Hybrid Napier Grass,80,4.36,55.2,33.4,29.1,44.78,Caution,AGRONOMIC_MULTIFACTOR_REFERENCE
PIT-054-S17,PIT-054,FARM-09,Hybrid Napier Grass,40,4.46,61.1,36.1,29.7,38.86,Caution,AGRONOMIC_MULTIFACTOR_REFERENCE
PIT-054-S18,PIT-054,FARM-09,Hybrid Napier Grass,40,4.4,57.1,32.8,28.5,42.89,Caution,AGRONOMIC_MULTIFACTOR_REFERENCE
PIT-054-S19,PIT-054,FARM-09,Hybrid Napier Grass,40,4.52,57.7,35.7,30.4,42.31,Caution,AGRONOMIC_MULTIFACTOR_REFERENCE
PIT-054-S20,PIT-054,FARM-09,Hybrid Napier Grass,40,4.41,61.5,35.9,29.5,38.46,Caution,AGRONOMIC_MULTIFACTOR_REFERENCE
PIT-054-S21,PIT-054,FARM-09,Hybrid Napier Grass,20,4.44,58.9,36.1,30.3,41.05,Caution,AGRONOMIC_MULTIFACTOR_REFERENCE
PIT-054-S22,PIT-054,FARM-09,Hybrid Napier Grass,60,4.14,57.7,35.9,30.6,42.29,Caution,AGRONOMIC_MULTIFACTOR_REFERENCE
PIT-054-S23,PIT-054,FARM-09,Hybrid Napier Grass,60,4.48,54.6,34.2,29.0,45.43,Caution,AGRONOMIC_MULTIFACTOR_REFERENCE
PIT-054-S24,PIT-054,FARM-09,Hybrid Napier Grass,40,4.51,59.9,35.1,29.5,40.14,Caution,AGRONOMIC_MULTIFACTOR_REFERENCE
PIT-054-S25,PIT-054,FARM-09,Hybrid Napier Grass,60,4.43,55.9,33.0,27.8,44.1,Caution,AGRONOMIC_MULTIFACTOR_REFERENCE
PIT-054-S26,PIT-054,FARM-09,Hybrid Napier Grass,60,4.45,56.6,33.7,28.3,43.44,Caution,AGRONOMIC_MULTIFACTOR_REFERENCE
PIT-054-S27,PIT-054,FARM-09,Hybrid Napier Grass,60,4.4,58.7,33.5,31.1,41.33,Caution,AGRONOMIC_MULTIFACTOR_REFERENCE
PIT-054-S28,PIT-054,FARM-09,Hybrid Napier Grass,60,4.34,57.3,33.7,30.8,42.7,Caution,AGRONOMIC_MULTIFACTOR_REFERENCE
PIT-054-S29,PIT-054,FARM-09,Hybrid Napier Grass,20,4.72,57.9,34.8,29.5,42.08,Caution,AGRONOMIC_MULTIFACTOR_REFERENCE
PIT-054-S30,PIT-054,FARM-09,Hybrid Napier Grass,40,4.4,59.6,34.2,28.7,40.44,Caution,AGRONOMIC_MULTIFACTOR_REFERENCE
PIT-054-S31,PIT-054,FARM-09,Hybrid Napier Grass,80,4.35,56.3,36.5,31.7,43.7,Caution,AGRONOMIC_MULTIFACTOR_REFERENCE
PIT-054-S32,PIT-054,FARM-09,Hybrid Napier Grass,20,4.56,59.7,35.9,28.5,40.28,Unsafe,AGRONOMIC_MULTIFACTOR_REFERENCE
PIT-054-S33,PIT-054,FARM-09,Hybrid Napier Grass,60,4.13,56.3,34.6,29.2,43.71,Caution,AGRONOMIC_MULTIFACTOR_REFERENCE
PIT-054-S34,PIT-054,FARM-09,Hybrid Napier Grass,40,4.48,57.4,33.6,29.6,42.63,Caution,AGRONOMIC_MULTIFACTOR_REFERENCE
PIT-054-S35,PIT-054,FARM-09,Hybrid Napier Grass,40,4.28,59.0,37.0,30.2,41.02,Caution,AGRONOMIC_MULTIFACTOR_REFERENCE
PIT-054-S36,PIT-054,FARM-09,Hybrid Napier Grass,40,4.36,58.9,35.8,29.4,41.08,Caution,AGRONOMIC_MULTIFACTOR_REFERENCE
PIT-054-S37,PIT-054,FARM-09,Hybrid Napier Grass,40,4.58,58.1,35.5,29.3,41.95,Caution,AGRONOMIC_MULTIFACTOR_REFERENCE
PIT-054-S38,PIT-054,FARM-09,Hybrid Napier Grass,60,4.5,56.4,32.9,28.5,43.56,Caution,AGRONOMIC_MULTIFACTOR_REFERENCE
PIT-054-S39,PIT-054,FARM-09,Hybrid Napier Grass,40,4.64,59.7,32.5,28.7,40.26,Caution,AGRONOMIC_MULTIFACTOR_REFERENCE
PIT-054-S40,PIT-054,FARM-09,Hybrid Napier Grass,80,4.55,55.6,33.7,30.0,44.37,Caution,AGRONOMIC_MULTIFACTOR_REFERENCE
PIT-055-S01,PIT-055,FARM-10,Sorghum (Jowar),20,4.81,68.4,30.5,23.7,31.64,Unsafe,AGRONOMIC_MULTIFACTOR_REFERENCE
PIT-055-S02,PIT-055,FARM-10,Sorghum (Jowar),80,4.55,66.2,26.1,21.0,33.8,Caution,AGRONOMIC_MULTIFACTOR_REFERENCE
PIT-055-S03,PIT-055,FARM-10,Sorghum (Jowar),60,4.58,67.7,28.3,21.9,32.28,Caution,AGRONOMIC_MULTIFACTOR_REFERENCE
PIT-055-S04,PIT-055,FARM-10,Sorghum (Jowar),60,4.62,69.5,27.9,23.4,30.51,Caution,AGRONOMIC_MULTIFACTOR_REFERENCE
PIT-055-S05,PIT-055,FARM-10,Sorghum (Jowar),80,4.48,72.7,28.3,22.8,27.29,Unsafe,AGRONOMIC_MULTIFACTOR_REFERENCE
PIT-055-S06,PIT-055,FARM-10,Sorghum (Jowar),80,4.8,67.2,30.6,23.4,32.78,Caution,AGRONOMIC_MULTIFACTOR_REFERENCE
PIT-055-S07,PIT-055,FARM-10,Sorghum (Jowar),60,4.51,71.3,27.0,22.0,28.71,Caution,AGRONOMIC_MULTIFACTOR_REFERENCE
PIT-055-S08,PIT-055,FARM-10,Sorghum (Jowar),20,4.66,71.2,32.0,23.7,28.82,Unsafe,AGRONOMIC_MULTIFACTOR_REFERENCE
PIT-055-S09,PIT-055,FARM-10,Sorghum (Jowar),20,4.6,71.9,30.1,22.5,28.11,Unsafe,AGRONOMIC_MULTIFACTOR_REFERENCE
PIT-055-S10,PIT-055,FARM-10,Sorghum (Jowar),80,4.55,70.5,26.7,23.1,29.46,Caution,AGRONOMIC_MULTIFACTOR_REFERENCE
PIT-055-S11,PIT-055,FARM-10,Sorghum (Jowar),60,4.42,69.9,28.1,21.4,30.07,Caution,AGRONOMIC_MULTIFACTOR_REFERENCE
PIT-055-S12,PIT-055,FARM-10,Sorghum (Jowar),20,4.72,70.3,30.0,21.9,29.67,Unsafe,AGRONOMIC_MULTIFACTOR_REFERENCE
PIT-055-S13,PIT-055,FARM-10,Sorghum (Jowar),80,4.77,70.0,28.8,23.2,29.99,Caution,AGRONOMIC_MULTIFACTOR_REFERENCE
PIT-055-S14,PIT-055,FARM-10,Sorghum (Jowar),40,4.64,69.5,29.9,22.7,30.47,Unsafe,AGRONOMIC_MULTIFACTOR_REFERENCE
PIT-055-S15,PIT-055,FARM-10,Sorghum (Jowar),80,4.8,67.2,26.8,22.7,32.78,Caution,AGRONOMIC_MULTIFACTOR_REFERENCE
PIT-055-S16,PIT-055,FARM-10,Sorghum (Jowar),40,4.77,68.7,28.5,21.6,31.32,Caution,AGRONOMIC_MULTIFACTOR_REFERENCE
PIT-055-S17,PIT-055,FARM-10,Sorghum (Jowar),80,4.73,70.9,28.8,22.9,29.06,Caution,AGRONOMIC_MULTIFACTOR_REFERENCE
PIT-055-S18,PIT-055,FARM-10,Sorghum (Jowar),60,4.72,68.2,28.0,22.7,31.83,Caution,AGRONOMIC_MULTIFACTOR_REFERENCE
PIT-055-S19,PIT-055,FARM-10,Sorghum (Jowar),60,4.41,69.2,30.0,23.6,30.85,Caution,AGRONOMIC_MULTIFACTOR_REFERENCE
PIT-055-S20,PIT-055,FARM-10,Sorghum (Jowar),60,4.63,70.0,28.1,23.2,29.99,Caution,AGRONOMIC_MULTIFACTOR_REFERENCE
PIT-055-S21,PIT-055,FARM-10,Sorghum (Jowar),60,4.51,70.1,29.1,23.0,29.91,Caution,AGRONOMIC_MULTIFACTOR_REFERENCE
PIT-055-S22,PIT-055,FARM-10,Sorghum (Jowar),40,4.56,69.1,32.5,25.3,30.94,Unsafe,AGRONOMIC_MULTIFACTOR_REFERENCE
PIT-055-S23,PIT-055,FARM-10,Sorghum (Jowar),80,4.57,69.3,27.6,22.4,30.68,Caution,AGRONOMIC_MULTIFACTOR_REFERENCE
PIT-055-S24,PIT-055,FARM-10,Sorghum (Jowar),60,4.59,66.4,26.6,21.5,33.64,Caution,AGRONOMIC_MULTIFACTOR_REFERENCE
PIT-055-S25,PIT-055,FARM-10,Sorghum (Jowar),20,4.64,69.3,28.9,23.9,30.69,Caution,AGRONOMIC_MULTIFACTOR_REFERENCE
PIT-055-S26,PIT-055,FARM-10,Sorghum (Jowar),20,4.52,72.5,30.4,22.9,27.52,Unsafe,AGRONOMIC_MULTIFACTOR_REFERENCE
PIT-055-S27,PIT-055,FARM-10,Sorghum (Jowar),20,4.86,68.5,29.0,22.7,31.51,Unsafe,AGRONOMIC_MULTIFACTOR_REFERENCE
PIT-055-S28,PIT-055,FARM-10,Sorghum (Jowar),80,4.29,69.2,29.4,23.5,30.82,Caution,AGRONOMIC_MULTIFACTOR_REFERENCE
PIT-055-S29,PIT-055,FARM-10,Sorghum (Jowar),20,4.69,69.1,30.2,22.2,30.93,Unsafe,AGRONOMIC_MULTIFACTOR_REFERENCE
PIT-055-S30,PIT-055,FARM-10,Sorghum (Jowar),20,4.55,70.3,31.1,22.9,29.73,Unsafe,AGRONOMIC_MULTIFACTOR_REFERENCE
PIT-055-S31,PIT-055,FARM-10,Sorghum (Jowar),40,4.7,67.4,28.6,21.8,32.59,Caution,AGRONOMIC_MULTIFACTOR_REFERENCE
PIT-055-S32,PIT-055,FARM-10,Sorghum (Jowar),80,4.51,68.9,29.2,23.6,31.08,Caution,AGRONOMIC_MULTIFACTOR_REFERENCE
PIT-055-S33,PIT-055,FARM-10,Sorghum (Jowar),80,4.53,71.1,29.6,22.5,28.85,Unsafe,AGRONOMIC_MULTIFACTOR_REFERENCE
PIT-055-S34,PIT-055,FARM-10,Sorghum (Jowar),20,4.52,70.9,29.0,23.9,29.07,Caution,AGRONOMIC_MULTIFACTOR_REFERENCE
PIT-055-S35,PIT-055,FARM-10,Sorghum (Jowar),80,4.48,71.8,28.9,23.7,28.2,Caution,AGRONOMIC_MULTIFACTOR_REFERENCE
PIT-055-S36,PIT-055,FARM-10,Sorghum (Jowar),40,4.49,71.5,28.6,23.7,28.54,Caution,AGRONOMIC_MULTIFACTOR_REFERENCE
PIT-055-S37,PIT-055,FARM-10,Sorghum (Jowar),40,4.44,70.1,29.1,23.3,29.85,Caution,AGRONOMIC_MULTIFACTOR_REFERENCE
PIT-055-S38,PIT-055,FARM-10,Sorghum (Jowar),60,4.63,68.5,26.4,21.1,31.54,Caution,AGRONOMIC_MULTIFACTOR_REFERENCE
PIT-055-S39,PIT-055,FARM-10,Sorghum (Jowar),40,4.59,69.2,26.0,21.8,30.75,Caution,AGRONOMIC_MULTIFACTOR_REFERENCE
PIT-055-S40,PIT-055,FARM-10,Sorghum (Jowar),60,4.49,71.4,30.9,23.8,28.64,Unsafe,AGRONOMIC_MULTIFACTOR_REFERENCE
PIT-056-S01,PIT-056,FARM-10,Lucerne Mix,20,3.87,59.4,31.7,29.0,40.62,Safe,AGRONOMIC_MULTIFACTOR_REFERENCE
PIT-056-S02,PIT-056,FARM-10,Lucerne Mix,80,3.93,57.8,28.7,28.0,42.17,Safe,AGRONOMIC_MULTIFACTOR_REFERENCE
PIT-056-S03,PIT-056,FARM-10,Lucerne Mix,60,3.97,62.8,30.3,28.8,37.17,Safe,AGRONOMIC_MULTIFACTOR_REFERENCE
PIT-056-S04,PIT-056,FARM-10,Lucerne Mix,40,3.95,62.7,30.6,28.9,37.31,Safe,AGRONOMIC_MULTIFACTOR_REFERENCE
PIT-056-S05,PIT-056,FARM-10,Lucerne Mix,80,3.85,61.6,30.1,29.0,38.4,Safe,AGRONOMIC_MULTIFACTOR_REFERENCE
PIT-056-S06,PIT-056,FARM-10,Lucerne Mix,20,4.01,63.9,30.1,28.9,36.13,Safe,AGRONOMIC_MULTIFACTOR_REFERENCE
PIT-056-S07,PIT-056,FARM-10,Lucerne Mix,20,4.07,59.0,30.2,27.8,41.01,Safe,AGRONOMIC_MULTIFACTOR_REFERENCE
PIT-056-S08,PIT-056,FARM-10,Lucerne Mix,20,4.03,59.2,29.7,28.3,40.79,Safe,AGRONOMIC_MULTIFACTOR_REFERENCE
PIT-056-S09,PIT-056,FARM-10,Lucerne Mix,40,3.88,63.2,30.8,29.2,36.85,Safe,AGRONOMIC_MULTIFACTOR_REFERENCE
PIT-056-S10,PIT-056,FARM-10,Lucerne Mix,80,3.81,59.0,31.2,29.8,40.98,Safe,AGRONOMIC_MULTIFACTOR_REFERENCE
PIT-056-S11,PIT-056,FARM-10,Lucerne Mix,20,3.88,62.7,30.3,28.6,37.25,Safe,AGRONOMIC_MULTIFACTOR_REFERENCE
PIT-056-S12,PIT-056,FARM-10,Lucerne Mix,40,3.99,60.1,30.1,28.4,39.88,Safe,AGRONOMIC_MULTIFACTOR_REFERENCE
PIT-056-S13,PIT-056,FARM-10,Lucerne Mix,40,3.88,62.7,30.9,30.1,37.34,Safe,AGRONOMIC_MULTIFACTOR_REFERENCE
PIT-056-S14,PIT-056,FARM-10,Lucerne Mix,80,3.68,57.9,28.6,28.5,42.15,Safe,AGRONOMIC_MULTIFACTOR_REFERENCE
PIT-056-S15,PIT-056,FARM-10,Lucerne Mix,20,3.99,61.7,27.4,27.4,38.31,Safe,AGRONOMIC_MULTIFACTOR_REFERENCE
PIT-056-S16,PIT-056,FARM-10,Lucerne Mix,20,4.0,61.7,28.5,28.3,38.3,Safe,AGRONOMIC_MULTIFACTOR_REFERENCE
PIT-056-S17,PIT-056,FARM-10,Lucerne Mix,60,3.97,63.7,29.1,28.9,36.26,Safe,AGRONOMIC_MULTIFACTOR_REFERENCE
PIT-056-S18,PIT-056,FARM-10,Lucerne Mix,20,3.97,59.0,31.6,29.5,41.01,Safe,AGRONOMIC_MULTIFACTOR_REFERENCE
PIT-056-S19,PIT-056,FARM-10,Lucerne Mix,80,3.67,60.9,29.5,29.0,39.09,Safe,AGRONOMIC_MULTIFACTOR_REFERENCE
PIT-056-S20,PIT-056,FARM-10,Lucerne Mix,40,3.91,59.2,30.0,29.1,40.75,Safe,AGRONOMIC_MULTIFACTOR_REFERENCE
PIT-056-S21,PIT-056,FARM-10,Lucerne Mix,80,3.62,60.8,29.8,29.4,39.21,Safe,AGRONOMIC_MULTIFACTOR_REFERENCE
PIT-056-S22,PIT-056,FARM-10,Lucerne Mix,20,4.18,62.2,30.8,28.9,37.77,Safe,AGRONOMIC_MULTIFACTOR_REFERENCE
PIT-056-S23,PIT-056,FARM-10,Lucerne Mix,40,3.93,61.0,30.6,28.4,39.02,Safe,AGRONOMIC_MULTIFACTOR_REFERENCE
PIT-056-S24,PIT-056,FARM-10,Lucerne Mix,80,3.77,59.5,30.8,27.7,40.48,Caution,AGRONOMIC_MULTIFACTOR_REFERENCE
PIT-056-S25,PIT-056,FARM-10,Lucerne Mix,20,4.03,62.0,30.5,27.8,38.0,Safe,AGRONOMIC_MULTIFACTOR_REFERENCE
PIT-056-S26,PIT-056,FARM-10,Lucerne Mix,20,3.95,61.8,30.0,27.9,38.16,Safe,AGRONOMIC_MULTIFACTOR_REFERENCE
PIT-056-S27,PIT-056,FARM-10,Lucerne Mix,20,3.92,60.1,29.5,29.2,39.92,Safe,AGRONOMIC_MULTIFACTOR_REFERENCE
PIT-056-S28,PIT-056,FARM-10,Lucerne Mix,60,3.98,62.7,28.2,27.9,37.31,Safe,AGRONOMIC_MULTIFACTOR_REFERENCE
PIT-056-S29,PIT-056,FARM-10,Lucerne Mix,60,3.88,62.0,30.2,28.5,38.04,Safe,AGRONOMIC_MULTIFACTOR_REFERENCE
PIT-056-S30,PIT-056,FARM-10,Lucerne Mix,60,4.12,60.5,29.4,27.3,39.46,Safe,AGRONOMIC_MULTIFACTOR_REFERENCE
PIT-056-S31,PIT-056,FARM-10,Lucerne Mix,40,4.14,62.2,29.2,27.8,37.84,Safe,AGRONOMIC_MULTIFACTOR_REFERENCE
PIT-056-S32,PIT-056,FARM-10,Lucerne Mix,80,3.74,62.6,28.0,27.6,37.39,Safe,AGRONOMIC_MULTIFACTOR_REFERENCE
PIT-056-S33,PIT-056,FARM-10,Lucerne Mix,40,3.82,61.7,30.1,28.4,38.32,Safe,AGRONOMIC_MULTIFACTOR_REFERENCE
PIT-056-S34,PIT-056,FARM-10,Lucerne Mix,40,3.94,59.7,30.7,29.1,40.32,Safe,AGRONOMIC_MULTIFACTOR_REFERENCE
PIT-056-S35,PIT-056,FARM-10,Lucerne Mix,20,3.85,65.5,30.9,29.0,34.51,Safe,AGRONOMIC_MULTIFACTOR_REFERENCE
PIT-056-S36,PIT-056,FARM-10,Lucerne Mix,20,4.14,64.8,30.9,28.5,35.23,Safe,AGRONOMIC_MULTIFACTOR_REFERENCE
PIT-056-S37,PIT-056,FARM-10,Lucerne Mix,40,3.82,61.2,30.3,28.5,38.81,Safe,AGRONOMIC_MULTIFACTOR_REFERENCE
PIT-056-S38,PIT-056,FARM-10,Lucerne Mix,80,3.92,62.5,28.3,28.8,37.54,Safe,AGRONOMIC_MULTIFACTOR_REFERENCE
PIT-056-S39,PIT-056,FARM-10,Lucerne Mix,60,3.8,60.5,30.8,28.4,39.53,Safe,AGRONOMIC_MULTIFACTOR_REFERENCE
PIT-056-S40,PIT-056,FARM-10,Lucerne Mix,40,3.8,60.8,30.7,29.4,39.19,Safe,AGRONOMIC_MULTIFACTOR_REFERENCE
PIT-057-S01,PIT-057,FARM-10,Corn Silage,20,4.5,56.9,27.3,23.1,43.1,Caution,AGRONOMIC_MULTIFACTOR_REFERENCE
PIT-057-S02,PIT-057,FARM-10,Corn Silage,80,4.43,54.4,26.2,22.6,45.63,Caution,AGRONOMIC_MULTIFACTOR_REFERENCE
PIT-057-S03,PIT-057,FARM-10,Corn Silage,60,4.44,59.8,27.9,22.6,40.17,Caution,AGRONOMIC_MULTIFACTOR_REFERENCE
PIT-057-S04,PIT-057,FARM-10,Corn Silage,80,4.27,59.5,25.8,23.5,40.46,Caution,AGRONOMIC_MULTIFACTOR_REFERENCE
PIT-057-S05,PIT-057,FARM-10,Corn Silage,60,4.42,57.1,26.8,23.4,42.95,Caution,AGRONOMIC_MULTIFACTOR_REFERENCE
PIT-057-S06,PIT-057,FARM-10,Corn Silage,40,4.37,59.6,27.8,22.8,40.39,Caution,AGRONOMIC_MULTIFACTOR_REFERENCE
PIT-057-S07,PIT-057,FARM-10,Corn Silage,40,4.38,60.1,25.8,22.3,39.85,Caution,AGRONOMIC_MULTIFACTOR_REFERENCE
PIT-057-S08,PIT-057,FARM-10,Corn Silage,60,4.56,56.3,28.8,24.1,43.65,Caution,AGRONOMIC_MULTIFACTOR_REFERENCE
PIT-057-S09,PIT-057,FARM-10,Corn Silage,20,4.42,53.9,27.5,22.9,46.12,Unsafe,AGRONOMIC_MULTIFACTOR_REFERENCE
PIT-057-S10,PIT-057,FARM-10,Corn Silage,40,4.55,60.0,27.3,22.3,39.99,Caution,AGRONOMIC_MULTIFACTOR_REFERENCE
PIT-057-S11,PIT-057,FARM-10,Corn Silage,60,4.47,59.1,24.8,23.3,40.92,Caution,AGRONOMIC_MULTIFACTOR_REFERENCE
PIT-057-S12,PIT-057,FARM-10,Corn Silage,20,4.42,55.1,28.3,22.7,44.93,Caution,AGRONOMIC_MULTIFACTOR_REFERENCE
PIT-057-S13,PIT-057,FARM-10,Corn Silage,60,4.42,59.2,25.4,23.1,40.79,Caution,AGRONOMIC_MULTIFACTOR_REFERENCE
PIT-057-S14,PIT-057,FARM-10,Corn Silage,40,4.11,57.4,25.7,22.7,42.59,Caution,AGRONOMIC_MULTIFACTOR_REFERENCE
PIT-057-S15,PIT-057,FARM-10,Corn Silage,40,4.21,55.8,27.5,22.7,44.18,Caution,AGRONOMIC_MULTIFACTOR_REFERENCE
PIT-057-S16,PIT-057,FARM-10,Corn Silage,80,4.37,60.0,26.3,22.0,39.96,Caution,AGRONOMIC_MULTIFACTOR_REFERENCE
PIT-057-S17,PIT-057,FARM-10,Corn Silage,60,4.39,58.4,27.4,22.5,41.6,Caution,AGRONOMIC_MULTIFACTOR_REFERENCE
PIT-057-S18,PIT-057,FARM-10,Corn Silage,20,4.48,55.9,27.1,22.9,44.08,Caution,AGRONOMIC_MULTIFACTOR_REFERENCE
PIT-057-S19,PIT-057,FARM-10,Corn Silage,40,4.47,55.0,27.4,22.8,44.98,Caution,AGRONOMIC_MULTIFACTOR_REFERENCE
PIT-057-S20,PIT-057,FARM-10,Corn Silage,80,4.35,59.6,26.8,23.5,40.43,Caution,AGRONOMIC_MULTIFACTOR_REFERENCE
PIT-057-S21,PIT-057,FARM-10,Corn Silage,80,4.38,57.7,24.5,23.2,42.32,Caution,AGRONOMIC_MULTIFACTOR_REFERENCE
PIT-057-S22,PIT-057,FARM-10,Corn Silage,20,4.4,54.5,28.3,23.9,45.53,Caution,AGRONOMIC_MULTIFACTOR_REFERENCE
PIT-057-S23,PIT-057,FARM-10,Corn Silage,40,4.39,58.8,26.1,23.2,41.24,Caution,AGRONOMIC_MULTIFACTOR_REFERENCE
PIT-057-S24,PIT-057,FARM-10,Corn Silage,80,4.34,56.5,24.0,21.5,43.46,Caution,AGRONOMIC_MULTIFACTOR_REFERENCE
PIT-057-S25,PIT-057,FARM-10,Corn Silage,20,4.42,56.9,27.4,21.7,43.06,Caution,AGRONOMIC_MULTIFACTOR_REFERENCE
PIT-057-S26,PIT-057,FARM-10,Corn Silage,20,4.43,57.2,26.8,23.2,42.79,Caution,AGRONOMIC_MULTIFACTOR_REFERENCE
PIT-057-S27,PIT-057,FARM-10,Corn Silage,60,4.44,56.5,26.5,22.1,43.51,Caution,AGRONOMIC_MULTIFACTOR_REFERENCE
PIT-057-S28,PIT-057,FARM-10,Corn Silage,60,4.56,58.5,26.7,23.6,41.55,Caution,AGRONOMIC_MULTIFACTOR_REFERENCE
PIT-057-S29,PIT-057,FARM-10,Corn Silage,40,4.22,59.8,30.3,24.5,40.17,Caution,AGRONOMIC_MULTIFACTOR_REFERENCE
PIT-057-S30,PIT-057,FARM-10,Corn Silage,80,4.31,55.1,23.5,22.0,44.93,Caution,AGRONOMIC_MULTIFACTOR_REFERENCE
PIT-057-S31,PIT-057,FARM-10,Corn Silage,80,4.34,60.0,26.4,22.8,39.96,Caution,AGRONOMIC_MULTIFACTOR_REFERENCE
PIT-057-S32,PIT-057,FARM-10,Corn Silage,60,4.55,56.4,30.4,24.5,43.58,Caution,AGRONOMIC_MULTIFACTOR_REFERENCE
PIT-057-S33,PIT-057,FARM-10,Corn Silage,40,4.39,56.1,27.1,23.4,43.89,Caution,AGRONOMIC_MULTIFACTOR_REFERENCE
PIT-057-S34,PIT-057,FARM-10,Corn Silage,80,4.21,59.5,27.3,23.8,40.55,Caution,AGRONOMIC_MULTIFACTOR_REFERENCE
PIT-057-S35,PIT-057,FARM-10,Corn Silage,20,4.29,54.9,26.9,23.0,45.07,Caution,AGRONOMIC_MULTIFACTOR_REFERENCE
PIT-057-S36,PIT-057,FARM-10,Corn Silage,20,4.4,59.0,29.5,23.5,41.01,Caution,AGRONOMIC_MULTIFACTOR_REFERENCE
PIT-057-S37,PIT-057,FARM-10,Corn Silage,20,4.32,56.5,28.5,23.5,43.47,Caution,AGRONOMIC_MULTIFACTOR_REFERENCE
PIT-057-S38,PIT-057,FARM-10,Corn Silage,20,4.62,57.9,29.4,24.3,42.1,Caution,AGRONOMIC_MULTIFACTOR_REFERENCE
PIT-057-S39,PIT-057,FARM-10,Corn Silage,60,4.51,56.6,27.6,22.9,43.44,Caution,AGRONOMIC_MULTIFACTOR_REFERENCE
PIT-057-S40,PIT-057,FARM-10,Corn Silage,40,4.6,58.5,28.4,22.8,41.54,Caution,AGRONOMIC_MULTIFACTOR_REFERENCE
PIT-058-S01,PIT-058,FARM-10,Hybrid Napier Grass,80,3.52,62.8,28.4,27.6,37.22,Safe,AGRONOMIC_MULTIFACTOR_REFERENCE
PIT-058-S02,PIT-058,FARM-10,Hybrid Napier Grass,80,3.85,65.5,27.4,27.5,34.54,Safe,AGRONOMIC_MULTIFACTOR_REFERENCE
PIT-058-S03,PIT-058,FARM-10,Hybrid Napier Grass,80,3.85,67.1,31.0,28.0,32.87,Safe,AGRONOMIC_MULTIFACTOR_REFERENCE
PIT-058-S04,PIT-058,FARM-10,Hybrid Napier Grass,20,3.9,65.8,27.2,25.8,34.17,Safe,AGRONOMIC_MULTIFACTOR_REFERENCE
PIT-058-S05,PIT-058,FARM-10,Hybrid Napier Grass,40,3.82,67.2,29.0,26.6,32.77,Safe,AGRONOMIC_MULTIFACTOR_REFERENCE
PIT-058-S06,PIT-058,FARM-10,Hybrid Napier Grass,60,3.81,65.0,28.0,27.3,34.98,Safe,AGRONOMIC_MULTIFACTOR_REFERENCE
PIT-058-S07,PIT-058,FARM-10,Hybrid Napier Grass,20,3.82,62.3,28.3,26.9,37.73,Safe,AGRONOMIC_MULTIFACTOR_REFERENCE
PIT-058-S08,PIT-058,FARM-10,Hybrid Napier Grass,60,3.75,66.1,29.0,27.6,33.91,Safe,AGRONOMIC_MULTIFACTOR_REFERENCE
PIT-058-S09,PIT-058,FARM-10,Hybrid Napier Grass,20,3.99,66.4,28.3,26.8,33.62,Safe,AGRONOMIC_MULTIFACTOR_REFERENCE
PIT-058-S10,PIT-058,FARM-10,Hybrid Napier Grass,40,3.88,66.4,31.1,28.2,33.63,Safe,AGRONOMIC_MULTIFACTOR_REFERENCE
PIT-058-S11,PIT-058,FARM-10,Hybrid Napier Grass,40,3.77,65.2,30.3,27.6,34.84,Safe,AGRONOMIC_MULTIFACTOR_REFERENCE
PIT-058-S12,PIT-058,FARM-10,Hybrid Napier Grass,60,3.92,65.2,26.1,26.1,34.77,Safe,AGRONOMIC_MULTIFACTOR_REFERENCE
PIT-058-S13,PIT-058,FARM-10,Hybrid Napier Grass,80,3.81,66.0,27.0,26.2,34.04,Safe,AGRONOMIC_MULTIFACTOR_REFERENCE
PIT-058-S14,PIT-058,FARM-10,Hybrid Napier Grass,20,3.95,63.3,29.5,28.0,36.73,Safe,AGRONOMIC_MULTIFACTOR_REFERENCE
PIT-058-S15,PIT-058,FARM-10,Hybrid Napier Grass,60,3.96,64.4,26.9,26.2,35.62,Safe,AGRONOMIC_MULTIFACTOR_REFERENCE
PIT-058-S16,PIT-058,FARM-10,Hybrid Napier Grass,80,3.77,64.6,28.0,26.9,35.36,Safe,AGRONOMIC_MULTIFACTOR_REFERENCE
PIT-058-S17,PIT-058,FARM-10,Hybrid Napier Grass,40,3.82,65.2,27.7,25.7,34.78,Safe,AGRONOMIC_MULTIFACTOR_REFERENCE
PIT-058-S18,PIT-058,FARM-10,Hybrid Napier Grass,20,3.86,68.2,26.3,26.3,31.76,Safe,AGRONOMIC_MULTIFACTOR_REFERENCE
PIT-058-S19,PIT-058,FARM-10,Hybrid Napier Grass,40,3.91,66.0,26.1,26.3,34.04,Safe,AGRONOMIC_MULTIFACTOR_REFERENCE
PIT-058-S20,PIT-058,FARM-10,Hybrid Napier Grass,20,4.05,67.9,26.5,25.1,32.11,Safe,AGRONOMIC_MULTIFACTOR_REFERENCE
PIT-058-S21,PIT-058,FARM-10,Hybrid Napier Grass,80,3.98,64.5,27.1,26.7,35.52,Safe,AGRONOMIC_MULTIFACTOR_REFERENCE
PIT-058-S22,PIT-058,FARM-10,Hybrid Napier Grass,20,3.74,62.3,27.8,27.9,37.73,Safe,AGRONOMIC_MULTIFACTOR_REFERENCE
PIT-058-S23,PIT-058,FARM-10,Hybrid Napier Grass,80,3.81,66.9,25.7,25.9,33.06,Safe,AGRONOMIC_MULTIFACTOR_REFERENCE
PIT-058-S24,PIT-058,FARM-10,Hybrid Napier Grass,20,4.02,66.3,29.9,26.6,33.7,Safe,AGRONOMIC_MULTIFACTOR_REFERENCE
PIT-058-S25,PIT-058,FARM-10,Hybrid Napier Grass,60,3.95,65.8,27.1,26.3,34.17,Safe,AGRONOMIC_MULTIFACTOR_REFERENCE
PIT-058-S26,PIT-058,FARM-10,Hybrid Napier Grass,40,3.87,65.0,27.7,27.8,35.0,Safe,AGRONOMIC_MULTIFACTOR_REFERENCE
PIT-058-S27,PIT-058,FARM-10,Hybrid Napier Grass,20,3.69,65.7,28.0,26.7,34.33,Safe,AGRONOMIC_MULTIFACTOR_REFERENCE
PIT-058-S28,PIT-058,FARM-10,Hybrid Napier Grass,20,3.66,65.4,29.7,27.0,34.62,Safe,AGRONOMIC_MULTIFACTOR_REFERENCE
PIT-058-S29,PIT-058,FARM-10,Hybrid Napier Grass,40,3.85,65.1,28.1,28.0,34.9,Safe,AGRONOMIC_MULTIFACTOR_REFERENCE
PIT-058-S30,PIT-058,FARM-10,Hybrid Napier Grass,20,3.93,62.3,27.0,26.4,37.67,Safe,AGRONOMIC_MULTIFACTOR_REFERENCE
PIT-058-S31,PIT-058,FARM-10,Hybrid Napier Grass,40,3.93,65.2,27.4,27.1,34.78,Safe,AGRONOMIC_MULTIFACTOR_REFERENCE
PIT-058-S32,PIT-058,FARM-10,Hybrid Napier Grass,80,3.74,64.0,27.1,27.4,36.03,Safe,AGRONOMIC_MULTIFACTOR_REFERENCE
PIT-058-S33,PIT-058,FARM-10,Hybrid Napier Grass,60,3.97,62.3,29.4,26.4,37.67,Safe,AGRONOMIC_MULTIFACTOR_REFERENCE
PIT-058-S34,PIT-058,FARM-10,Hybrid Napier Grass,60,3.76,63.0,27.9,27.2,37.03,Safe,AGRONOMIC_MULTIFACTOR_REFERENCE
PIT-058-S35,PIT-058,FARM-10,Hybrid Napier Grass,40,3.74,63.4,30.6,29.3,36.63,Safe,AGRONOMIC_MULTIFACTOR_REFERENCE
PIT-058-S36,PIT-058,FARM-10,Hybrid Napier Grass,60,3.58,68.0,27.9,27.6,31.97,Safe,AGRONOMIC_MULTIFACTOR_REFERENCE
PIT-058-S37,PIT-058,FARM-10,Hybrid Napier Grass,40,3.73,66.6,26.3,26.9,33.45,Safe,AGRONOMIC_MULTIFACTOR_REFERENCE
PIT-058-S38,PIT-058,FARM-10,Hybrid Napier Grass,60,4.02,64.6,30.8,28.3,35.44,Safe,AGRONOMIC_MULTIFACTOR_REFERENCE
PIT-058-S39,PIT-058,FARM-10,Hybrid Napier Grass,20,3.75,67.2,26.5,26.5,32.8,Safe,AGRONOMIC_MULTIFACTOR_REFERENCE
PIT-058-S40,PIT-058,FARM-10,Hybrid Napier Grass,20,3.82,66.1,28.3,26.7,33.94,Safe,AGRONOMIC_MULTIFACTOR_REFERENCE
PIT-059-S01,PIT-059,FARM-10,Sorghum (Jowar),20,4.13,64.1,27.3,24.0,35.93,Safe,AGRONOMIC_MULTIFACTOR_REFERENCE
PIT-059-S02,PIT-059,FARM-10,Sorghum (Jowar),80,3.93,59.3,26.8,25.0,40.66,Safe,AGRONOMIC_MULTIFACTOR_REFERENCE
PIT-059-S03,PIT-059,FARM-10,Sorghum (Jowar),80,3.9,65.5,25.8,24.1,34.51,Safe,AGRONOMIC_MULTIFACTOR_REFERENCE
PIT-059-S04,PIT-059,FARM-10,Sorghum (Jowar),60,3.74,64.6,26.9,26.2,35.39,Safe,AGRONOMIC_MULTIFACTOR_REFERENCE
PIT-059-S05,PIT-059,FARM-10,Sorghum (Jowar),20,3.9,62.6,26.1,24.7,37.4,Safe,AGRONOMIC_MULTIFACTOR_REFERENCE
PIT-059-S06,PIT-059,FARM-10,Sorghum (Jowar),80,3.95,65.4,24.5,25.1,34.59,Safe,AGRONOMIC_MULTIFACTOR_REFERENCE
PIT-059-S07,PIT-059,FARM-10,Sorghum (Jowar),40,4.08,65.6,27.9,25.3,34.43,Safe,AGRONOMIC_MULTIFACTOR_REFERENCE
PIT-059-S08,PIT-059,FARM-10,Sorghum (Jowar),60,3.96,65.7,26.9,26.2,34.26,Safe,AGRONOMIC_MULTIFACTOR_REFERENCE
PIT-059-S09,PIT-059,FARM-10,Sorghum (Jowar),40,4.09,63.7,25.0,24.5,36.27,Safe,AGRONOMIC_MULTIFACTOR_REFERENCE
PIT-059-S10,PIT-059,FARM-10,Sorghum (Jowar),60,3.9,62.1,24.8,24.3,37.91,Safe,AGRONOMIC_MULTIFACTOR_REFERENCE
PIT-059-S11,PIT-059,FARM-10,Sorghum (Jowar),20,3.94,63.2,25.5,24.7,36.85,Safe,AGRONOMIC_MULTIFACTOR_REFERENCE
PIT-059-S12,PIT-059,FARM-10,Sorghum (Jowar),20,3.82,64.5,27.7,24.0,35.47,Safe,AGRONOMIC_MULTIFACTOR_REFERENCE
PIT-059-S13,PIT-059,FARM-10,Sorghum (Jowar),40,3.99,65.0,27.6,25.8,35.03,Safe,AGRONOMIC_MULTIFACTOR_REFERENCE
PIT-059-S14,PIT-059,FARM-10,Sorghum (Jowar),20,3.92,65.5,27.4,25.0,34.55,Safe,AGRONOMIC_MULTIFACTOR_REFERENCE
PIT-059-S15,PIT-059,FARM-10,Sorghum (Jowar),20,4.16,63.5,27.2,24.7,36.5,Safe,AGRONOMIC_MULTIFACTOR_REFERENCE
PIT-059-S16,PIT-059,FARM-10,Sorghum (Jowar),20,3.88,64.0,28.8,25.7,35.98,Safe,AGRONOMIC_MULTIFACTOR_REFERENCE
PIT-059-S17,PIT-059,FARM-10,Sorghum (Jowar),40,3.97,63.6,27.9,24.9,36.41,Safe,AGRONOMIC_MULTIFACTOR_REFERENCE
PIT-059-S18,PIT-059,FARM-10,Sorghum (Jowar),20,4.06,63.3,28.0,24.9,36.72,Safe,AGRONOMIC_MULTIFACTOR_REFERENCE
PIT-059-S19,PIT-059,FARM-10,Sorghum (Jowar),80,3.78,64.2,24.8,22.9,35.82,Safe,AGRONOMIC_MULTIFACTOR_REFERENCE
PIT-059-S20,PIT-059,FARM-10,Sorghum (Jowar),60,4.01,65.2,26.4,24.3,34.77,Safe,AGRONOMIC_MULTIFACTOR_REFERENCE
PIT-059-S21,PIT-059,FARM-10,Sorghum (Jowar),80,4.07,66.4,26.1,24.6,33.57,Safe,AGRONOMIC_MULTIFACTOR_REFERENCE
PIT-059-S22,PIT-059,FARM-10,Sorghum (Jowar),40,4.09,61.2,28.0,24.4,38.82,Safe,AGRONOMIC_MULTIFACTOR_REFERENCE
PIT-059-S23,PIT-059,FARM-10,Sorghum (Jowar),40,4.08,64.5,25.5,23.4,35.45,Safe,AGRONOMIC_MULTIFACTOR_REFERENCE
PIT-059-S24,PIT-059,FARM-10,Sorghum (Jowar),20,3.92,64.5,25.4,24.0,35.52,Safe,AGRONOMIC_MULTIFACTOR_REFERENCE
PIT-059-S25,PIT-059,FARM-10,Sorghum (Jowar),80,3.65,66.1,25.8,24.3,33.92,Safe,AGRONOMIC_MULTIFACTOR_REFERENCE
PIT-059-S26,PIT-059,FARM-10,Sorghum (Jowar),40,3.96,62.0,24.7,23.6,38.04,Safe,AGRONOMIC_MULTIFACTOR_REFERENCE
PIT-059-S27,PIT-059,FARM-10,Sorghum (Jowar),60,3.84,64.5,27.7,24.0,35.46,Safe,AGRONOMIC_MULTIFACTOR_REFERENCE
PIT-059-S28,PIT-059,FARM-10,Sorghum (Jowar),40,4.08,65.3,28.4,24.5,34.66,Safe,AGRONOMIC_MULTIFACTOR_REFERENCE
PIT-059-S29,PIT-059,FARM-10,Sorghum (Jowar),80,3.88,63.8,26.9,24.8,36.18,Safe,AGRONOMIC_MULTIFACTOR_REFERENCE
PIT-059-S30,PIT-059,FARM-10,Sorghum (Jowar),60,4.01,63.0,26.7,24.2,36.97,Safe,AGRONOMIC_MULTIFACTOR_REFERENCE
PIT-059-S31,PIT-059,FARM-10,Sorghum (Jowar),60,4.02,63.2,24.9,23.4,36.83,Safe,AGRONOMIC_MULTIFACTOR_REFERENCE
PIT-059-S32,PIT-059,FARM-10,Sorghum (Jowar),20,4.07,67.1,25.8,23.7,32.87,Safe,AGRONOMIC_MULTIFACTOR_REFERENCE
PIT-059-S33,PIT-059,FARM-10,Sorghum (Jowar),60,3.88,66.3,25.4,24.6,33.68,Safe,AGRONOMIC_MULTIFACTOR_REFERENCE
PIT-059-S34,PIT-059,FARM-10,Sorghum (Jowar),20,4.06,63.2,25.2,23.6,36.85,Safe,AGRONOMIC_MULTIFACTOR_REFERENCE
PIT-059-S35,PIT-059,FARM-10,Sorghum (Jowar),20,4.2,64.6,27.0,24.7,35.43,Safe,AGRONOMIC_MULTIFACTOR_REFERENCE
PIT-059-S36,PIT-059,FARM-10,Sorghum (Jowar),40,4.0,64.4,27.1,24.9,35.61,Safe,AGRONOMIC_MULTIFACTOR_REFERENCE
PIT-059-S37,PIT-059,FARM-10,Sorghum (Jowar),40,4.07,63.9,25.3,23.8,36.08,Safe,AGRONOMIC_MULTIFACTOR_REFERENCE
PIT-059-S38,PIT-059,FARM-10,Sorghum (Jowar),20,3.75,67.5,27.0,25.3,32.47,Safe,AGRONOMIC_MULTIFACTOR_REFERENCE
PIT-059-S39,PIT-059,FARM-10,Sorghum (Jowar),80,3.87,62.7,25.7,25.9,37.27,Safe,AGRONOMIC_MULTIFACTOR_REFERENCE
PIT-059-S40,PIT-059,FARM-10,Sorghum (Jowar),20,4.01,63.7,27.7,25.3,36.31,Safe,AGRONOMIC_MULTIFACTOR_REFERENCE
PIT-060-S01,PIT-060,FARM-10,Lucerne Mix,40,6.37,79.5,35.4,26.8,20.49,Unsafe,AGRONOMIC_MULTIFACTOR_REFERENCE
PIT-060-S02,PIT-060,FARM-10,Lucerne Mix,60,6.72,76.8,34.4,26.9,23.17,Unsafe,AGRONOMIC_MULTIFACTOR_REFERENCE
PIT-060-S03,PIT-060,FARM-10,Lucerne Mix,60,6.5,81.3,36.0,27.4,18.71,Unsafe,AGRONOMIC_MULTIFACTOR_REFERENCE
PIT-060-S04,PIT-060,FARM-10,Lucerne Mix,40,6.5,80.4,35.9,28.2,19.62,Unsafe,AGRONOMIC_MULTIFACTOR_REFERENCE
PIT-060-S05,PIT-060,FARM-10,Lucerne Mix,80,6.61,80.1,35.9,28.4,19.94,Unsafe,AGRONOMIC_MULTIFACTOR_REFERENCE
PIT-060-S06,PIT-060,FARM-10,Lucerne Mix,60,6.59,79.9,35.9,27.5,20.11,Unsafe,AGRONOMIC_MULTIFACTOR_REFERENCE
PIT-060-S07,PIT-060,FARM-10,Lucerne Mix,80,6.58,77.7,34.4,28.7,22.29,Unsafe,AGRONOMIC_MULTIFACTOR_REFERENCE
PIT-060-S08,PIT-060,FARM-10,Lucerne Mix,40,6.5,79.8,38.2,27.9,20.21,Unsafe,AGRONOMIC_MULTIFACTOR_REFERENCE
PIT-060-S09,PIT-060,FARM-10,Lucerne Mix,40,6.36,79.0,34.4,25.8,20.95,Unsafe,AGRONOMIC_MULTIFACTOR_REFERENCE
PIT-060-S10,PIT-060,FARM-10,Lucerne Mix,40,6.61,82.8,37.3,27.6,17.17,Unsafe,AGRONOMIC_MULTIFACTOR_REFERENCE
PIT-060-S11,PIT-060,FARM-10,Lucerne Mix,20,6.68,79.2,35.7,26.4,20.82,Unsafe,AGRONOMIC_MULTIFACTOR_REFERENCE
PIT-060-S12,PIT-060,FARM-10,Lucerne Mix,80,6.34,82.3,36.5,27.4,17.71,Unsafe,AGRONOMIC_MULTIFACTOR_REFERENCE
PIT-060-S13,PIT-060,FARM-10,Lucerne Mix,20,6.55,80.4,36.6,27.7,19.55,Unsafe,AGRONOMIC_MULTIFACTOR_REFERENCE
PIT-060-S14,PIT-060,FARM-10,Lucerne Mix,40,6.53,80.7,34.0,26.8,19.33,Unsafe,AGRONOMIC_MULTIFACTOR_REFERENCE
PIT-060-S15,PIT-060,FARM-10,Lucerne Mix,60,6.7,81.3,37.6,27.6,18.73,Unsafe,AGRONOMIC_MULTIFACTOR_REFERENCE
PIT-060-S16,PIT-060,FARM-10,Lucerne Mix,20,6.58,82.3,35.5,27.7,17.66,Unsafe,AGRONOMIC_MULTIFACTOR_REFERENCE
PIT-060-S17,PIT-060,FARM-10,Lucerne Mix,60,6.77,81.7,36.4,27.4,18.25,Unsafe,AGRONOMIC_MULTIFACTOR_REFERENCE
PIT-060-S18,PIT-060,FARM-10,Lucerne Mix,20,6.56,81.5,33.5,25.6,18.55,Unsafe,AGRONOMIC_MULTIFACTOR_REFERENCE
PIT-060-S19,PIT-060,FARM-10,Lucerne Mix,80,6.64,79.5,34.0,27.7,20.49,Unsafe,AGRONOMIC_MULTIFACTOR_REFERENCE
PIT-060-S20,PIT-060,FARM-10,Lucerne Mix,60,6.77,82.1,35.1,27.4,17.9,Unsafe,AGRONOMIC_MULTIFACTOR_REFERENCE
PIT-060-S21,PIT-060,FARM-10,Lucerne Mix,20,6.73,83.5,39.6,28.3,16.47,Unsafe,AGRONOMIC_MULTIFACTOR_REFERENCE
PIT-060-S22,PIT-060,FARM-10,Lucerne Mix,40,6.47,78.5,35.6,26.6,21.51,Unsafe,AGRONOMIC_MULTIFACTOR_REFERENCE
PIT-060-S23,PIT-060,FARM-10,Lucerne Mix,40,6.6,79.7,38.1,28.2,20.31,Unsafe,AGRONOMIC_MULTIFACTOR_REFERENCE
PIT-060-S24,PIT-060,FARM-10,Lucerne Mix,80,6.34,78.9,35.4,28.2,21.11,Unsafe,AGRONOMIC_MULTIFACTOR_REFERENCE
PIT-060-S25,PIT-060,FARM-10,Lucerne Mix,80,6.42,81.8,33.9,26.5,18.2,Unsafe,AGRONOMIC_MULTIFACTOR_REFERENCE
PIT-060-S26,PIT-060,FARM-10,Lucerne Mix,20,6.65,78.9,36.5,28.2,21.07,Unsafe,AGRONOMIC_MULTIFACTOR_REFERENCE
PIT-060-S27,PIT-060,FARM-10,Lucerne Mix,40,6.75,79.7,37.4,28.1,20.26,Unsafe,AGRONOMIC_MULTIFACTOR_REFERENCE
PIT-060-S28,PIT-060,FARM-10,Lucerne Mix,60,6.47,76.3,36.1,27.8,23.73,Unsafe,AGRONOMIC_MULTIFACTOR_REFERENCE
PIT-060-S29,PIT-060,FARM-10,Lucerne Mix,20,6.68,79.6,38.4,27.2,20.45,Unsafe,AGRONOMIC_MULTIFACTOR_REFERENCE
PIT-060-S30,PIT-060,FARM-10,Lucerne Mix,20,6.43,81.3,35.7,27.1,18.72,Unsafe,AGRONOMIC_MULTIFACTOR_REFERENCE
PIT-060-S31,PIT-060,FARM-10,Lucerne Mix,40,6.54,78.5,38.1,28.0,21.48,Unsafe,AGRONOMIC_MULTIFACTOR_REFERENCE
PIT-060-S32,PIT-060,FARM-10,Lucerne Mix,80,6.58,80.1,35.1,26.7,19.85,Unsafe,AGRONOMIC_MULTIFACTOR_REFERENCE
PIT-060-S33,PIT-060,FARM-10,Lucerne Mix,60,6.81,79.3,34.8,27.2,20.72,Unsafe,AGRONOMIC_MULTIFACTOR_REFERENCE
PIT-060-S34,PIT-060,FARM-10,Lucerne Mix,80,6.46,75.0,34.7,27.9,24.98,Unsafe,AGRONOMIC_MULTIFACTOR_REFERENCE
PIT-060-S35,PIT-060,FARM-10,Lucerne Mix,20,6.42,81.3,35.3,26.7,18.68,Unsafe,AGRONOMIC_MULTIFACTOR_REFERENCE
PIT-060-S36,PIT-060,FARM-10,Lucerne Mix,20,6.78,77.4,35.6,26.3,22.57,Unsafe,AGRONOMIC_MULTIFACTOR_REFERENCE
PIT-060-S37,PIT-060,FARM-10,Lucerne Mix,40,6.72,77.1,37.1,27.9,22.87,Unsafe,AGRONOMIC_MULTIFACTOR_REFERENCE
PIT-060-S38,PIT-060,FARM-10,Lucerne Mix,80,6.27,81.4,35.6,28.2,18.6,Unsafe,AGRONOMIC_MULTIFACTOR_REFERENCE
PIT-060-S39,PIT-060,FARM-10,Lucerne Mix,20,6.76,82.0,36.1,27.6,17.99,Unsafe,AGRONOMIC_MULTIFACTOR_REFERENCE
PIT-060-S40,PIT-060,FARM-10,Lucerne Mix,20,6.49,79.9,36.6,28.0,20.11,Unsafe,AGRONOMIC_MULTIFACTOR_REFERENCE
